dataset,subject_id,sequence_id,split,frames,num_windows_25in25out_stride5,num_windows_25in75out_stride5
CMU,CMU:01,CMU/01/01_01_stageii.npz,val,2751,541,531
CMU,CMU:01,CMU/01/01_02_stageii.npz,val,4346,860,850
CMU,CMU:01,CMU/01/01_03_stageii.npz,val,4510,893,883
CMU,CMU:01,CMU/01/01_05_stageii.npz,val,4376,866,856
CMU,CMU:01,CMU/01/01_06_stageii.npz,val,5133,1017,1007
CMU,CMU:01,CMU/01/01_07_stageii.npz,val,4839,958,948
CMU,CMU:01,CMU/01/01_08_stageii.npz,val,2610,513,503
CMU,CMU:01,CMU/01/01_09_stageii.npz,val,4242,839,829
CMU,CMU:01,CMU/01/01_10_stageii.npz,val,3266,644,634
CMU,CMU:01,CMU/01/01_11_stageii.npz,val,4654,921,911
CMU,CMU:02,CMU/02/02_01_stageii.npz,val,343,59,49
CMU,CMU:02,CMU/02/02_02_stageii.npz,val,298,50,40
CMU,CMU:02,CMU/02/02_03_stageii.npz,val,173,25,15
CMU,CMU:02,CMU/02/02_04_stageii.npz,val,483,87,77
CMU,CMU:02,CMU/02/02_05_stageii.npz,val,1854,361,351
CMU,CMU:02,CMU/02/02_06_stageii.npz,val,2235,438,428
CMU,CMU:02,CMU/02/02_07_stageii.npz,val,2251,441,431
CMU,CMU:02,CMU/02/02_08_stageii.npz,val,1500,291,281
CMU,CMU:02,CMU/02/02_09_stageii.npz,val,1033,197,187
CMU,CMU:02,CMU/02/02_10_stageii.npz,val,2645,520,510
CMU,CMU:05,CMU/05/05_01_stageii.npz,train,598,110,100
CMU,CMU:05,CMU/05/05_02_stageii.npz,train,1123,215,205
CMU,CMU:05,CMU/05/05_03_stageii.npz,train,434,77,67
CMU,CMU:05,CMU/05/05_04_stageii.npz,train,1199,230,220
CMU,CMU:05,CMU/05/05_05_stageii.npz,train,915,174,164
CMU,CMU:05,CMU/05/05_06_stageii.npz,train,885,168,158
CMU,CMU:05,CMU/05/05_07_stageii.npz,train,1191,229,219
CMU,CMU:05,CMU/05/05_08_stageii.npz,train,721,135,125
CMU,CMU:05,CMU/05/05_09_stageii.npz,train,1143,219,209
CMU,CMU:05,CMU/05/05_10_stageii.npz,train,817,154,144
CMU,CMU:05,CMU/05/05_11_stageii.npz,train,591,109,99
CMU,CMU:05,CMU/05/05_12_stageii.npz,train,1354,261,251
CMU,CMU:05,CMU/05/05_13_stageii.npz,train,1095,210,200
CMU,CMU:05,CMU/05/05_14_stageii.npz,train,642,119,109
CMU,CMU:05,CMU/05/05_15_stageii.npz,train,540,99,89
CMU,CMU:05,CMU/05/05_16_stageii.npz,train,525,96,86
CMU,CMU:05,CMU/05/05_17_stageii.npz,train,1043,199,189
CMU,CMU:05,CMU/05/05_18_stageii.npz,train,1829,356,346
CMU,CMU:05,CMU/05/05_19_stageii.npz,train,860,163,153
CMU,CMU:05,CMU/05/05_20_stageii.npz,train,1095,210,200
CMU,CMU:06,CMU/06/06_01_stageii.npz,val,494,89,79
CMU,CMU:06,CMU/06/06_03_stageii.npz,val,527,96,86
CMU,CMU:06,CMU/06/06_04_stageii.npz,val,396,70,60
CMU,CMU:06,CMU/06/06_05_stageii.npz,val,385,68,58
CMU,CMU:06,CMU/06/06_06_stageii.npz,val,402,71,61
CMU,CMU:06,CMU/06/06_07_stageii.npz,val,576,106,96
CMU,CMU:06,CMU/06/06_08_stageii.npz,val,342,59,49
CMU,CMU:06,CMU/06/06_09_stageii.npz,val,301,51,41
CMU,CMU:06,CMU/06/06_10_stageii.npz,val,1113,213,203
CMU,CMU:06,CMU/06/06_11_stageii.npz,val,1146,220,210
CMU,CMU:06,CMU/06/06_12_stageii.npz,val,1222,235,225
CMU,CMU:06,CMU/06/06_13_stageii.npz,val,4905,972,962
CMU,CMU:06,CMU/06/06_14_stageii.npz,val,479,86,76
CMU,CMU:06,CMU/06/06_15_stageii.npz,val,545,100,90
CMU,CMU:07,CMU/07/07_01_stageii.npz,train,316,54,44
CMU,CMU:07,CMU/07/07_02_stageii.npz,train,329,56,46
CMU,CMU:07,CMU/07/07_03_stageii.npz,train,415,74,64
CMU,CMU:07,CMU/07/07_04_stageii.npz,train,449,80,70
CMU,CMU:07,CMU/07/07_05_stageii.npz,train,517,94,84
CMU,CMU:07,CMU/07/07_06_stageii.npz,train,417,74,64
CMU,CMU:07,CMU/07/07_07_stageii.npz,train,379,66,56
CMU,CMU:07,CMU/07/07_08_stageii.npz,train,362,63,53
CMU,CMU:07,CMU/07/07_09_stageii.npz,train,306,52,42
CMU,CMU:07,CMU/07/07_10_stageii.npz,train,301,51,41
CMU,CMU:07,CMU/07/07_11_stageii.npz,train,315,54,44
CMU,CMU:07,CMU/07/07_12_stageii.npz,train,263,43,33
CMU,CMU:08,CMU/08/08_01_stageii.npz,train,277,46,36
CMU,CMU:08,CMU/08/08_02_stageii.npz,train,309,52,42
CMU,CMU:08,CMU/08/08_03_stageii.npz,train,353,61,51
CMU,CMU:08,CMU/08/08_04_stageii.npz,train,484,87,77
CMU,CMU:08,CMU/08/08_05_stageii.npz,train,298,50,40
CMU,CMU:08,CMU/08/08_06_stageii.npz,train,296,50,40
CMU,CMU:08,CMU/08/08_07_stageii.npz,train,302,51,41
CMU,CMU:08,CMU/08/08_08_stageii.npz,train,283,47,37
CMU,CMU:08,CMU/08/08_09_stageii.npz,train,293,49,39
CMU,CMU:08,CMU/08/08_11_stageii.npz,train,375,66,56
CMU,CMU:09,CMU/09/09_01_stageii.npz,test,148,20,10
CMU,CMU:09,CMU/09/09_02_stageii.npz,test,130,17,7
CMU,CMU:09,CMU/09/09_03_stageii.npz,test,128,16,6
CMU,CMU:09,CMU/09/09_04_stageii.npz,test,137,18,8
CMU,CMU:09,CMU/09/09_05_stageii.npz,test,143,19,9
CMU,CMU:09,CMU/09/09_06_stageii.npz,test,141,19,9
CMU,CMU:09,CMU/09/09_07_stageii.npz,test,138,18,8
CMU,CMU:09,CMU/09/09_08_stageii.npz,test,128,16,6
CMU,CMU:09,CMU/09/09_09_stageii.npz,test,152,21,11
CMU,CMU:09,CMU/09/09_10_stageii.npz,test,132,17,7
CMU,CMU:09,CMU/09/09_11_stageii.npz,test,165,24,14
CMU,CMU:09,CMU/09/09_12_stageii.npz,test,1918,374,364
CMU,CMU:10,CMU/10/10_01_stageii.npz,test,801,151,141
CMU,CMU:10,CMU/10/10_02_stageii.npz,test,590,109,99
CMU,CMU:10,CMU/10/10_03_stageii.npz,test,362,63,53
CMU,CMU:10,CMU/10/10_04_stageii.npz,test,549,100,90
CMU,CMU:10,CMU/10/10_05_stageii.npz,test,436,78,68
CMU,CMU:102,CMU/102/102_01_stageii.npz,val,277,46,36
CMU,CMU:102,CMU/102/102_02_stageii.npz,val,174,25,15
CMU,CMU:102,CMU/102/102_04_stageii.npz,val,167,24,14
CMU,CMU:102,CMU/102/102_05_stageii.npz,val,109,12,2
CMU,CMU:102,CMU/102/102_06_stageii.npz,val,141,19,9
CMU,CMU:102,CMU/102/102_07_stageii.npz,val,112,13,3
CMU,CMU:102,CMU/102/102_08_stageii.npz,val,140,19,9
CMU,CMU:102,CMU/102/102_10_stageii.npz,val,97,10,0
CMU,CMU:102,CMU/102/102_11_stageii.npz,val,174,25,15
CMU,CMU:102,CMU/102/102_12_stageii.npz,val,171,25,15
CMU,CMU:102,CMU/102/102_13_stageii.npz,val,152,21,11
CMU,CMU:102,CMU/102/102_14_stageii.npz,val,196,30,20
CMU,CMU:102,CMU/102/102_16_stageii.npz,val,213,33,23
CMU,CMU:102,CMU/102/102_17_stageii.npz,val,176,26,16
CMU,CMU:102,CMU/102/102_18_stageii.npz,val,230,37,27
CMU,CMU:102,CMU/102/102_19_stageii.npz,val,226,36,26
CMU,CMU:102,CMU/102/102_20_stageii.npz,val,606,112,102
CMU,CMU:102,CMU/102/102_21_stageii.npz,val,519,94,84
CMU,CMU:102,CMU/102/102_22_stageii.npz,val,246,40,30
CMU,CMU:102,CMU/102/102_23_stageii.npz,val,356,62,52
CMU,CMU:102,CMU/102/102_24_stageii.npz,val,326,56,46
CMU,CMU:102,CMU/102/102_25_stageii.npz,val,296,50,40
CMU,CMU:102,CMU/102/102_26_stageii.npz,val,448,80,70
CMU,CMU:102,CMU/102/102_27_stageii.npz,val,171,25,15
CMU,CMU:102,CMU/102/102_28_stageii.npz,val,703,131,121
CMU,CMU:102,CMU/102/102_29_stageii.npz,val,798,150,140
CMU,CMU:102,CMU/102/102_30_stageii.npz,val,214,33,23
CMU,CMU:102,CMU/102/102_31_stageii.npz,val,229,36,26
CMU,CMU:102,CMU/102/102_32_stageii.npz,val,305,52,42
CMU,CMU:102,CMU/102/102_33_stageii.npz,val,220,35,25
CMU,CMU:103,CMU/103/103_02_stageii.npz,val,1492,289,279
CMU,CMU:103,CMU/103/103_03_stageii.npz,val,442,79,69
CMU,CMU:103,CMU/103/103_04_stageii.npz,val,506,92,82
CMU,CMU:103,CMU/103/103_05_stageii.npz,val,546,100,90
CMU,CMU:103,CMU/103/103_06_stageii.npz,val,402,71,61
CMU,CMU:103,CMU/103/103_07_stageii.npz,val,236,38,28
CMU,CMU:103,CMU/103/103_08_stageii.npz,val,557,102,92
CMU,CMU:105,CMU/105/105_01_stageii.npz,train,2737,538,528
CMU,CMU:105,CMU/105/105_02_stageii.npz,train,1748,340,330
CMU,CMU:105,CMU/105/105_03_stageii.npz,train,1865,364,354
CMU,CMU:105,CMU/105/105_04_stageii.npz,train,2162,423,413
CMU,CMU:105,CMU/105/105_05_stageii.npz,train,2700,531,521
CMU,CMU:105,CMU/105/105_06_stageii.npz,train,136,18,8
CMU,CMU:105,CMU/105/105_07_stageii.npz,train,2582,507,497
CMU,CMU:105,CMU/105/105_08_stageii.npz,train,3972,785,775
CMU,CMU:105,CMU/105/105_09_stageii.npz,train,5402,1071,1061
CMU,CMU:105,CMU/105/105_10_stageii.npz,train,3175,626,616
CMU,CMU:105,CMU/105/105_11_stageii.npz,train,1863,363,353
CMU,CMU:105,CMU/105/105_12_stageii.npz,train,2222,435,425
CMU,CMU:105,CMU/105/105_13_stageii.npz,train,2960,583,573
CMU,CMU:105,CMU/105/105_14_stageii.npz,train,2769,544,534
CMU,CMU:105,CMU/105/105_15_stageii.npz,train,3090,609,599
CMU,CMU:105,CMU/105/105_16_stageii.npz,train,1892,369,359
CMU,CMU:105,CMU/105/105_17_stageii.npz,train,1520,295,285
CMU,CMU:105,CMU/105/105_18_stageii.npz,train,3363,663,653
CMU,CMU:105,CMU/105/105_19_stageii.npz,train,1885,368,358
CMU,CMU:105,CMU/105/105_20_stageii.npz,train,2774,545,535
CMU,CMU:105,CMU/105/105_21_stageii.npz,train,3870,765,755
CMU,CMU:105,CMU/105/105_22_stageii.npz,train,2106,412,402
CMU,CMU:105,CMU/105/105_23_stageii.npz,train,2668,524,514
CMU,CMU:105,CMU/105/105_24_stageii.npz,train,3804,751,741
CMU,CMU:105,CMU/105/105_25_stageii.npz,train,3137,618,608
CMU,CMU:105,CMU/105/105_26_stageii.npz,train,2082,407,397
CMU,CMU:105,CMU/105/105_27_stageii.npz,train,2894,569,559
CMU,CMU:105,CMU/105/105_28_stageii.npz,train,3307,652,642
CMU,CMU:105,CMU/105/105_29_stageii.npz,train,2181,427,417
CMU,CMU:105,CMU/105/105_30_stageii.npz,train,3139,618,608
CMU,CMU:105,CMU/105/105_31_stageii.npz,train,1992,389,379
CMU,CMU:105,CMU/105/105_33_stageii.npz,train,2698,530,520
CMU,CMU:105,CMU/105/105_34_stageii.npz,train,2208,432,422
CMU,CMU:105,CMU/105/105_35_stageii.npz,train,3052,601,591
CMU,CMU:105,CMU/105/105_36_stageii.npz,train,887,168,158
CMU,CMU:105,CMU/105/105_37_stageii.npz,train,315,54,44
CMU,CMU:105,CMU/105/105_38_stageii.npz,train,458,82,72
CMU,CMU:105,CMU/105/105_39_stageii.npz,train,446,80,70
CMU,CMU:105,CMU/105/105_40_stageii.npz,train,469,84,74
CMU,CMU:105,CMU/105/105_41_stageii.npz,train,503,91,81
CMU,CMU:105,CMU/105/105_42_stageii.npz,train,560,103,93
CMU,CMU:105,CMU/105/105_43_stageii.npz,train,227,36,26
CMU,CMU:105,CMU/105/105_44_stageii.npz,train,338,58,48
CMU,CMU:105,CMU/105/105_45_stageii.npz,train,371,65,55
CMU,CMU:105,CMU/105/105_46_stageii.npz,train,322,55,45
CMU,CMU:105,CMU/105/105_47_stageii.npz,train,469,84,74
CMU,CMU:105,CMU/105/105_48_stageii.npz,train,440,79,69
CMU,CMU:105,CMU/105/105_50_stageii.npz,train,663,123,113
CMU,CMU:105,CMU/105/105_51_stageii.npz,train,484,87,77
CMU,CMU:105,CMU/105/105_52_stageii.npz,train,509,92,82
CMU,CMU:105,CMU/105/105_53_stageii.npz,train,555,102,92
CMU,CMU:105,CMU/105/105_54_stageii.npz,train,678,126,116
CMU,CMU:105,CMU/105/105_55_stageii.npz,train,467,84,74
CMU,CMU:105,CMU/105/105_56_stageii.npz,train,500,91,81
CMU,CMU:105,CMU/105/105_57_stageii.npz,train,1177,226,216
CMU,CMU:105,CMU/105/105_58_stageii.npz,train,493,89,79
CMU,CMU:105,CMU/105/105_59_stageii.npz,train,312,53,43
CMU,CMU:105,CMU/105/105_60_stageii.npz,train,367,64,54
CMU,CMU:105,CMU/105/105_61_stageii.npz,train,362,63,53
CMU,CMU:105,CMU/105/105_62_stageii.npz,train,1849,360,350
CMU,CMU:106,CMU/106/106_01_stageii.npz,val,74,5,0
CMU,CMU:106,CMU/106/106_02_stageii.npz,val,112,13,3
CMU,CMU:106,CMU/106/106_03_stageii.npz,val,230,37,27
CMU,CMU:106,CMU/106/106_04_stageii.npz,val,547,100,90
CMU,CMU:106,CMU/106/106_05_stageii.npz,val,230,37,27
CMU,CMU:106,CMU/106/106_06_stageii.npz,val,651,121,111
CMU,CMU:106,CMU/106/106_07_stageii.npz,val,298,50,40
CMU,CMU:106,CMU/106/106_08_stageii.npz,val,331,57,47
CMU,CMU:106,CMU/106/106_09_stageii.npz,val,234,37,27
CMU,CMU:106,CMU/106/106_10_stageii.npz,val,507,92,82
CMU,CMU:106,CMU/106/106_11_stageii.npz,val,686,128,118
CMU,CMU:106,CMU/106/106_12_stageii.npz,val,568,104,94
CMU,CMU:106,CMU/106/106_13_stageii.npz,val,368,64,54
CMU,CMU:106,CMU/106/106_14_stageii.npz,val,577,106,96
CMU,CMU:106,CMU/106/106_15_stageii.npz,val,1165,224,214
CMU,CMU:106,CMU/106/106_16_stageii.npz,val,299,50,40
CMU,CMU:106,CMU/106/106_17_stageii.npz,val,561,103,93
CMU,CMU:106,CMU/106/106_18_stageii.npz,val,388,68,58
CMU,CMU:106,CMU/106/106_19_stageii.npz,val,1193,229,219
CMU,CMU:106,CMU/106/106_20_stageii.npz,val,763,143,133
CMU,CMU:106,CMU/106/106_21_stageii.npz,val,272,45,35
CMU,CMU:106,CMU/106/106_22_stageii.npz,val,198,30,20
CMU,CMU:106,CMU/106/106_23_stageii.npz,val,256,42,32
CMU,CMU:106,CMU/106/106_24_stageii.npz,val,260,43,33
CMU,CMU:106,CMU/106/106_25_stageii.npz,val,614,113,103
CMU,CMU:106,CMU/106/106_26_stageii.npz,val,398,70,60
CMU,CMU:106,CMU/106/106_27_stageii.npz,val,555,102,92
CMU,CMU:106,CMU/106/106_28_stageii.npz,val,355,62,52
CMU,CMU:106,CMU/106/106_29_stageii.npz,val,1166,224,214
CMU,CMU:106,CMU/106/106_30_stageii.npz,val,721,135,125
CMU,CMU:106,CMU/106/106_31_stageii.npz,val,671,125,115
CMU,CMU:106,CMU/106/106_32_stageii.npz,val,888,168,158
CMU,CMU:106,CMU/106/106_33_stageii.npz,val,1059,202,192
CMU,CMU:106,CMU/106/106_34_stageii.npz,val,314,53,43
CMU,CMU:107,CMU/107/107_01_stageii.npz,train,531,97,87
CMU,CMU:107,CMU/107/107_02_stageii.npz,train,688,128,118
CMU,CMU:107,CMU/107/107_03_stageii.npz,train,513,93,83
CMU,CMU:107,CMU/107/107_04_stageii.npz,train,436,78,68
CMU,CMU:107,CMU/107/107_05_stageii.npz,train,432,77,67
CMU,CMU:107,CMU/107/107_06_stageii.npz,train,369,64,54
CMU,CMU:107,CMU/107/107_07_stageii.npz,train,515,94,84
CMU,CMU:107,CMU/107/107_08_stageii.npz,train,828,156,146
CMU,CMU:107,CMU/107/107_09_stageii.npz,train,626,116,106
CMU,CMU:107,CMU/107/107_10_stageii.npz,train,569,104,94
CMU,CMU:107,CMU/107/107_11_stageii.npz,train,600,111,101
CMU,CMU:107,CMU/107/107_12_stageii.npz,train,255,42,32
CMU,CMU:107,CMU/107/107_13_stageii.npz,train,215,34,24
CMU,CMU:107,CMU/107/107_14_stageii.npz,train,442,79,69
CMU,CMU:108,CMU/108/108_01_stageii.npz,train,723,135,125
CMU,CMU:108,CMU/108/108_02_stageii.npz,train,1144,219,209
CMU,CMU:108,CMU/108/108_03_stageii.npz,train,1227,236,226
CMU,CMU:108,CMU/108/108_04_stageii.npz,train,184,27,17
CMU,CMU:108,CMU/108/108_05_stageii.npz,train,183,27,17
CMU,CMU:108,CMU/108/108_06_stageii.npz,train,189,28,18
CMU,CMU:108,CMU/108/108_07_stageii.npz,train,223,35,25
CMU,CMU:108,CMU/108/108_08_stageii.npz,train,225,36,26
CMU,CMU:108,CMU/108/108_09_stageii.npz,train,251,41,31
CMU,CMU:108,CMU/108/108_10_stageii.npz,train,238,38,28
CMU,CMU:108,CMU/108/108_11_stageii.npz,train,244,39,29
CMU,CMU:108,CMU/108/108_12_stageii.npz,train,137,18,8
CMU,CMU:108,CMU/108/108_13_stageii.npz,train,156,22,12
CMU,CMU:108,CMU/108/108_14_stageii.npz,train,176,26,16
CMU,CMU:108,CMU/108/108_15_stageii.npz,train,356,62,52
CMU,CMU:108,CMU/108/108_16_stageii.npz,train,353,61,51
CMU,CMU:108,CMU/108/108_17_stageii.npz,train,231,37,27
CMU,CMU:108,CMU/108/108_18_stageii.npz,train,246,40,30
CMU,CMU:108,CMU/108/108_19_stageii.npz,train,255,42,32
CMU,CMU:108,CMU/108/108_20_stageii.npz,train,279,46,36
CMU,CMU:108,CMU/108/108_21_stageii.npz,train,496,90,80
CMU,CMU:108,CMU/108/108_22_stageii.npz,train,462,83,73
CMU,CMU:108,CMU/108/108_23_stageii.npz,train,664,123,113
CMU,CMU:108,CMU/108/108_24_stageii.npz,train,531,97,87
CMU,CMU:108,CMU/108/108_25_stageii.npz,train,611,113,103
CMU,CMU:108,CMU/108/108_26_stageii.npz,train,553,101,91
CMU,CMU:108,CMU/108/108_27_stageii.npz,train,419,74,64
CMU,CMU:108,CMU/108/108_28_stageii.npz,train,363,63,53
CMU,CMU:11,CMU/11/11_01_stageii.npz,train,597,110,100
CMU,CMU:111,CMU/111/111_01_stageii.npz,train,999,190,180
CMU,CMU:111,CMU/111/111_02_stageii.npz,train,423,75,65
CMU,CMU:111,CMU/111/111_03_stageii.npz,train,1524,295,285
CMU,CMU:111,CMU/111/111_04_stageii.npz,train,727,136,126
CMU,CMU:111,CMU/111/111_05_stageii.npz,train,926,176,166
CMU,CMU:111,CMU/111/111_06_stageii.npz,train,1524,295,285
CMU,CMU:111,CMU/111/111_07_stageii.npz,train,1973,385,375
CMU,CMU:111,CMU/111/111_08_stageii.npz,train,1534,297,287
CMU,CMU:111,CMU/111/111_09_stageii.npz,train,785,148,138
CMU,CMU:111,CMU/111/111_10_stageii.npz,train,449,80,70
CMU,CMU:111,CMU/111/111_11_stageii.npz,train,572,105,95
CMU,CMU:111,CMU/111/111_13_stageii.npz,train,1281,247,237
CMU,CMU:111,CMU/111/111_14_stageii.npz,train,1288,248,238
CMU,CMU:111,CMU/111/111_15_stageii.npz,train,269,44,34
CMU,CMU:111,CMU/111/111_17_stageii.npz,train,564,103,93
CMU,CMU:111,CMU/111/111_18_stageii.npz,train,541,99,89
CMU,CMU:111,CMU/111/111_19_stageii.npz,train,1024,195,185
CMU,CMU:111,CMU/111/111_20_stageii.npz,train,1059,202,192
CMU,CMU:111,CMU/111/111_21_stageii.npz,train,2275,446,436
CMU,CMU:111,CMU/111/111_23_stageii.npz,train,1129,216,206
CMU,CMU:111,CMU/111/111_24_stageii.npz,train,862,163,153
CMU,CMU:111,CMU/111/111_25_stageii.npz,train,291,49,39
CMU,CMU:111,CMU/111/111_26_stageii.npz,train,2721,535,525
CMU,CMU:111,CMU/111/111_27_stageii.npz,train,1452,281,271
CMU,CMU:111,CMU/111/111_28_stageii.npz,train,1907,372,362
CMU,CMU:111,CMU/111/111_29_stageii.npz,train,545,100,90
CMU,CMU:111,CMU/111/111_30_stageii.npz,train,462,83,73
CMU,CMU:111,CMU/111/111_31_stageii.npz,train,2247,440,430
CMU,CMU:111,CMU/111/111_32_stageii.npz,train,748,140,130
CMU,CMU:111,CMU/111/111_33_stageii.npz,train,2069,404,394
CMU,CMU:111,CMU/111/111_34_stageii.npz,train,1837,358,348
CMU,CMU:111,CMU/111/111_35_stageii.npz,train,1503,291,281
CMU,CMU:111,CMU/111/111_36_stageii.npz,train,1465,284,274
CMU,CMU:111,CMU/111/111_37_stageii.npz,train,324,55,45
CMU,CMU:111,CMU/111/111_38_stageii.npz,train,2640,519,509
CMU,CMU:111,CMU/111/111_39_stageii.npz,train,4094,809,799
CMU,CMU:111,CMU/111/111_40_stageii.npz,train,307,52,42
CMU,CMU:111,CMU/111/111_41_stageii.npz,train,3697,730,720
CMU,CMU:113,CMU/113/113_01_stageii.npz,test,835,158,148
CMU,CMU:113,CMU/113/113_02_stageii.npz,test,529,96,86
CMU,CMU:113,CMU/113/113_03_stageii.npz,test,485,88,78
CMU,CMU:113,CMU/113/113_04_stageii.npz,test,970,185,175
CMU,CMU:113,CMU/113/113_05_stageii.npz,test,2660,523,513
CMU,CMU:113,CMU/113/113_06_stageii.npz,test,2026,396,386
CMU,CMU:113,CMU/113/113_07_stageii.npz,test,582,107,97
CMU,CMU:113,CMU/113/113_08_stageii.npz,test,1845,360,350
CMU,CMU:113,CMU/113/113_09_stageii.npz,test,1198,230,220
CMU,CMU:113,CMU/113/113_10_stageii.npz,test,1334,257,247
CMU,CMU:113,CMU/113/113_11_stageii.npz,test,278,46,36
CMU,CMU:113,CMU/113/113_12_stageii.npz,test,397,70,60
CMU,CMU:113,CMU/113/113_13_stageii.npz,test,1343,259,249
CMU,CMU:113,CMU/113/113_14_stageii.npz,test,1012,193,183
CMU,CMU:113,CMU/113/113_15_stageii.npz,test,953,181,171
CMU,CMU:113,CMU/113/113_16_stageii.npz,test,699,130,120
CMU,CMU:113,CMU/113/113_17_stageii.npz,test,1854,361,351
CMU,CMU:113,CMU/113/113_18_stageii.npz,test,2196,430,420
CMU,CMU:113,CMU/113/113_19_stageii.npz,test,803,151,141
CMU,CMU:113,CMU/113/113_20_stageii.npz,test,1448,280,270
CMU,CMU:113,CMU/113/113_21_stageii.npz,test,1367,264,254
CMU,CMU:113,CMU/113/113_22_stageii.npz,test,1193,229,219
CMU,CMU:113,CMU/113/113_23_stageii.npz,test,1010,193,183
CMU,CMU:113,CMU/113/113_24_stageii.npz,test,1105,212,202
CMU,CMU:113,CMU/113/113_25_stageii.npz,test,689,128,118
CMU,CMU:113,CMU/113/113_26_stageii.npz,test,1316,254,244
CMU,CMU:113,CMU/113/113_27_stageii.npz,test,357,62,52
CMU,CMU:113,CMU/113/113_28_stageii.npz,test,5153,1021,1011
CMU,CMU:113,CMU/113/113_29_stageii.npz,test,4318,854,844
CMU,CMU:114,CMU/114/114_01_stageii.npz,test,321,55,45
CMU,CMU:114,CMU/114/114_02_stageii.npz,test,1742,339,329
CMU,CMU:114,CMU/114/114_03_stageii.npz,test,3811,753,743
CMU,CMU:114,CMU/114/114_04_stageii.npz,test,895,170,160
CMU,CMU:114,CMU/114/114_05_stageii.npz,test,2724,535,525
CMU,CMU:114,CMU/114/114_06_stageii.npz,test,1023,195,185
CMU,CMU:114,CMU/114/114_07_stageii.npz,test,1619,314,304
CMU,CMU:114,CMU/114/114_08_stageii.npz,test,1608,312,302
CMU,CMU:114,CMU/114/114_09_stageii.npz,test,2277,446,436
CMU,CMU:114,CMU/114/114_10_stageii.npz,test,8058,1602,1592
CMU,CMU:114,CMU/114/114_11_stageii.npz,test,3482,687,677
CMU,CMU:114,CMU/114/114_12_stageii.npz,test,1122,215,205
CMU,CMU:114,CMU/114/114_13_stageii.npz,test,3132,617,607
CMU,CMU:114,CMU/114/114_14_stageii.npz,test,5854,1161,1151
CMU,CMU:114,CMU/114/114_15_stageii.npz,test,1384,267,257
CMU,CMU:114,CMU/114/114_16_stageii.npz,test,1729,336,326
CMU,CMU:115,CMU/115/115_01_stageii.npz,test,469,84,74
CMU,CMU:115,CMU/115/115_02_stageii.npz,test,400,71,61
CMU,CMU:115,CMU/115/115_03_stageii.npz,test,452,81,71
CMU,CMU:115,CMU/115/115_04_stageii.npz,test,381,67,57
CMU,CMU:115,CMU/115/115_05_stageii.npz,test,585,108,98
CMU,CMU:115,CMU/115/115_06_stageii.npz,test,357,62,52
CMU,CMU:115,CMU/115/115_07_stageii.npz,test,416,74,64
CMU,CMU:115,CMU/115/115_08_stageii.npz,test,486,88,78
CMU,CMU:115,CMU/115/115_09_stageii.npz,test,399,70,60
CMU,CMU:115,CMU/115/115_10_stageii.npz,test,366,64,54
CMU,CMU:118,CMU/118/118_01_stageii.npz,train,714,133,123
CMU,CMU:118,CMU/118/118_02_stageii.npz,train,685,128,118
CMU,CMU:118,CMU/118/118_03_stageii.npz,train,497,90,80
CMU,CMU:118,CMU/118/118_04_stageii.npz,train,645,120,110
CMU,CMU:118,CMU/118/118_05_stageii.npz,train,708,132,122
CMU,CMU:118,CMU/118/118_06_stageii.npz,train,543,99,89
CMU,CMU:118,CMU/118/118_07_stageii.npz,train,696,130,120
CMU,CMU:118,CMU/118/118_08_stageii.npz,train,643,119,109
CMU,CMU:118,CMU/118/118_09_stageii.npz,train,480,87,77
CMU,CMU:118,CMU/118/118_10_stageii.npz,train,523,95,85
CMU,CMU:118,CMU/118/118_11_stageii.npz,train,691,129,119
CMU,CMU:118,CMU/118/118_12_stageii.npz,train,707,132,122
CMU,CMU:118,CMU/118/118_13_stageii.npz,train,681,127,117
CMU,CMU:118,CMU/118/118_14_stageii.npz,train,766,144,134
CMU,CMU:118,CMU/118/118_15_stageii.npz,train,640,119,109
CMU,CMU:118,CMU/118/118_16_stageii.npz,train,662,123,113
CMU,CMU:118,CMU/118/118_17_stageii.npz,train,646,120,110
CMU,CMU:118,CMU/118/118_18_stageii.npz,train,592,109,99
CMU,CMU:118,CMU/118/118_19_stageii.npz,train,612,113,103
CMU,CMU:118,CMU/118/118_20_stageii.npz,train,558,102,92
CMU,CMU:118,CMU/118/118_21_stageii.npz,train,754,141,131
CMU,CMU:118,CMU/118/118_22_stageii.npz,train,648,120,110
CMU,CMU:118,CMU/118/118_23_stageii.npz,train,654,121,111
CMU,CMU:118,CMU/118/118_24_stageii.npz,train,709,132,122
CMU,CMU:118,CMU/118/118_25_stageii.npz,train,586,108,98
CMU,CMU:118,CMU/118/118_26_stageii.npz,train,651,121,111
CMU,CMU:118,CMU/118/118_27_stageii.npz,train,653,121,111
CMU,CMU:118,CMU/118/118_28_stageii.npz,train,697,130,120
CMU,CMU:118,CMU/118/118_29_stageii.npz,train,583,107,97
CMU,CMU:118,CMU/118/118_30_stageii.npz,train,825,156,146
CMU,CMU:118,CMU/118/118_31_stageii.npz,train,208,32,22
CMU,CMU:118,CMU/118/118_32_stageii.npz,train,1877,366,356
CMU,CMU:12,CMU/12/12_01_stageii.npz,val,523,95,85
CMU,CMU:12,CMU/12/12_02_stageii.npz,val,673,125,115
CMU,CMU:12,CMU/12/12_03_stageii.npz,val,565,104,94
CMU,CMU:12,CMU/12/12_04_stageii.npz,val,17799,3550,3540
CMU,CMU:120,CMU/120/120_01_stageii.npz,train,1221,235,225
CMU,CMU:120,CMU/120/120_02_stageii.npz,train,1426,276,266
CMU,CMU:120,CMU/120/120_03_stageii.npz,train,1515,294,284
CMU,CMU:120,CMU/120/120_04_stageii.npz,train,6503,1291,1281
CMU,CMU:120,CMU/120/120_05_stageii.npz,train,1353,261,251
CMU,CMU:120,CMU/120/120_06_stageii.npz,train,1433,277,267
CMU,CMU:120,CMU/120/120_07_stageii.npz,train,1113,213,203
CMU,CMU:120,CMU/120/120_08_stageii.npz,train,1202,231,221
CMU,CMU:120,CMU/120/120_09_stageii.npz,train,1277,246,236
CMU,CMU:120,CMU/120/120_11_stageii.npz,train,1240,239,229
CMU,CMU:120,CMU/120/120_12_stageii.npz,train,1045,200,190
CMU,CMU:120,CMU/120/120_13_stageii.npz,train,1001,191,181
CMU,CMU:120,CMU/120/120_14_stageii.npz,train,1283,247,237
CMU,CMU:120,CMU/120/120_15_stageii.npz,train,1470,285,275
CMU,CMU:120,CMU/120/120_16_stageii.npz,train,1516,294,284
CMU,CMU:120,CMU/120/120_18_stageii.npz,train,1368,264,254
CMU,CMU:120,CMU/120/120_19_stageii.npz,train,12792,2549,2539
CMU,CMU:120,CMU/120/120_20_stageii.npz,train,10735,2138,2128
CMU,CMU:120,CMU/120/120_21_stageii.npz,train,3113,613,603
CMU,CMU:120,CMU/120/120_22_stageii.npz,train,1324,255,245
CMU,CMU:122,CMU/122/122_01_stageii.npz,train,633,117,107
CMU,CMU:122,CMU/122/122_02_stageii.npz,train,364,63,53
CMU,CMU:122,CMU/122/122_03_stageii.npz,train,669,124,114
CMU,CMU:122,CMU/122/122_04_stageii.npz,train,467,84,74
CMU,CMU:122,CMU/122/122_05_stageii.npz,train,486,88,78
CMU,CMU:122,CMU/122/122_06_stageii.npz,train,401,71,61
CMU,CMU:122,CMU/122/122_07_stageii.npz,train,422,75,65
CMU,CMU:122,CMU/122/122_08_stageii.npz,train,462,83,73
CMU,CMU:122,CMU/122/122_09_stageii.npz,train,451,81,71
CMU,CMU:122,CMU/122/122_10_stageii.npz,train,479,86,76
CMU,CMU:122,CMU/122/122_11_stageii.npz,train,99,10,0
CMU,CMU:122,CMU/122/122_12_stageii.npz,train,508,92,82
CMU,CMU:122,CMU/122/122_13_stageii.npz,train,507,92,82
CMU,CMU:122,CMU/122/122_14_stageii.npz,train,429,76,66
CMU,CMU:122,CMU/122/122_15_stageii.npz,train,522,95,85
CMU,CMU:122,CMU/122/122_16_stageii.npz,train,510,93,83
CMU,CMU:122,CMU/122/122_17_stageii.npz,train,524,95,85
CMU,CMU:122,CMU/122/122_18_stageii.npz,train,466,84,74
CMU,CMU:122,CMU/122/122_19_stageii.npz,train,509,92,82
CMU,CMU:122,CMU/122/122_20_stageii.npz,train,524,95,85
CMU,CMU:122,CMU/122/122_21_stageii.npz,train,519,94,84
CMU,CMU:122,CMU/122/122_22_stageii.npz,train,5371,1065,1055
CMU,CMU:122,CMU/122/122_23_stageii.npz,train,542,99,89
CMU,CMU:122,CMU/122/122_24_stageii.npz,train,532,97,87
CMU,CMU:122,CMU/122/122_25_stageii.npz,train,541,99,89
CMU,CMU:122,CMU/122/122_26_stageii.npz,train,522,95,85
CMU,CMU:122,CMU/122/122_27_stageii.npz,train,983,187,177
CMU,CMU:122,CMU/122/122_28_stageii.npz,train,931,177,167
CMU,CMU:122,CMU/122/122_29_stageii.npz,train,947,180,170
CMU,CMU:122,CMU/122/122_30_stageii.npz,train,1009,192,182
CMU,CMU:122,CMU/122/122_31_stageii.npz,train,935,178,168
CMU,CMU:122,CMU/122/122_32_stageii.npz,train,1041,199,189
CMU,CMU:122,CMU/122/122_33_stageii.npz,train,1291,249,239
CMU,CMU:122,CMU/122/122_34_stageii.npz,train,967,184,174
CMU,CMU:122,CMU/122/122_35_stageii.npz,train,1048,200,190
CMU,CMU:122,CMU/122/122_36_stageii.npz,train,1062,203,193
CMU,CMU:122,CMU/122/122_37_stageii.npz,train,958,182,172
CMU,CMU:122,CMU/122/122_38_stageii.npz,train,1006,192,182
CMU,CMU:122,CMU/122/122_39_stageii.npz,train,971,185,175
CMU,CMU:122,CMU/122/122_40_stageii.npz,train,530,97,87
CMU,CMU:122,CMU/122/122_41_stageii.npz,train,470,85,75
CMU,CMU:122,CMU/122/122_42_stageii.npz,train,540,99,89
CMU,CMU:122,CMU/122/122_43_stageii.npz,train,597,110,100
CMU,CMU:122,CMU/122/122_44_stageii.npz,train,661,123,113
CMU,CMU:122,CMU/122/122_45_stageii.npz,train,495,90,80
CMU,CMU:122,CMU/122/122_46_stageii.npz,train,501,91,81
CMU,CMU:122,CMU/122/122_47_stageii.npz,train,622,115,105
CMU,CMU:122,CMU/122/122_48_stageii.npz,train,445,80,70
CMU,CMU:122,CMU/122/122_49_stageii.npz,train,456,82,72
CMU,CMU:122,CMU/122/122_50_stageii.npz,train,528,96,86
CMU,CMU:122,CMU/122/122_51_stageii.npz,train,591,109,99
CMU,CMU:122,CMU/122/122_52_stageii.npz,train,508,92,82
CMU,CMU:122,CMU/122/122_53_stageii.npz,train,539,98,88
CMU,CMU:122,CMU/122/122_54_stageii.npz,train,420,75,65
CMU,CMU:122,CMU/122/122_55_stageii.npz,train,736,138,128
CMU,CMU:122,CMU/122/122_56_stageii.npz,train,501,91,81
CMU,CMU:122,CMU/122/122_57_stageii.npz,train,409,72,62
CMU,CMU:122,CMU/122/122_58_stageii.npz,train,364,63,53
CMU,CMU:122,CMU/122/122_59_stageii.npz,train,602,111,101
CMU,CMU:122,CMU/122/122_60_stageii.npz,train,406,72,62
CMU,CMU:122,CMU/122/122_61_stageii.npz,train,503,91,81
CMU,CMU:122,CMU/122/122_62_stageii.npz,train,474,85,75
CMU,CMU:122,CMU/122/122_63_stageii.npz,train,685,128,118
CMU,CMU:122,CMU/122/122_64_stageii.npz,train,578,106,96
CMU,CMU:122,CMU/122/122_65_stageii.npz,train,401,71,61
CMU,CMU:122,CMU/122/122_66_stageii.npz,train,672,125,115
CMU,CMU:122,CMU/122/122_67_stageii.npz,train,675,126,116
CMU,CMU:122,CMU/122/122_68_stageii.npz,train,660,123,113
CMU,CMU:123,CMU/123/123_01_stageii.npz,test,715,134,124
CMU,CMU:123,CMU/123/123_02_stageii.npz,test,759,142,132
CMU,CMU:123,CMU/123/123_03_stageii.npz,test,1853,361,351
CMU,CMU:123,CMU/123/123_04_stageii.npz,test,1669,324,314
CMU,CMU:123,CMU/123/123_05_stageii.npz,test,904,171,161
CMU,CMU:123,CMU/123/123_06_stageii.npz,test,835,158,148
CMU,CMU:123,CMU/123/123_07_stageii.npz,test,1560,303,293
CMU,CMU:123,CMU/123/123_08_stageii.npz,test,854,161,151
CMU,CMU:123,CMU/123/123_09_stageii.npz,test,840,159,149
CMU,CMU:123,CMU/123/123_10_stageii.npz,test,799,150,140
CMU,CMU:123,CMU/123/123_11_stageii.npz,test,627,116,106
CMU,CMU:123,CMU/123/123_12_stageii.npz,test,796,150,140
CMU,CMU:123,CMU/123/123_13_stageii.npz,test,673,125,115
CMU,CMU:124,CMU/124/124_01_stageii.npz,val,643,119,109
CMU,CMU:124,CMU/124/124_03_stageii.npz,val,961,183,173
CMU,CMU:124,CMU/124/124_04_stageii.npz,val,726,136,126
CMU,CMU:124,CMU/124/124_06_stageii.npz,val,694,129,119
CMU,CMU:124,CMU/124/124_07_stageii.npz,val,1297,250,240
CMU,CMU:124,CMU/124/124_08_stageii.npz,val,786,148,138
CMU,CMU:124,CMU/124/124_10_stageii.npz,val,249,40,30
CMU,CMU:124,CMU/124/124_11_stageii.npz,val,998,190,180
CMU,CMU:124,CMU/124/124_12_stageii.npz,val,1485,288,278
CMU,CMU:124,CMU/124/124_13_stageii.npz,val,868,164,154
CMU,CMU:125,CMU/125/125_01_stageii.npz,val,4257,842,832
CMU,CMU:125,CMU/125/125_02_stageii.npz,val,4276,846,836
CMU,CMU:125,CMU/125/125_03_stageii.npz,val,4408,872,862
CMU,CMU:125,CMU/125/125_05_stageii.npz,val,2679,526,516
CMU,CMU:125,CMU/125/125_06_stageii.npz,val,4884,967,957
CMU,CMU:126,CMU/126/126_01_stageii.npz,test,2593,509,499
CMU,CMU:126,CMU/126/126_02_stageii.npz,test,1758,342,332
CMU,CMU:126,CMU/126/126_03_stageii.npz,test,2583,507,497
CMU,CMU:126,CMU/126/126_04_stageii.npz,test,1657,322,312
CMU,CMU:126,CMU/126/126_05_stageii.npz,test,1559,302,292
CMU,CMU:126,CMU/126/126_06_stageii.npz,test,2507,492,482
CMU,CMU:126,CMU/126/126_07_stageii.npz,test,2516,494,484
CMU,CMU:126,CMU/126/126_08_stageii.npz,test,1536,298,288
CMU,CMU:126,CMU/126/126_09_stageii.npz,test,1780,347,337
CMU,CMU:126,CMU/126/126_10_stageii.npz,test,1253,241,231
CMU,CMU:126,CMU/126/126_11_stageii.npz,test,1829,356,346
CMU,CMU:126,CMU/126/126_12_stageii.npz,test,2417,474,464
CMU,CMU:126,CMU/126/126_13_stageii.npz,test,115,14,4
CMU,CMU:126,CMU/126/126_14_stageii.npz,test,6757,1342,1332
CMU,CMU:127,CMU/127/127_01_stageii.npz,train,253,41,31
CMU,CMU:127,CMU/127/127_02_stageii.npz,train,1760,343,333
CMU,CMU:127,CMU/127/127_03_stageii.npz,train,332,57,47
CMU,CMU:127,CMU/127/127_04_stageii.npz,train,446,80,70
CMU,CMU:127,CMU/127/127_05_stageii.npz,train,387,68,58
CMU,CMU:127,CMU/127/127_06_stageii.npz,train,173,25,15
CMU,CMU:127,CMU/127/127_07_stageii.npz,train,145,20,10
CMU,CMU:127,CMU/127/127_08_stageii.npz,train,139,18,8
CMU,CMU:127,CMU/127/127_09_stageii.npz,train,198,30,20
CMU,CMU:127,CMU/127/127_10_stageii.npz,train,168,24,14
CMU,CMU:127,CMU/127/127_11_stageii.npz,train,200,31,21
CMU,CMU:127,CMU/127/127_12_stageii.npz,train,177,26,16
CMU,CMU:127,CMU/127/127_13_stageii.npz,train,185,28,18
CMU,CMU:127,CMU/127/127_14_stageii.npz,train,151,21,11
CMU,CMU:127,CMU/127/127_15_stageii.npz,train,163,23,13
CMU,CMU:127,CMU/127/127_16_stageii.npz,train,258,42,32
CMU,CMU:127,CMU/127/127_17_stageii.npz,train,381,67,57
CMU,CMU:127,CMU/127/127_18_stageii.npz,train,393,69,59
CMU,CMU:127,CMU/127/127_19_stageii.npz,train,440,79,69
CMU,CMU:127,CMU/127/127_20_stageii.npz,train,360,63,53
CMU,CMU:127,CMU/127/127_21_stageii.npz,train,355,62,52
CMU,CMU:127,CMU/127/127_22_stageii.npz,train,359,62,52
CMU,CMU:127,CMU/127/127_23_stageii.npz,train,349,60,50
CMU,CMU:127,CMU/127/127_24_stageii.npz,train,339,58,48
CMU,CMU:127,CMU/127/127_25_stageii.npz,train,230,37,27
CMU,CMU:127,CMU/127/127_26_stageii.npz,train,246,40,30
CMU,CMU:127,CMU/127/127_28_stageii.npz,train,217,34,24
CMU,CMU:127,CMU/127/127_29_stageii.npz,train,209,32,22
CMU,CMU:127,CMU/127/127_30_stageii.npz,train,240,39,29
CMU,CMU:127,CMU/127/127_31_stageii.npz,train,513,93,83
CMU,CMU:127,CMU/127/127_33_stageii.npz,train,205,32,22
CMU,CMU:127,CMU/127/127_34_stageii.npz,train,203,31,21
CMU,CMU:127,CMU/127/127_35_stageii.npz,train,240,39,29
CMU,CMU:127,CMU/127/127_36_stageii.npz,train,215,34,24
CMU,CMU:127,CMU/127/127_37_stageii.npz,train,342,59,49
CMU,CMU:127,CMU/127/127_38_stageii.npz,train,191,29,19
CMU,CMU:128,CMU/128/128_01_stageii.npz,train,325,56,46
CMU,CMU:128,CMU/128/128_02_stageii.npz,train,167,24,14
CMU,CMU:128,CMU/128/128_03_stageii.npz,train,164,23,13
CMU,CMU:128,CMU/128/128_04_stageii.npz,train,136,18,8
CMU,CMU:128,CMU/128/128_05_stageii.npz,train,209,32,22
CMU,CMU:128,CMU/128/128_06_stageii.npz,train,197,30,20
CMU,CMU:128,CMU/128/128_07_stageii.npz,train,346,60,50
CMU,CMU:128,CMU/128/128_08_stageii.npz,train,330,57,47
CMU,CMU:128,CMU/128/128_09_stageii.npz,train,172,25,15
CMU,CMU:128,CMU/128/128_10_stageii.npz,train,427,76,66
CMU,CMU:128,CMU/128/128_11_stageii.npz,train,378,66,56
CMU,CMU:13,CMU/13/13_01_stageii.npz,train,2313,453,443
CMU,CMU:13,CMU/13/13_02_stageii.npz,train,3477,686,676
CMU,CMU:13,CMU/13/13_03_stageii.npz,train,3715,734,724
CMU,CMU:13,CMU/13/13_04_stageii.npz,train,4759,942,932
CMU,CMU:13,CMU/13/13_05_stageii.npz,train,4403,871,861
CMU,CMU:13,CMU/13/13_06_stageii.npz,train,4413,873,863
CMU,CMU:13,CMU/13/13_07_stageii.npz,train,1452,281,271
CMU,CMU:13,CMU/13/13_08_stageii.npz,train,1603,311,301
CMU,CMU:13,CMU/13/13_09_stageii.npz,train,1102,211,201
CMU,CMU:13,CMU/13/13_10_stageii.npz,train,2396,470,460
CMU,CMU:13,CMU/13/13_11_stageii.npz,train,415,74,64
CMU,CMU:13,CMU/13/13_12_stageii.npz,train,3434,677,667
CMU,CMU:13,CMU/13/13_13_stageii.npz,train,439,78,68
CMU,CMU:13,CMU/13/13_14_stageii.npz,train,2424,475,465
CMU,CMU:13,CMU/13/13_15_stageii.npz,train,2382,467,457
CMU,CMU:13,CMU/13/13_16_stageii.npz,train,2275,446,436
CMU,CMU:13,CMU/13/13_17_stageii.npz,train,4840,959,949
CMU,CMU:13,CMU/13/13_18_stageii.npz,train,3000,591,581
CMU,CMU:13,CMU/13/13_19_stageii.npz,train,426,76,66
CMU,CMU:13,CMU/13/13_20_stageii.npz,train,5719,1134,1124
CMU,CMU:13,CMU/13/13_21_stageii.npz,train,5439,1078,1068
CMU,CMU:13,CMU/13/13_22_stageii.npz,train,4962,983,973
CMU,CMU:13,CMU/13/13_23_stageii.npz,train,4017,794,784
CMU,CMU:13,CMU/13/13_24_stageii.npz,train,4034,797,787
CMU,CMU:13,CMU/13/13_25_stageii.npz,train,4009,792,782
CMU,CMU:13,CMU/13/13_26_stageii.npz,train,3028,596,586
CMU,CMU:13,CMU/13/13_27_stageii.npz,train,4169,824,814
CMU,CMU:13,CMU/13/13_28_stageii.npz,train,4121,815,805
CMU,CMU:13,CMU/13/13_29_stageii.npz,train,4592,909,899
CMU,CMU:13,CMU/13/13_30_stageii.npz,train,2465,484,474
CMU,CMU:13,CMU/13/13_31_stageii.npz,train,3017,594,584
CMU,CMU:13,CMU/13/13_32_stageii.npz,train,336,58,48
CMU,CMU:13,CMU/13/13_33_stageii.npz,train,1499,290,280
CMU,CMU:13,CMU/13/13_34_stageii.npz,train,1417,274,264
CMU,CMU:13,CMU/13/13_35_stageii.npz,train,1201,231,221
CMU,CMU:13,CMU/13/13_36_stageii.npz,train,1379,266,256
CMU,CMU:13,CMU/13/13_37_stageii.npz,train,1478,286,276
CMU,CMU:13,CMU/13/13_38_stageii.npz,train,1244,239,229
CMU,CMU:13,CMU/13/13_39_stageii.npz,train,351,61,51
CMU,CMU:13,CMU/13/13_40_stageii.npz,train,319,54,44
CMU,CMU:13,CMU/13/13_41_stageii.npz,train,369,64,54
CMU,CMU:13,CMU/13/13_42_stageii.npz,train,400,71,61
CMU,CMU:131,CMU/131/131_01_stageii.npz,train,994,189,179
CMU,CMU:131,CMU/131/131_02_stageii.npz,train,1247,240,230
CMU,CMU:131,CMU/131/131_03_stageii.npz,train,1102,211,201
CMU,CMU:131,CMU/131/131_04_stageii.npz,train,1086,208,198
CMU,CMU:131,CMU/131/131_05_stageii.npz,train,1264,243,233
CMU,CMU:131,CMU/131/131_06_stageii.npz,train,1184,227,217
CMU,CMU:131,CMU/131/131_07_stageii.npz,train,691,129,119
CMU,CMU:131,CMU/131/131_08_stageii.npz,train,784,147,137
CMU,CMU:131,CMU/131/131_09_stageii.npz,train,2293,449,439
CMU,CMU:131,CMU/131/131_10_stageii.npz,train,1777,346,336
CMU,CMU:131,CMU/131/131_11_stageii.npz,train,1168,224,214
CMU,CMU:131,CMU/131/131_12_stageii.npz,train,767,144,134
CMU,CMU:131,CMU/131/131_13_stageii.npz,train,1316,254,244
CMU,CMU:131,CMU/131/131_14_stageii.npz,train,1932,377,367
CMU,CMU:132,CMU/132/132_01_stageii.npz,train,1413,273,263
CMU,CMU:132,CMU/132/132_02_stageii.npz,train,1141,219,209
CMU,CMU:132,CMU/132/132_03_stageii.npz,train,1477,286,276
CMU,CMU:132,CMU/132/132_04_stageii.npz,train,1350,261,251
CMU,CMU:132,CMU/132/132_05_stageii.npz,train,1316,254,244
CMU,CMU:132,CMU/132/132_06_stageii.npz,train,1328,256,246
CMU,CMU:132,CMU/132/132_07_stageii.npz,train,903,171,161
CMU,CMU:132,CMU/132/132_08_stageii.npz,train,1453,281,271
CMU,CMU:132,CMU/132/132_09_stageii.npz,train,1182,227,217
CMU,CMU:132,CMU/132/132_10_stageii.npz,train,1624,315,305
CMU,CMU:132,CMU/132/132_11_stageii.npz,train,1610,313,303
CMU,CMU:132,CMU/132/132_12_stageii.npz,train,1581,307,297
CMU,CMU:132,CMU/132/132_15_stageii.npz,train,6545,1300,1290
CMU,CMU:132,CMU/132/132_17_stageii.npz,train,268,44,34
CMU,CMU:132,CMU/132/132_18_stageii.npz,train,425,76,66
CMU,CMU:132,CMU/132/132_19_stageii.npz,train,271,45,35
CMU,CMU:132,CMU/132/132_20_stageii.npz,train,342,59,49
CMU,CMU:132,CMU/132/132_21_stageii.npz,train,354,61,51
CMU,CMU:132,CMU/132/132_22_stageii.npz,train,371,65,55
CMU,CMU:132,CMU/132/132_24_stageii.npz,train,739,138,128
CMU,CMU:132,CMU/132/132_25_stageii.npz,train,556,102,92
CMU,CMU:132,CMU/132/132_27_stageii.npz,train,727,136,126
CMU,CMU:132,CMU/132/132_28_stageii.npz,train,718,134,124
CMU,CMU:132,CMU/132/132_29_stageii.npz,train,777,146,136
CMU,CMU:132,CMU/132/132_30_stageii.npz,train,783,147,137
CMU,CMU:132,CMU/132/132_31_stageii.npz,train,718,134,124
CMU,CMU:132,CMU/132/132_32_stageii.npz,train,644,119,109
CMU,CMU:132,CMU/132/132_33_stageii.npz,train,411,73,63
CMU,CMU:132,CMU/132/132_34_stageii.npz,train,517,94,84
CMU,CMU:132,CMU/132/132_35_stageii.npz,train,1265,244,234
CMU,CMU:132,CMU/132/132_36_stageii.npz,train,3895,770,760
CMU,CMU:132,CMU/132/132_37_stageii.npz,train,6731,1337,1327
CMU,CMU:132,CMU/132/132_38_stageii.npz,train,180,27,17
CMU,CMU:132,CMU/132/132_39_stageii.npz,train,6249,1240,1230
CMU,CMU:132,CMU/132/132_40_stageii.npz,train,847,160,150
CMU,CMU:132,CMU/132/132_41_stageii.npz,train,6359,1262,1252
CMU,CMU:132,CMU/132/132_42_stageii.npz,train,690,129,119
CMU,CMU:132,CMU/132/132_43_stageii.npz,train,804,151,141
CMU,CMU:132,CMU/132/132_44_stageii.npz,train,5203,1031,1021
CMU,CMU:132,CMU/132/132_45_stageii.npz,train,1531,297,287
CMU,CMU:132,CMU/132/132_46_stageii.npz,train,1223,235,225
CMU,CMU:132,CMU/132/132_47_stageii.npz,train,1510,293,283
CMU,CMU:132,CMU/132/132_48_stageii.npz,train,1625,316,306
CMU,CMU:132,CMU/132/132_50_stageii.npz,train,2139,418,408
CMU,CMU:132,CMU/132/132_51_stageii.npz,train,174,25,15
CMU,CMU:132,CMU/132/132_52_stageii.npz,train,1335,258,248
CMU,CMU:132,CMU/132/132_53_stageii.npz,train,6502,1291,1281
CMU,CMU:132,CMU/132/132_54_stageii.npz,train,6029,1196,1186
CMU,CMU:132,CMU/132/132_55_stageii.npz,train,3095,610,600
CMU,CMU:133,CMU/133/133_01_stageii.npz,val,1375,266,256
CMU,CMU:133,CMU/133/133_02_stageii.npz,val,1434,277,267
CMU,CMU:133,CMU/133/133_03_stageii.npz,val,1259,242,232
CMU,CMU:133,CMU/133/133_04_stageii.npz,val,783,147,137
CMU,CMU:133,CMU/133/133_05_stageii.npz,val,976,186,176
CMU,CMU:133,CMU/133/133_06_stageii.npz,val,881,167,157
CMU,CMU:133,CMU/133/133_07_stageii.npz,val,982,187,177
CMU,CMU:133,CMU/133/133_08_stageii.npz,val,1231,237,227
CMU,CMU:133,CMU/133/133_09_stageii.npz,val,1729,336,326
CMU,CMU:133,CMU/133/133_10_stageii.npz,val,1323,255,245
CMU,CMU:133,CMU/133/133_11_stageii.npz,val,1062,203,193
CMU,CMU:133,CMU/133/133_12_stageii.npz,val,970,185,175
CMU,CMU:133,CMU/133/133_13_stageii.npz,val,1142,219,209
CMU,CMU:133,CMU/133/133_14_stageii.npz,val,888,168,158
CMU,CMU:133,CMU/133/133_15_stageii.npz,val,888,168,158
CMU,CMU:133,CMU/133/133_16_stageii.npz,val,505,92,82
CMU,CMU:133,CMU/133/133_17_stageii.npz,val,577,106,96
CMU,CMU:133,CMU/133/133_18_stageii.npz,val,469,84,74
CMU,CMU:133,CMU/133/133_19_stageii.npz,val,834,157,147
CMU,CMU:133,CMU/133/133_20_stageii.npz,val,1091,209,199
CMU,CMU:133,CMU/133/133_21_stageii.npz,val,786,148,138
CMU,CMU:133,CMU/133/133_22_stageii.npz,val,759,142,132
CMU,CMU:133,CMU/133/133_23_stageii.npz,val,848,160,150
CMU,CMU:133,CMU/133/133_24_stageii.npz,val,946,180,170
CMU,CMU:133,CMU/133/133_25_stageii.npz,val,410,73,63
CMU,CMU:133,CMU/133/133_26_stageii.npz,val,1233,237,227
CMU,CMU:135,CMU/135/135_02_stageii.npz,test,5202,1031,1021
CMU,CMU:135,CMU/135/135_03_stageii.npz,test,2749,540,530
CMU,CMU:135,CMU/135/135_04_stageii.npz,test,1316,254,244
CMU,CMU:135,CMU/135/135_05_stageii.npz,test,2460,483,473
CMU,CMU:135,CMU/135/135_06_stageii.npz,test,3261,643,633
CMU,CMU:135,CMU/135/135_07_stageii.npz,test,1472,285,275
CMU,CMU:135,CMU/135/135_08_stageii.npz,test,291,49,39
CMU,CMU:135,CMU/135/135_09_stageii.npz,test,2150,421,411
CMU,CMU:135,CMU/135/135_10_stageii.npz,test,2001,391,381
CMU,CMU:135,CMU/135/135_11_stageii.npz,test,2446,480,470
CMU,CMU:136,CMU/136/136_01_stageii.npz,test,872,165,155
CMU,CMU:136,CMU/136/136_02_stageii.npz,test,860,163,153
CMU,CMU:136,CMU/136/136_03_stageii.npz,test,1195,230,220
CMU,CMU:136,CMU/136/136_04_stageii.npz,test,1268,244,234
CMU,CMU:136,CMU/136/136_05_stageii.npz,test,1022,195,185
CMU,CMU:136,CMU/136/136_06_stageii.npz,test,943,179,169
CMU,CMU:136,CMU/136/136_07_stageii.npz,test,1107,212,202
CMU,CMU:136,CMU/136/136_08_stageii.npz,test,1332,257,247
CMU,CMU:136,CMU/136/136_09_stageii.npz,test,1130,217,207
CMU,CMU:136,CMU/136/136_11_stageii.npz,test,1438,278,268
CMU,CMU:136,CMU/136/136_12_stageii.npz,test,1307,252,242
CMU,CMU:136,CMU/136/136_13_stageii.npz,test,1252,241,231
CMU,CMU:136,CMU/136/136_14_stageii.npz,test,1065,204,194
CMU,CMU:136,CMU/136/136_15_stageii.npz,test,1350,261,251
CMU,CMU:136,CMU/136/136_16_stageii.npz,test,1259,242,232
CMU,CMU:136,CMU/136/136_17_stageii.npz,test,2120,415,405
CMU,CMU:136,CMU/136/136_18_stageii.npz,test,1492,289,279
CMU,CMU:136,CMU/136/136_20_stageii.npz,test,993,189,179
CMU,CMU:136,CMU/136/136_21_stageii.npz,test,601,111,101
CMU,CMU:136,CMU/136/136_22_stageii.npz,test,836,158,148
CMU,CMU:136,CMU/136/136_23_stageii.npz,test,742,139,129
CMU,CMU:136,CMU/136/136_24_stageii.npz,test,1075,206,196
CMU,CMU:136,CMU/136/136_25_stageii.npz,test,1789,348,338
CMU,CMU:136,CMU/136/136_26_stageii.npz,test,1422,275,265
CMU,CMU:136,CMU/136/136_27_stageii.npz,test,1087,208,198
CMU,CMU:136,CMU/136/136_29_stageii.npz,test,1182,227,217
CMU,CMU:136,CMU/136/136_30_stageii.npz,test,1272,245,235
CMU,CMU:136,CMU/136/136_31_stageii.npz,test,1436,278,268
CMU,CMU:136,CMU/136/136_32_stageii.npz,test,1443,279,269
CMU,CMU:136,CMU/136/136_33_stageii.npz,test,986,188,178
CMU,CMU:137,CMU/137/137_01_stageii.npz,train,2163,423,413
CMU,CMU:137,CMU/137/137_02_stageii.npz,train,2167,424,414
CMU,CMU:137,CMU/137/137_03_stageii.npz,train,6541,1299,1289
CMU,CMU:137,CMU/137/137_04_stageii.npz,train,1937,378,368
CMU,CMU:137,CMU/137/137_05_stageii.npz,train,1759,342,332
CMU,CMU:137,CMU/137/137_06_stageii.npz,train,1629,316,306
CMU,CMU:137,CMU/137/137_07_stageii.npz,train,4775,946,936
CMU,CMU:137,CMU/137/137_08_stageii.npz,train,1938,378,368
CMU,CMU:137,CMU/137/137_09_stageii.npz,train,2470,485,475
CMU,CMU:137,CMU/137/137_10_stageii.npz,train,2246,440,430
CMU,CMU:137,CMU/137/137_11_stageii.npz,train,4930,977,967
CMU,CMU:137,CMU/137/137_12_stageii.npz,train,1969,384,374
CMU,CMU:137,CMU/137/137_13_stageii.npz,train,2963,583,573
CMU,CMU:137,CMU/137/137_14_stageii.npz,train,2264,443,433
CMU,CMU:137,CMU/137/137_15_stageii.npz,train,5382,1067,1057
CMU,CMU:137,CMU/137/137_16_stageii.npz,train,1532,297,287
CMU,CMU:137,CMU/137/137_17_stageii.npz,train,1948,380,370
CMU,CMU:137,CMU/137/137_18_stageii.npz,train,1395,270,260
CMU,CMU:137,CMU/137/137_19_stageii.npz,train,5321,1055,1045
CMU,CMU:137,CMU/137/137_20_stageii.npz,train,1603,311,301
CMU,CMU:137,CMU/137/137_21_stageii.npz,train,1914,373,363
CMU,CMU:137,CMU/137/137_22_stageii.npz,train,1642,319,309
CMU,CMU:137,CMU/137/137_23_stageii.npz,train,4548,900,890
CMU,CMU:137,CMU/137/137_24_stageii.npz,train,1193,229,219
CMU,CMU:137,CMU/137/137_25_stageii.npz,train,155,22,12
CMU,CMU:137,CMU/137/137_26_stageii.npz,train,1574,305,295
CMU,CMU:137,CMU/137/137_27_stageii.npz,train,1161,223,213
CMU,CMU:137,CMU/137/137_28_stageii.npz,train,3722,735,725
CMU,CMU:137,CMU/137/137_29_stageii.npz,train,1128,216,206
CMU,CMU:137,CMU/137/137_31_stageii.npz,train,3368,664,654
CMU,CMU:137,CMU/137/137_32_stageii.npz,train,5018,994,984
CMU,CMU:137,CMU/137/137_33_stageii.npz,train,3064,603,593
CMU,CMU:137,CMU/137/137_34_stageii.npz,train,896,170,160
CMU,CMU:137,CMU/137/137_35_stageii.npz,train,2492,489,479
CMU,CMU:137,CMU/137/137_36_stageii.npz,train,2556,502,492
CMU,CMU:137,CMU/137/137_37_stageii.npz,train,5117,1014,1004
CMU,CMU:137,CMU/137/137_38_stageii.npz,train,2019,394,384
CMU,CMU:137,CMU/137/137_39_stageii.npz,train,2934,577,567
CMU,CMU:137,CMU/137/137_40_stageii.npz,train,2038,398,388
CMU,CMU:137,CMU/137/137_41_stageii.npz,train,5194,1029,1019
CMU,CMU:137,CMU/137/137_42_stageii.npz,train,2182,427,417
CMU,CMU:138,CMU/138/138_01_stageii.npz,test,806,152,142
CMU,CMU:138,CMU/138/138_03_stageii.npz,test,680,127,117
CMU,CMU:138,CMU/138/138_04_stageii.npz,test,701,131,121
CMU,CMU:138,CMU/138/138_06_stageii.npz,test,398,70,60
CMU,CMU:138,CMU/138/138_09_stageii.npz,test,427,76,66
CMU,CMU:138,CMU/138/138_10_stageii.npz,test,437,78,68
CMU,CMU:138,CMU/138/138_11_stageii.npz,test,442,79,69
CMU,CMU:138,CMU/138/138_12_stageii.npz,test,325,56,46
CMU,CMU:138,CMU/138/138_17_stageii.npz,test,440,79,69
CMU,CMU:138,CMU/138/138_18_stageii.npz,test,387,68,58
CMU,CMU:138,CMU/138/138_19_stageii.npz,test,460,83,73
CMU,CMU:138,CMU/138/138_20_stageii.npz,test,450,81,71
CMU,CMU:138,CMU/138/138_21_stageii.npz,test,395,70,60
CMU,CMU:138,CMU/138/138_23_stageii.npz,test,459,82,72
CMU,CMU:138,CMU/138/138_24_stageii.npz,test,503,91,81
CMU,CMU:138,CMU/138/138_25_stageii.npz,test,357,62,52
CMU,CMU:138,CMU/138/138_48_stageii.npz,test,630,117,107
CMU,CMU:139,CMU/139/139_01_stageii.npz,val,1090,209,199
CMU,CMU:139,CMU/139/139_02_stageii.npz,val,937,178,168
CMU,CMU:139,CMU/139/139_03_stageii.npz,val,984,187,177
CMU,CMU:139,CMU/139/139_04_stageii.npz,val,883,167,157
CMU,CMU:139,CMU/139/139_05_stageii.npz,val,511,93,83
CMU,CMU:139,CMU/139/139_06_stageii.npz,val,1352,261,251
CMU,CMU:139,CMU/139/139_07_stageii.npz,val,505,92,82
CMU,CMU:139,CMU/139/139_08_stageii.npz,val,1008,192,182
CMU,CMU:139,CMU/139/139_09_stageii.npz,val,988,188,178
CMU,CMU:139,CMU/139/139_10_stageii.npz,val,690,129,119
CMU,CMU:139,CMU/139/139_11_stageii.npz,val,320,55,45
CMU,CMU:139,CMU/139/139_12_stageii.npz,val,978,186,176
CMU,CMU:139,CMU/139/139_13_stageii.npz,val,1387,268,258
CMU,CMU:139,CMU/139/139_14_stageii.npz,val,990,189,179
CMU,CMU:139,CMU/139/139_15_stageii.npz,val,1078,206,196
CMU,CMU:139,CMU/139/139_16_stageii.npz,val,653,121,111
CMU,CMU:139,CMU/139/139_17_stageii.npz,val,719,134,124
CMU,CMU:139,CMU/139/139_18_stageii.npz,val,854,161,151
CMU,CMU:139,CMU/139/139_19_stageii.npz,val,1000,191,181
CMU,CMU:139,CMU/139/139_21_stageii.npz,val,1310,253,243
CMU,CMU:139,CMU/139/139_22_stageii.npz,val,1425,276,266
CMU,CMU:139,CMU/139/139_23_stageii.npz,val,1592,309,299
CMU,CMU:139,CMU/139/139_24_stageii.npz,val,716,134,124
CMU,CMU:139,CMU/139/139_25_stageii.npz,val,663,123,113
CMU,CMU:139,CMU/139/139_26_stageii.npz,val,651,121,111
CMU,CMU:139,CMU/139/139_27_stageii.npz,val,727,136,126
CMU,CMU:139,CMU/139/139_29_stageii.npz,val,2104,411,401
CMU,CMU:139,CMU/139/139_30_stageii.npz,val,1261,243,233
CMU,CMU:139,CMU/139/139_31_stageii.npz,val,2106,412,402
CMU,CMU:139,CMU/139/139_32_stageii.npz,val,1894,369,359
CMU,CMU:139,CMU/139/139_33_stageii.npz,val,2997,590,580
CMU,CMU:139,CMU/139/139_34_stageii.npz,val,1122,215,205
CMU,CMU:140,CMU/140/140_01_stageii.npz,train,830,157,147
CMU,CMU:140,CMU/140/140_02_stageii.npz,train,937,178,168
CMU,CMU:140,CMU/140/140_04_stageii.npz,train,1103,211,201
CMU,CMU:140,CMU/140/140_06_stageii.npz,train,3562,703,693
CMU,CMU:140,CMU/140/140_07_stageii.npz,train,1235,238,228
CMU,CMU:140,CMU/140/140_08_stageii.npz,train,898,170,160
CMU,CMU:140,CMU/140/140_09_stageii.npz,train,815,154,144
CMU,CMU:141,CMU/141/141_01_stageii.npz,test,74,5,0
CMU,CMU:141,CMU/141/141_02_stageii.npz,test,112,13,3
CMU,CMU:141,CMU/141/141_03_stageii.npz,test,230,37,27
CMU,CMU:141,CMU/141/141_04_stageii.npz,test,547,100,90
CMU,CMU:141,CMU/141/141_05_stageii.npz,test,230,37,27
CMU,CMU:141,CMU/141/141_06_stageii.npz,test,651,121,111
CMU,CMU:141,CMU/141/141_07_stageii.npz,test,298,50,40
CMU,CMU:141,CMU/141/141_08_stageii.npz,test,331,57,47
CMU,CMU:141,CMU/141/141_09_stageii.npz,test,234,37,27
CMU,CMU:141,CMU/141/141_10_stageii.npz,test,507,92,82
CMU,CMU:141,CMU/141/141_11_stageii.npz,test,686,128,118
CMU,CMU:141,CMU/141/141_12_stageii.npz,test,568,104,94
CMU,CMU:141,CMU/141/141_13_stageii.npz,test,368,64,54
CMU,CMU:141,CMU/141/141_14_stageii.npz,test,577,106,96
CMU,CMU:141,CMU/141/141_15_stageii.npz,test,1165,224,214
CMU,CMU:141,CMU/141/141_16_stageii.npz,test,299,50,40
CMU,CMU:141,CMU/141/141_17_stageii.npz,test,561,103,93
CMU,CMU:141,CMU/141/141_18_stageii.npz,test,388,68,58
CMU,CMU:141,CMU/141/141_19_stageii.npz,test,1193,229,219
CMU,CMU:141,CMU/141/141_20_stageii.npz,test,763,143,133
CMU,CMU:141,CMU/141/141_21_stageii.npz,test,272,45,35
CMU,CMU:141,CMU/141/141_22_stageii.npz,test,198,30,20
CMU,CMU:141,CMU/141/141_23_stageii.npz,test,256,42,32
CMU,CMU:141,CMU/141/141_24_stageii.npz,test,260,43,33
CMU,CMU:141,CMU/141/141_25_stageii.npz,test,614,113,103
CMU,CMU:141,CMU/141/141_26_stageii.npz,test,398,70,60
CMU,CMU:141,CMU/141/141_27_stageii.npz,test,555,102,92
CMU,CMU:141,CMU/141/141_28_stageii.npz,test,355,62,52
CMU,CMU:141,CMU/141/141_29_stageii.npz,test,1166,224,214
CMU,CMU:141,CMU/141/141_30_stageii.npz,test,721,135,125
CMU,CMU:141,CMU/141/141_31_stageii.npz,test,671,125,115
CMU,CMU:141,CMU/141/141_32_stageii.npz,test,888,168,158
CMU,CMU:141,CMU/141/141_33_stageii.npz,test,1059,202,192
CMU,CMU:141,CMU/141/141_34_stageii.npz,test,314,53,43
CMU,CMU:142,CMU/142/142_01_stageii.npz,train,5241,1039,1029
CMU,CMU:142,CMU/142/142_02_stageii.npz,train,1882,367,357
CMU,CMU:142,CMU/142/142_04_stageii.npz,train,3731,737,727
CMU,CMU:142,CMU/142/142_06_stageii.npz,train,2644,519,509
CMU,CMU:142,CMU/142/142_08_stageii.npz,train,3033,597,587
CMU,CMU:142,CMU/142/142_09_stageii.npz,train,2666,524,514
CMU,CMU:142,CMU/142/142_11_stageii.npz,train,3277,646,636
CMU,CMU:142,CMU/142/142_12_stageii.npz,train,4702,931,921
CMU,CMU:142,CMU/142/142_13_stageii.npz,train,5159,1022,1012
CMU,CMU:142,CMU/142/142_14_stageii.npz,train,1663,323,313
CMU,CMU:142,CMU/142/142_15_stageii.npz,train,5374,1065,1055
CMU,CMU:142,CMU/142/142_16_stageii.npz,train,5818,1154,1144
CMU,CMU:142,CMU/142/142_17_stageii.npz,train,4431,877,867
CMU,CMU:142,CMU/142/142_18_stageii.npz,train,4897,970,960
CMU,CMU:142,CMU/142/142_19_stageii.npz,train,4493,889,879
CMU,CMU:142,CMU/142/142_20_stageii.npz,train,1534,297,287
CMU,CMU:142,CMU/142/142_21_stageii.npz,train,1412,273,263
CMU,CMU:142,CMU/142/142_22_stageii.npz,train,5221,1035,1025
CMU,CMU:143,CMU/143/143_01_stageii.npz,test,100,11,1
CMU,CMU:143,CMU/143/143_02_stageii.npz,test,208,32,22
CMU,CMU:143,CMU/143/143_03_stageii.npz,test,239,38,28
CMU,CMU:143,CMU/143/143_04_stageii.npz,test,1085,208,198
CMU,CMU:143,CMU/143/143_05_stageii.npz,test,338,58,48
CMU,CMU:143,CMU/143/143_06_stageii.npz,test,393,69,59
CMU,CMU:143,CMU/143/143_07_stageii.npz,test,557,102,92
CMU,CMU:143,CMU/143/143_08_stageii.npz,test,387,68,58
CMU,CMU:143,CMU/143/143_09_stageii.npz,test,545,100,90
CMU,CMU:143,CMU/143/143_10_stageii.npz,test,575,106,96
CMU,CMU:143,CMU/143/143_11_stageii.npz,test,657,122,112
CMU,CMU:143,CMU/143/143_12_stageii.npz,test,590,109,99
CMU,CMU:143,CMU/143/143_13_stageii.npz,test,581,107,97
CMU,CMU:143,CMU/143/143_14_stageii.npz,test,725,136,126
CMU,CMU:143,CMU/143/143_15_stageii.npz,test,708,132,122
CMU,CMU:143,CMU/143/143_16_stageii.npz,test,611,113,103
CMU,CMU:143,CMU/143/143_17_stageii.npz,test,632,117,107
CMU,CMU:143,CMU/143/143_18_stageii.npz,test,752,141,131
CMU,CMU:143,CMU/143/143_19_stageii.npz,test,839,158,148
CMU,CMU:143,CMU/143/143_20_stageii.npz,test,651,121,111
CMU,CMU:143,CMU/143/143_22_stageii.npz,test,1091,209,199
CMU,CMU:143,CMU/143/143_23_stageii.npz,test,814,153,143
CMU,CMU:143,CMU/143/143_24_stageii.npz,test,1005,192,182
CMU,CMU:143,CMU/143/143_25_stageii.npz,test,658,122,112
CMU,CMU:143,CMU/143/143_26_stageii.npz,test,635,118,108
CMU,CMU:143,CMU/143/143_27_stageii.npz,test,704,131,121
CMU,CMU:143,CMU/143/143_28_stageii.npz,test,643,119,109
CMU,CMU:143,CMU/143/143_29_stageii.npz,test,1080,207,197
CMU,CMU:143,CMU/143/143_30_stageii.npz,test,370,65,55
CMU,CMU:143,CMU/143/143_31_stageii.npz,test,423,75,65
CMU,CMU:143,CMU/143/143_32_stageii.npz,test,780,147,137
CMU,CMU:143,CMU/143/143_33_stageii.npz,test,361,63,53
CMU,CMU:143,CMU/143/143_34_stageii.npz,test,783,147,137
CMU,CMU:143,CMU/143/143_35_stageii.npz,test,1279,246,236
CMU,CMU:143,CMU/143/143_36_stageii.npz,test,761,143,133
CMU,CMU:143,CMU/143/143_37_stageii.npz,test,551,101,91
CMU,CMU:143,CMU/143/143_38_stageii.npz,test,1317,254,244
CMU,CMU:143,CMU/143/143_39_stageii.npz,test,1083,207,197
CMU,CMU:143,CMU/143/143_40_stageii.npz,test,966,184,174
CMU,CMU:143,CMU/143/143_41_stageii.npz,test,1167,224,214
CMU,CMU:143,CMU/143/143_42_stageii.npz,test,537,98,88
CMU,CMU:144,CMU/144/144_01_stageii.npz,train,2459,482,472
CMU,CMU:144,CMU/144/144_02_stageii.npz,train,2324,455,445
CMU,CMU:144,CMU/144/144_03_stageii.npz,train,4479,886,876
CMU,CMU:144,CMU/144/144_04_stageii.npz,train,3874,765,755
CMU,CMU:144,CMU/144/144_05_stageii.npz,train,2786,548,538
CMU,CMU:144,CMU/144/144_06_stageii.npz,train,3633,717,707
CMU,CMU:144,CMU/144/144_07_stageii.npz,train,2448,480,470
CMU,CMU:144,CMU/144/144_08_stageii.npz,train,3001,591,581
CMU,CMU:144,CMU/144/144_09_stageii.npz,train,3382,667,657
CMU,CMU:144,CMU/144/144_10_stageii.npz,train,3498,690,680
CMU,CMU:144,CMU/144/144_11_stageii.npz,train,3429,676,666
CMU,CMU:144,CMU/144/144_12_stageii.npz,train,3319,654,644
CMU,CMU:144,CMU/144/144_13_stageii.npz,train,1946,380,370
CMU,CMU:144,CMU/144/144_14_stageii.npz,train,2055,402,392
CMU,CMU:144,CMU/144/144_15_stageii.npz,train,3302,651,641
CMU,CMU:144,CMU/144/144_16_stageii.npz,train,3088,608,598
CMU,CMU:144,CMU/144/144_17_stageii.npz,train,2820,555,545
CMU,CMU:144,CMU/144/144_18_stageii.npz,train,3096,610,600
CMU,CMU:144,CMU/144/144_19_stageii.npz,train,347,60,50
CMU,CMU:144,CMU/144/144_20_stageii.npz,train,2270,445,435
CMU,CMU:144,CMU/144/144_21_stageii.npz,train,1930,377,367
CMU,CMU:144,CMU/144/144_22_stageii.npz,train,3339,658,648
CMU,CMU:144,CMU/144/144_23_stageii.npz,train,3409,672,662
CMU,CMU:144,CMU/144/144_24_stageii.npz,train,4701,931,921
CMU,CMU:144,CMU/144/144_26_stageii.npz,train,3347,660,650
CMU,CMU:144,CMU/144/144_27_stageii.npz,train,2655,522,512
CMU,CMU:144,CMU/144/144_28_stageii.npz,train,2286,448,438
CMU,CMU:144,CMU/144/144_29_stageii.npz,train,3083,607,597
CMU,CMU:144,CMU/144/144_32_stageii.npz,train,5202,1031,1021
CMU,CMU:144,CMU/144/144_34_stageii.npz,train,4688,928,918
CMU,CMU:15,CMU/15/15_01_stageii.npz,train,5524,1095,1085
CMU,CMU:15,CMU/15/15_02_stageii.npz,train,21965,4384,4374
CMU,CMU:15,CMU/15/15_03_stageii.npz,train,12550,2501,2491
CMU,CMU:15,CMU/15/15_04_stageii.npz,train,22549,4500,4490
CMU,CMU:15,CMU/15/15_05_stageii.npz,train,22948,4580,4570
CMU,CMU:15,CMU/15/15_06_stageii.npz,train,3604,711,701
CMU,CMU:15,CMU/15/15_07_stageii.npz,train,5498,1090,1080
CMU,CMU:15,CMU/15/15_08_stageii.npz,train,3859,762,752
CMU,CMU:15,CMU/15/15_09_stageii.npz,train,7875,1566,1556
CMU,CMU:15,CMU/15/15_10_stageii.npz,train,2781,547,537
CMU,CMU:15,CMU/15/15_11_stageii.npz,train,9394,1869,1859
CMU,CMU:15,CMU/15/15_12_stageii.npz,train,9086,1808,1798
CMU,CMU:15,CMU/15/15_13_stageii.npz,train,9330,1857,1847
CMU,CMU:15,CMU/15/15_14_stageii.npz,train,8986,1788,1778
CMU,CMU:16,CMU/16/16_34_stageii.npz,train,347,60,50
CMU,CMU:16,CMU/16/16_35_stageii.npz,train,162,23,13
CMU,CMU:17,CMU/17/17_01_stageii.npz,train,6305,1252,1242
CMU,CMU:17,CMU/17/17_03_stageii.npz,train,6353,1261,1251
CMU,CMU:17,CMU/17/17_04_stageii.npz,train,6383,1267,1257
CMU,CMU:17,CMU/17/17_05_stageii.npz,train,6339,1258,1248
CMU,CMU:17,CMU/17/17_06_stageii.npz,train,6200,1231,1221
CMU,CMU:17,CMU/17/17_07_stageii.npz,train,6426,1276,1266
CMU,CMU:17,CMU/17/17_08_stageii.npz,train,6179,1226,1216
CMU,CMU:17,CMU/17/17_09_stageii.npz,train,6079,1206,1196
CMU,CMU:17,CMU/17/17_10_stageii.npz,train,2783,547,537
CMU,CMU:24,CMU/24/24_01_stageii.npz,test,2072,405,395
CMU,CMU:25,CMU/25/25_01_stageii.npz,train,1618,314,304
CMU,CMU:26,CMU/26/26_01_stageii.npz,train,884,167,157
CMU,CMU:26,CMU/26/26_02_stageii.npz,train,6058,1202,1192
CMU,CMU:26,CMU/26/26_03_stageii.npz,train,2238,438,428
CMU,CMU:26,CMU/26/26_05_stageii.npz,train,3635,718,708
CMU,CMU:26,CMU/26/26_10_stageii.npz,train,697,130,120
CMU,CMU:27,CMU/27/27_01_stageii.npz,train,1033,197,187
CMU,CMU:27,CMU/27/27_02_stageii.npz,train,3565,704,694
CMU,CMU:27,CMU/27/27_03_stageii.npz,train,2150,421,411
CMU,CMU:27,CMU/27/27_04_stageii.npz,train,3644,719,709
CMU,CMU:27,CMU/27/27_05_stageii.npz,train,7722,1535,1525
CMU,CMU:27,CMU/27/27_06_stageii.npz,train,2870,565,555
CMU,CMU:27,CMU/27/27_07_stageii.npz,train,1791,349,339
CMU,CMU:27,CMU/27/27_08_stageii.npz,train,3511,693,683
CMU,CMU:27,CMU/27/27_09_stageii.npz,train,3775,746,736
CMU,CMU:27,CMU/27/27_10_stageii.npz,train,7798,1550,1540
CMU,CMU:27,CMU/27/27_11_stageii.npz,train,1937,378,368
CMU,CMU:28,CMU/28/28_01_stageii.npz,train,3129,616,606
CMU,CMU:28,CMU/28/28_02_stageii.npz,train,2055,402,392
CMU,CMU:28,CMU/28/28_03_stageii.npz,train,3772,745,735
CMU,CMU:28,CMU/28/28_04_stageii.npz,train,7898,1570,1560
CMU,CMU:28,CMU/28/28_05_stageii.npz,train,3243,639,629
CMU,CMU:28,CMU/28/28_06_stageii.npz,train,2213,433,423
CMU,CMU:28,CMU/28/28_07_stageii.npz,train,3658,722,712
CMU,CMU:28,CMU/28/28_09_stageii.npz,train,1713,333,323
CMU,CMU:28,CMU/28/28_10_stageii.npz,train,2075,406,396
CMU,CMU:28,CMU/28/28_11_stageii.npz,train,6616,1314,1304
CMU,CMU:28,CMU/28/28_12_stageii.npz,train,5147,1020,1010
CMU,CMU:28,CMU/28/28_13_stageii.npz,train,5889,1168,1158
CMU,CMU:28,CMU/28/28_14_stageii.npz,train,3742,739,729
CMU,CMU:28,CMU/28/28_15_stageii.npz,train,3443,679,669
CMU,CMU:28,CMU/28/28_16_stageii.npz,train,5601,1111,1101
CMU,CMU:28,CMU/28/28_17_stageii.npz,train,5338,1058,1048
CMU,CMU:28,CMU/28/28_19_stageii.npz,train,4522,895,885
CMU,CMU:29,CMU/29/29_01_stageii.npz,train,1316,254,244
CMU,CMU:29,CMU/29/29_02_stageii.npz,train,3119,614,604
CMU,CMU:29,CMU/29/29_03_stageii.npz,train,2260,443,433
CMU,CMU:29,CMU/29/29_04_stageii.npz,train,3833,757,747
CMU,CMU:29,CMU/29/29_05_stageii.npz,train,3718,734,724
CMU,CMU:29,CMU/29/29_06_stageii.npz,train,8042,1599,1589
CMU,CMU:29,CMU/29/29_07_stageii.npz,train,3150,621,611
CMU,CMU:29,CMU/29/29_08_stageii.npz,train,2284,447,437
CMU,CMU:29,CMU/29/29_09_stageii.npz,train,3737,738,728
CMU,CMU:29,CMU/29/29_10_stageii.npz,train,7951,1581,1571
CMU,CMU:29,CMU/29/29_11_stageii.npz,train,3720,735,725
CMU,CMU:29,CMU/29/29_12_stageii.npz,train,15024,2995,2985
CMU,CMU:29,CMU/29/29_13_stageii.npz,train,14667,2924,2914
CMU,CMU:29,CMU/29/29_14_stageii.npz,train,3377,666,656
CMU,CMU:29,CMU/29/29_15_stageii.npz,train,4428,876,866
CMU,CMU:29,CMU/29/29_16_stageii.npz,train,4433,877,867
CMU,CMU:29,CMU/29/29_17_stageii.npz,train,4306,852,842
CMU,CMU:29,CMU/29/29_18_stageii.npz,train,5960,1183,1173
CMU,CMU:29,CMU/29/29_19_stageii.npz,train,3565,704,694
CMU,CMU:29,CMU/29/29_20_stageii.npz,train,3727,736,726
CMU,CMU:29,CMU/29/29_21_stageii.npz,train,3995,790,780
CMU,CMU:29,CMU/29/29_22_stageii.npz,train,3261,643,633
CMU,CMU:29,CMU/29/29_23_stageii.npz,train,4585,908,898
CMU,CMU:29,CMU/29/29_24_stageii.npz,train,4252,841,831
CMU,CMU:29,CMU/29/29_25_stageii.npz,train,4446,880,870
CMU,CMU:30,CMU/30/30_01_stageii.npz,train,3231,637,627
CMU,CMU:30,CMU/30/30_02_stageii.npz,train,2382,467,457
CMU,CMU:30,CMU/30/30_03_stageii.npz,train,4174,825,815
CMU,CMU:30,CMU/30/30_04_stageii.npz,train,3701,731,721
CMU,CMU:30,CMU/30/30_06_stageii.npz,train,8040,1599,1589
CMU,CMU:30,CMU/30/30_07_stageii.npz,train,3157,622,612
CMU,CMU:30,CMU/30/30_08_stageii.npz,train,2194,429,419
CMU,CMU:30,CMU/30/30_09_stageii.npz,train,3759,742,732
CMU,CMU:30,CMU/30/30_10_stageii.npz,train,7972,1585,1575
CMU,CMU:30,CMU/30/30_11_stageii.npz,train,14909,2972,2962
CMU,CMU:30,CMU/30/30_12_stageii.npz,train,14762,2943,2933
CMU,CMU:30,CMU/30/30_13_stageii.npz,train,1965,384,374
CMU,CMU:30,CMU/30/30_14_stageii.npz,train,2575,506,496
CMU,CMU:30,CMU/30/30_15_stageii.npz,train,3216,634,624
CMU,CMU:30,CMU/30/30_16_stageii.npz,train,3620,715,705
CMU,CMU:30,CMU/30/30_17_stageii.npz,train,2902,571,561
CMU,CMU:30,CMU/30/30_18_stageii.npz,train,3567,704,694
CMU,CMU:30,CMU/30/30_19_stageii.npz,train,4094,809,799
CMU,CMU:30,CMU/30/30_20_stageii.npz,train,3419,674,664
CMU,CMU:30,CMU/30/30_21_stageii.npz,train,4086,808,798
CMU,CMU:30,CMU/30/30_22_stageii.npz,train,3286,648,638
CMU,CMU:30,CMU/30/30_23_stageii.npz,train,3923,775,765
CMU,CMU:31,CMU/31/31_01_stageii.npz,train,3955,782,772
CMU,CMU:31,CMU/31/31_02_stageii.npz,train,2272,445,435
CMU,CMU:31,CMU/31/31_03_stageii.npz,train,3700,731,721
CMU,CMU:31,CMU/31/31_05_stageii.npz,train,3181,627,617
CMU,CMU:31,CMU/31/31_06_stageii.npz,train,2111,413,403
CMU,CMU:31,CMU/31/31_07_stageii.npz,train,3693,729,719
CMU,CMU:31,CMU/31/31_08_stageii.npz,train,7862,1563,1553
CMU,CMU:31,CMU/31/31_09_stageii.npz,train,14654,2921,2911
CMU,CMU:31,CMU/31/31_10_stageii.npz,train,13659,2722,2712
CMU,CMU:31,CMU/31/31_11_stageii.npz,train,3875,766,756
CMU,CMU:31,CMU/31/31_13_stageii.npz,train,3888,768,758
CMU,CMU:31,CMU/31/31_14_stageii.npz,train,3793,749,739
CMU,CMU:31,CMU/31/31_15_stageii.npz,train,3707,732,722
CMU,CMU:31,CMU/31/31_16_stageii.npz,train,3910,773,763
CMU,CMU:31,CMU/31/31_17_stageii.npz,train,3993,789,779
CMU,CMU:31,CMU/31/31_18_stageii.npz,train,4236,838,828
CMU,CMU:31,CMU/31/31_19_stageii.npz,train,3991,789,779
CMU,CMU:31,CMU/31/31_20_stageii.npz,train,3946,780,770
CMU,CMU:31,CMU/31/31_21_stageii.npz,train,4086,808,798
CMU,CMU:32,CMU/32/32_01_stageii.npz,train,482,87,77
CMU,CMU:32,CMU/32/32_02_stageii.npz,train,434,77,67
CMU,CMU:32,CMU/32/32_03_stageii.npz,train,3238,638,628
CMU,CMU:32,CMU/32/32_04_stageii.npz,train,2310,453,443
CMU,CMU:32,CMU/32/32_05_stageii.npz,train,3648,720,710
CMU,CMU:32,CMU/32/32_06_stageii.npz,train,7851,1561,1551
CMU,CMU:32,CMU/32/32_07_stageii.npz,train,3119,614,604
CMU,CMU:32,CMU/32/32_08_stageii.npz,train,2240,439,429
CMU,CMU:32,CMU/32/32_09_stageii.npz,train,3736,738,728
CMU,CMU:32,CMU/32/32_10_stageii.npz,train,7942,1579,1569
CMU,CMU:32,CMU/32/32_11_stageii.npz,train,14684,2927,2917
CMU,CMU:32,CMU/32/32_12_stageii.npz,train,14704,2931,2921
CMU,CMU:32,CMU/32/32_13_stageii.npz,train,3234,637,627
CMU,CMU:32,CMU/32/32_14_stageii.npz,train,2667,524,514
CMU,CMU:32,CMU/32/32_15_stageii.npz,train,3627,716,706
CMU,CMU:32,CMU/32/32_16_stageii.npz,train,4390,869,859
CMU,CMU:32,CMU/32/32_17_stageii.npz,train,3312,653,643
CMU,CMU:32,CMU/32/32_18_stageii.npz,train,3032,597,587
CMU,CMU:32,CMU/32/32_19_stageii.npz,train,2311,453,443
CMU,CMU:32,CMU/32/32_20_stageii.npz,train,3555,702,692
CMU,CMU:32,CMU/32/32_21_stageii.npz,train,2038,398,388
CMU,CMU:32,CMU/32/32_22_stageii.npz,train,2847,560,550
CMU,CMU:35,CMU/35/35_01_stageii.npz,test,358,62,52
CMU,CMU:35,CMU/35/35_02_stageii.npz,test,406,72,62
CMU,CMU:35,CMU/35/35_03_stageii.npz,test,427,76,66
CMU,CMU:35,CMU/35/35_04_stageii.npz,test,433,77,67
CMU,CMU:35,CMU/35/35_05_stageii.npz,test,427,76,66
CMU,CMU:35,CMU/35/35_06_stageii.npz,test,438,78,68
CMU,CMU:35,CMU/35/35_07_stageii.npz,test,360,63,53
CMU,CMU:35,CMU/35/35_08_stageii.npz,test,455,82,72
CMU,CMU:35,CMU/35/35_09_stageii.npz,test,384,67,57
CMU,CMU:35,CMU/35/35_10_stageii.npz,test,432,77,67
CMU,CMU:35,CMU/35/35_11_stageii.npz,test,385,68,58
CMU,CMU:35,CMU/35/35_12_stageii.npz,test,397,70,60
CMU,CMU:35,CMU/35/35_13_stageii.npz,test,454,81,71
CMU,CMU:35,CMU/35/35_14_stageii.npz,test,411,73,63
CMU,CMU:35,CMU/35/35_15_stageii.npz,test,406,72,62
CMU,CMU:35,CMU/35/35_16_stageii.npz,test,443,79,69
CMU,CMU:35,CMU/35/35_17_stageii.npz,test,167,24,14
CMU,CMU:35,CMU/35/35_18_stageii.npz,test,175,26,16
CMU,CMU:35,CMU/35/35_19_stageii.npz,test,160,23,13
CMU,CMU:35,CMU/35/35_20_stageii.npz,test,163,23,13
CMU,CMU:35,CMU/35/35_21_stageii.npz,test,161,23,13
CMU,CMU:35,CMU/35/35_22_stageii.npz,test,167,24,14
CMU,CMU:35,CMU/35/35_23_stageii.npz,test,162,23,13
CMU,CMU:35,CMU/35/35_24_stageii.npz,test,150,21,11
CMU,CMU:35,CMU/35/35_25_stageii.npz,test,165,24,14
CMU,CMU:35,CMU/35/35_26_stageii.npz,test,138,18,8
CMU,CMU:35,CMU/35/35_27_stageii.npz,test,9807,1952,1942
CMU,CMU:35,CMU/35/35_28_stageii.npz,test,417,74,64
CMU,CMU:35,CMU/35/35_29_stageii.npz,test,497,90,80
CMU,CMU:35,CMU/35/35_30_stageii.npz,test,412,73,63
CMU,CMU:35,CMU/35/35_31_stageii.npz,test,421,75,65
CMU,CMU:35,CMU/35/35_32_stageii.npz,test,392,69,59
CMU,CMU:35,CMU/35/35_33_stageii.npz,test,421,75,65
CMU,CMU:35,CMU/35/35_34_stageii.npz,test,415,74,64
CMU,CMU:36,CMU/36/36_01_stageii.npz,train,557,102,92
CMU,CMU:36,CMU/36/36_02_stageii.npz,train,4273,845,835
CMU,CMU:36,CMU/36/36_03_stageii.npz,train,3852,761,751
CMU,CMU:36,CMU/36/36_04_stageii.npz,train,3726,736,726
CMU,CMU:36,CMU/36/36_05_stageii.npz,train,4196,830,820
CMU,CMU:36,CMU/36/36_06_stageii.npz,train,3896,770,760
CMU,CMU:36,CMU/36/36_07_stageii.npz,train,3772,745,735
CMU,CMU:36,CMU/36/36_08_stageii.npz,train,3714,733,723
CMU,CMU:36,CMU/36/36_09_stageii.npz,train,3890,769,759
CMU,CMU:36,CMU/36/36_10_stageii.npz,train,3832,757,747
CMU,CMU:36,CMU/36/36_11_stageii.npz,train,4168,824,814
CMU,CMU:36,CMU/36/36_12_stageii.npz,train,4585,908,898
CMU,CMU:36,CMU/36/36_13_stageii.npz,train,4247,840,830
CMU,CMU:36,CMU/36/36_14_stageii.npz,train,4146,820,810
CMU,CMU:36,CMU/36/36_15_stageii.npz,train,4164,823,813
CMU,CMU:36,CMU/36/36_16_stageii.npz,train,4395,870,860
CMU,CMU:36,CMU/36/36_17_stageii.npz,train,4359,862,852
CMU,CMU:36,CMU/36/36_18_stageii.npz,train,4304,851,841
CMU,CMU:36,CMU/36/36_19_stageii.npz,train,4193,829,819
CMU,CMU:36,CMU/36/36_20_stageii.npz,train,4090,809,799
CMU,CMU:36,CMU/36/36_21_stageii.npz,train,4030,797,787
CMU,CMU:36,CMU/36/36_22_stageii.npz,train,4312,853,843
CMU,CMU:36,CMU/36/36_23_stageii.npz,train,4392,869,859
CMU,CMU:36,CMU/36/36_24_stageii.npz,train,4153,821,811
CMU,CMU:36,CMU/36/36_25_stageii.npz,train,4685,928,918
CMU,CMU:36,CMU/36/36_26_stageii.npz,train,4237,838,828
CMU,CMU:36,CMU/36/36_27_stageii.npz,train,4247,840,830
CMU,CMU:36,CMU/36/36_28_stageii.npz,train,2391,469,459
CMU,CMU:36,CMU/36/36_29_stageii.npz,train,4469,884,874
CMU,CMU:36,CMU/36/36_30_stageii.npz,train,4414,873,863
CMU,CMU:36,CMU/36/36_31_stageii.npz,train,3736,738,728
CMU,CMU:36,CMU/36/36_32_stageii.npz,train,4468,884,874
CMU,CMU:36,CMU/36/36_33_stageii.npz,train,4311,853,843
CMU,CMU:36,CMU/36/36_34_stageii.npz,train,4328,856,846
CMU,CMU:36,CMU/36/36_35_stageii.npz,train,4341,859,849
CMU,CMU:36,CMU/36/36_36_stageii.npz,train,4792,949,939
CMU,CMU:37,CMU/37/37_01_stageii.npz,test,511,93,83
CMU,CMU:38,CMU/38/38_01_stageii.npz,test,352,61,51
CMU,CMU:38,CMU/38/38_02_stageii.npz,test,420,75,65
CMU,CMU:38,CMU/38/38_03_stageii.npz,test,761,143,133
CMU,CMU:38,CMU/38/38_04_stageii.npz,test,8631,1717,1707
CMU,CMU:39,CMU/39/39_01_stageii.npz,test,378,66,56
CMU,CMU:39,CMU/39/39_02_stageii.npz,test,400,71,61
CMU,CMU:39,CMU/39/39_03_stageii.npz,test,407,72,62
CMU,CMU:39,CMU/39/39_04_stageii.npz,test,410,73,63
CMU,CMU:39,CMU/39/39_05_stageii.npz,test,400,71,61
CMU,CMU:39,CMU/39/39_06_stageii.npz,test,368,64,54
CMU,CMU:39,CMU/39/39_07_stageii.npz,test,367,64,54
CMU,CMU:39,CMU/39/39_08_stageii.npz,test,350,61,51
CMU,CMU:39,CMU/39/39_09_stageii.npz,test,395,70,60
CMU,CMU:39,CMU/39/39_10_stageii.npz,test,391,69,59
CMU,CMU:39,CMU/39/39_11_stageii.npz,test,894,169,159
CMU,CMU:39,CMU/39/39_12_stageii.npz,test,427,76,66
CMU,CMU:39,CMU/39/39_13_stageii.npz,test,378,66,56
CMU,CMU:39,CMU/39/39_14_stageii.npz,test,399,70,60
CMU,CMU:40,CMU/40/40_02_stageii.npz,train,4994,989,979
CMU,CMU:40,CMU/40/40_03_stageii.npz,train,6188,1228,1218
CMU,CMU:40,CMU/40/40_04_stageii.npz,train,5897,1170,1160
CMU,CMU:40,CMU/40/40_05_stageii.npz,train,6085,1208,1198
CMU,CMU:40,CMU/40/40_06_stageii.npz,train,6583,1307,1297
CMU,CMU:40,CMU/40/40_07_stageii.npz,train,6882,1367,1357
CMU,CMU:40,CMU/40/40_08_stageii.npz,train,6959,1382,1372
CMU,CMU:40,CMU/40/40_09_stageii.npz,train,5167,1024,1014
CMU,CMU:40,CMU/40/40_10_stageii.npz,train,6214,1233,1223
CMU,CMU:40,CMU/40/40_11_stageii.npz,train,6020,1195,1185
CMU,CMU:40,CMU/40/40_12_stageii.npz,train,8437,1678,1668
CMU,CMU:41,CMU/41/41_02_stageii.npz,train,4387,868,858
CMU,CMU:41,CMU/41/41_03_stageii.npz,train,5952,1181,1171
CMU,CMU:41,CMU/41/41_04_stageii.npz,train,7067,1404,1394
CMU,CMU:41,CMU/41/41_05_stageii.npz,train,7225,1436,1426
CMU,CMU:41,CMU/41/41_06_stageii.npz,train,7105,1412,1402
CMU,CMU:41,CMU/41/41_07_stageii.npz,train,7536,1498,1488
CMU,CMU:41,CMU/41/41_08_stageii.npz,train,7948,1580,1570
CMU,CMU:41,CMU/41/41_09_stageii.npz,train,7718,1534,1524
CMU,CMU:41,CMU/41/41_10_stageii.npz,train,3909,772,762
CMU,CMU:41,CMU/41/41_11_stageii.npz,train,3151,621,611
CMU,CMU:43,CMU/43/43_01_stageii.npz,val,421,75,65
CMU,CMU:43,CMU/43/43_02_stageii.npz,val,904,171,161
CMU,CMU:43,CMU/43/43_03_stageii.npz,val,840,159,149
CMU,CMU:45,CMU/45/45_01_stageii.npz,val,456,82,72
CMU,CMU:46,CMU/46/46_01_stageii.npz,test,616,114,104
CMU,CMU:47,CMU/47/47_01_stageii.npz,val,1319,254,244
CMU,CMU:49,CMU/49/49_01_stageii.npz,val,652,121,111
CMU,CMU:49,CMU/49/49_02_stageii.npz,val,2085,408,398
CMU,CMU:49,CMU/49/49_03_stageii.npz,val,1504,291,281
CMU,CMU:49,CMU/49/49_04_stageii.npz,val,251,41,31
CMU,CMU:49,CMU/49/49_05_stageii.npz,val,164,23,13
CMU,CMU:49,CMU/49/49_06_stageii.npz,val,481,87,77
CMU,CMU:49,CMU/49/49_07_stageii.npz,val,471,85,75
CMU,CMU:49,CMU/49/49_08_stageii.npz,val,575,106,96
CMU,CMU:49,CMU/49/49_09_stageii.npz,val,1917,374,364
CMU,CMU:49,CMU/49/49_10_stageii.npz,val,1424,275,265
CMU,CMU:49,CMU/49/49_11_stageii.npz,val,1197,230,220
CMU,CMU:49,CMU/49/49_12_stageii.npz,val,1131,217,207
CMU,CMU:49,CMU/49/49_13_stageii.npz,val,523,95,85
CMU,CMU:49,CMU/49/49_14_stageii.npz,val,619,114,104
CMU,CMU:49,CMU/49/49_15_stageii.npz,val,947,180,170
CMU,CMU:49,CMU/49/49_16_stageii.npz,val,1136,218,208
CMU,CMU:49,CMU/49/49_17_stageii.npz,val,750,141,131
CMU,CMU:49,CMU/49/49_18_stageii.npz,val,1102,211,201
CMU,CMU:49,CMU/49/49_19_stageii.npz,val,957,182,172
CMU,CMU:49,CMU/49/49_20_stageii.npz,val,898,170,160
CMU,CMU:49,CMU/49/49_21_stageii.npz,val,2422,475,465
CMU,CMU:49,CMU/49/49_22_stageii.npz,val,1288,248,238
CMU,CMU:54,CMU/54/54_01_stageii.npz,train,1921,375,365
CMU,CMU:54,CMU/54/54_02_stageii.npz,train,3009,592,582
CMU,CMU:54,CMU/54/54_03_stageii.npz,train,2772,545,535
CMU,CMU:54,CMU/54/54_04_stageii.npz,train,4609,912,902
CMU,CMU:54,CMU/54/54_05_stageii.npz,train,1067,204,194
CMU,CMU:54,CMU/54/54_06_stageii.npz,train,7878,1566,1556
CMU,CMU:54,CMU/54/54_07_stageii.npz,train,4010,793,783
CMU,CMU:54,CMU/54/54_08_stageii.npz,train,4238,838,828
CMU,CMU:54,CMU/54/54_09_stageii.npz,train,1932,377,367
CMU,CMU:54,CMU/54/54_10_stageii.npz,train,4711,933,923
CMU,CMU:54,CMU/54/54_11_stageii.npz,train,3414,673,663
CMU,CMU:54,CMU/54/54_12_stageii.npz,train,2293,449,439
CMU,CMU:54,CMU/54/54_13_stageii.npz,train,1631,317,307
CMU,CMU:54,CMU/54/54_14_stageii.npz,train,1628,316,306
CMU,CMU:54,CMU/54/54_15_stageii.npz,train,4124,815,805
CMU,CMU:54,CMU/54/54_16_stageii.npz,train,4122,815,805
CMU,CMU:54,CMU/54/54_17_stageii.npz,train,2820,555,545
CMU,CMU:54,CMU/54/54_18_stageii.npz,train,2024,395,385
CMU,CMU:54,CMU/54/54_19_stageii.npz,train,4890,969,959
CMU,CMU:54,CMU/54/54_20_stageii.npz,train,6196,1230,1220
CMU,CMU:54,CMU/54/54_21_stageii.npz,train,6988,1388,1378
CMU,CMU:54,CMU/54/54_22_stageii.npz,train,2534,497,487
CMU,CMU:54,CMU/54/54_23_stageii.npz,train,4299,850,840
CMU,CMU:54,CMU/54/54_24_stageii.npz,train,2687,528,518
CMU,CMU:54,CMU/54/54_25_stageii.npz,train,4542,899,889
CMU,CMU:54,CMU/54/54_26_stageii.npz,train,1961,383,373
CMU,CMU:54,CMU/54/54_27_stageii.npz,train,3440,679,669
CMU,CMU:55,CMU/55/55_01_stageii.npz,train,1806,352,342
CMU,CMU:55,CMU/55/55_02_stageii.npz,train,2180,427,417
CMU,CMU:55,CMU/55/55_03_stageii.npz,train,4530,897,887
CMU,CMU:55,CMU/55/55_04_stageii.npz,train,530,97,87
CMU,CMU:55,CMU/55/55_05_stageii.npz,train,2812,553,543
CMU,CMU:55,CMU/55/55_06_stageii.npz,train,9275,1846,1836
CMU,CMU:55,CMU/55/55_07_stageii.npz,train,4568,904,894
CMU,CMU:55,CMU/55/55_08_stageii.npz,train,5340,1059,1049
CMU,CMU:55,CMU/55/55_09_stageii.npz,train,4220,835,825
CMU,CMU:55,CMU/55/55_10_stageii.npz,train,1362,263,253
CMU,CMU:55,CMU/55/55_11_stageii.npz,train,4365,864,854
CMU,CMU:55,CMU/55/55_12_stageii.npz,train,2075,406,396
CMU,CMU:55,CMU/55/55_13_stageii.npz,train,9738,1938,1928
CMU,CMU:55,CMU/55/55_14_stageii.npz,train,5202,1031,1021
CMU,CMU:55,CMU/55/55_15_stageii.npz,train,9693,1929,1919
CMU,CMU:55,CMU/55/55_16_stageii.npz,train,6082,1207,1197
CMU,CMU:55,CMU/55/55_17_stageii.npz,train,6176,1226,1216
CMU,CMU:55,CMU/55/55_18_stageii.npz,train,5387,1068,1058
CMU,CMU:55,CMU/55/55_19_stageii.npz,train,4741,939,929
CMU,CMU:55,CMU/55/55_20_stageii.npz,train,4598,910,900
CMU,CMU:55,CMU/55/55_21_stageii.npz,train,3499,690,680
CMU,CMU:55,CMU/55/55_22_stageii.npz,train,6541,1299,1289
CMU,CMU:55,CMU/55/55_23_stageii.npz,train,5971,1185,1175
CMU,CMU:55,CMU/55/55_24_stageii.npz,train,9522,1895,1885
CMU,CMU:55,CMU/55/55_25_stageii.npz,train,3188,628,618
CMU,CMU:55,CMU/55/55_26_stageii.npz,train,4103,811,801
CMU,CMU:55,CMU/55/55_27_stageii.npz,train,5003,991,981
CMU,CMU:55,CMU/55/55_28_stageii.npz,train,8309,1652,1642
CMU,CMU:56,CMU/56/56_01_stageii.npz,train,1506,292,282
CMU,CMU:56,CMU/56/56_02_stageii.npz,train,3418,674,664
CMU,CMU:56,CMU/56/56_03_stageii.npz,train,6220,1235,1225
CMU,CMU:56,CMU/56/56_04_stageii.npz,train,6767,1344,1334
CMU,CMU:56,CMU/56/56_05_stageii.npz,train,7359,1462,1452
CMU,CMU:56,CMU/56/56_06_stageii.npz,train,6784,1347,1337
CMU,CMU:56,CMU/56/56_07_stageii.npz,train,9420,1875,1865
CMU,CMU:56,CMU/56/56_08_stageii.npz,train,4174,825,815
CMU,CMU:60,CMU/60/60_01_stageii.npz,train,2242,439,429
CMU,CMU:60,CMU/60/60_02_stageii.npz,train,2101,411,401
CMU,CMU:60,CMU/60/60_03_stageii.npz,train,1830,357,347
CMU,CMU:60,CMU/60/60_04_stageii.npz,train,1871,365,355
CMU,CMU:60,CMU/60/60_05_stageii.npz,train,1678,326,316
CMU,CMU:60,CMU/60/60_06_stageii.npz,train,1772,345,335
CMU,CMU:60,CMU/60/60_08_stageii.npz,train,3421,675,665
CMU,CMU:60,CMU/60/60_09_stageii.npz,train,2575,506,496
CMU,CMU:60,CMU/60/60_10_stageii.npz,train,1197,230,220
CMU,CMU:60,CMU/60/60_11_stageii.npz,train,2108,412,402
CMU,CMU:60,CMU/60/60_12_stageii.npz,train,1690,329,319
CMU,CMU:60,CMU/60/60_13_stageii.npz,train,2271,445,435
CMU,CMU:60,CMU/60/60_14_stageii.npz,train,1949,380,370
CMU,CMU:60,CMU/60/60_15_stageii.npz,train,2140,419,409
CMU,CMU:61,CMU/61/61_01_stageii.npz,test,2242,439,429
CMU,CMU:61,CMU/61/61_02_stageii.npz,test,2101,411,401
CMU,CMU:61,CMU/61/61_03_stageii.npz,test,1830,357,347
CMU,CMU:61,CMU/61/61_04_stageii.npz,test,1871,365,355
CMU,CMU:61,CMU/61/61_09_stageii.npz,test,2575,506,496
CMU,CMU:61,CMU/61/61_10_stageii.npz,test,1197,230,220
CMU,CMU:61,CMU/61/61_12_stageii.npz,test,1690,329,319
CMU,CMU:61,CMU/61/61_15_stageii.npz,test,2140,419,409
CMU,CMU:62,CMU/62/62_01_stageii.npz,val,1082,207,197
CMU,CMU:62,CMU/62/62_02_stageii.npz,val,1040,199,189
CMU,CMU:62,CMU/62/62_03_stageii.npz,val,1377,266,256
CMU,CMU:62,CMU/62/62_04_stageii.npz,val,1353,261,251
CMU,CMU:62,CMU/62/62_05_stageii.npz,val,1158,222,212
CMU,CMU:62,CMU/62/62_06_stageii.npz,val,2650,521,511
CMU,CMU:62,CMU/62/62_07_stageii.npz,val,1114,213,203
CMU,CMU:62,CMU/62/62_08_stageii.npz,val,896,170,160
CMU,CMU:62,CMU/62/62_09_stageii.npz,val,1138,218,208
CMU,CMU:62,CMU/62/62_10_stageii.npz,val,2021,395,385
CMU,CMU:62,CMU/62/62_11_stageii.npz,val,3707,732,722
CMU,CMU:62,CMU/62/62_12_stageii.npz,val,985,188,178
CMU,CMU:62,CMU/62/62_13_stageii.npz,val,1264,243,233
CMU,CMU:62,CMU/62/62_14_stageii.npz,val,674,125,115
CMU,CMU:62,CMU/62/62_15_stageii.npz,val,680,127,117
CMU,CMU:62,CMU/62/62_16_stageii.npz,val,628,116,106
CMU,CMU:62,CMU/62/62_17_stageii.npz,val,721,135,125
CMU,CMU:62,CMU/62/62_18_stageii.npz,val,565,104,94
CMU,CMU:62,CMU/62/62_19_stageii.npz,val,659,122,112
CMU,CMU:62,CMU/62/62_20_stageii.npz,val,964,183,173
CMU,CMU:62,CMU/62/62_21_stageii.npz,val,3449,680,670
CMU,CMU:62,CMU/62/62_22_stageii.npz,val,1056,202,192
CMU,CMU:62,CMU/62/62_23_stageii.npz,val,955,182,172
CMU,CMU:62,CMU/62/62_24_stageii.npz,val,2886,568,558
CMU,CMU:62,CMU/62/62_25_stageii.npz,val,1324,255,245
CMU,CMU:63,CMU/63/63_01_stageii.npz,train,448,80,70
CMU,CMU:63,CMU/63/63_02_stageii.npz,train,493,89,79
CMU,CMU:63,CMU/63/63_03_stageii.npz,train,444,79,69
CMU,CMU:63,CMU/63/63_04_stageii.npz,train,412,73,63
CMU,CMU:63,CMU/63/63_05_stageii.npz,train,387,68,58
CMU,CMU:63,CMU/63/63_06_stageii.npz,train,529,96,86
CMU,CMU:63,CMU/63/63_07_stageii.npz,train,376,66,56
CMU,CMU:63,CMU/63/63_08_stageii.npz,train,364,63,53
CMU,CMU:63,CMU/63/63_09_stageii.npz,train,452,81,71
CMU,CMU:63,CMU/63/63_10_stageii.npz,train,562,103,93
CMU,CMU:63,CMU/63/63_11_stageii.npz,train,593,109,99
CMU,CMU:63,CMU/63/63_12_stageii.npz,train,504,91,81
CMU,CMU:63,CMU/63/63_13_stageii.npz,train,437,78,68
CMU,CMU:63,CMU/63/63_14_stageii.npz,train,559,102,92
CMU,CMU:63,CMU/63/63_15_stageii.npz,train,415,74,64
CMU,CMU:63,CMU/63/63_16_stageii.npz,train,621,115,105
CMU,CMU:63,CMU/63/63_17_stageii.npz,train,534,97,87
CMU,CMU:63,CMU/63/63_18_stageii.npz,train,475,86,76
CMU,CMU:63,CMU/63/63_19_stageii.npz,train,367,64,54
CMU,CMU:63,CMU/63/63_20_stageii.npz,train,586,108,98
CMU,CMU:63,CMU/63/63_21_stageii.npz,train,437,78,68
CMU,CMU:63,CMU/63/63_22_stageii.npz,train,527,96,86
CMU,CMU:63,CMU/63/63_23_stageii.npz,train,521,95,85
CMU,CMU:63,CMU/63/63_24_stageii.npz,train,578,106,96
CMU,CMU:63,CMU/63/63_25_stageii.npz,train,615,114,104
CMU,CMU:63,CMU/63/63_26_stageii.npz,train,562,103,93
CMU,CMU:63,CMU/63/63_27_stageii.npz,train,569,104,94
CMU,CMU:63,CMU/63/63_28_stageii.npz,train,517,94,84
CMU,CMU:63,CMU/63/63_29_stageii.npz,train,579,106,96
CMU,CMU:63,CMU/63/63_30_stageii.npz,train,616,114,104
CMU,CMU:64,CMU/64/64_01_stageii.npz,val,448,80,70
CMU,CMU:64,CMU/64/64_02_stageii.npz,val,493,89,79
CMU,CMU:64,CMU/64/64_03_stageii.npz,val,444,79,69
CMU,CMU:64,CMU/64/64_04_stageii.npz,val,412,73,63
CMU,CMU:64,CMU/64/64_05_stageii.npz,val,387,68,58
CMU,CMU:64,CMU/64/64_06_stageii.npz,val,529,96,86
CMU,CMU:64,CMU/64/64_07_stageii.npz,val,376,66,56
CMU,CMU:64,CMU/64/64_08_stageii.npz,val,364,63,53
CMU,CMU:64,CMU/64/64_09_stageii.npz,val,452,81,71
CMU,CMU:64,CMU/64/64_10_stageii.npz,val,562,103,93
CMU,CMU:64,CMU/64/64_11_stageii.npz,val,593,109,99
CMU,CMU:64,CMU/64/64_12_stageii.npz,val,504,91,81
CMU,CMU:64,CMU/64/64_13_stageii.npz,val,437,78,68
CMU,CMU:64,CMU/64/64_14_stageii.npz,val,559,102,92
CMU,CMU:64,CMU/64/64_15_stageii.npz,val,415,74,64
CMU,CMU:64,CMU/64/64_16_stageii.npz,val,621,115,105
CMU,CMU:64,CMU/64/64_17_stageii.npz,val,534,97,87
CMU,CMU:64,CMU/64/64_18_stageii.npz,val,475,86,76
CMU,CMU:64,CMU/64/64_19_stageii.npz,val,367,64,54
CMU,CMU:64,CMU/64/64_20_stageii.npz,val,586,108,98
CMU,CMU:64,CMU/64/64_21_stageii.npz,val,437,78,68
CMU,CMU:64,CMU/64/64_22_stageii.npz,val,527,96,86
CMU,CMU:64,CMU/64/64_23_stageii.npz,val,521,95,85
CMU,CMU:64,CMU/64/64_24_stageii.npz,val,578,106,96
CMU,CMU:64,CMU/64/64_25_stageii.npz,val,615,114,104
CMU,CMU:64,CMU/64/64_26_stageii.npz,val,562,103,93
CMU,CMU:64,CMU/64/64_27_stageii.npz,val,569,104,94
CMU,CMU:64,CMU/64/64_28_stageii.npz,val,517,94,84
CMU,CMU:64,CMU/64/64_29_stageii.npz,val,579,106,96
CMU,CMU:64,CMU/64/64_30_stageii.npz,val,616,114,104
CMU,CMU:70,CMU/70/70_01_stageii.npz,val,715,134,124
CMU,CMU:70,CMU/70/70_02_stageii.npz,val,759,142,132
CMU,CMU:70,CMU/70/70_03_stageii.npz,val,1853,361,351
CMU,CMU:70,CMU/70/70_04_stageii.npz,val,1669,324,314
CMU,CMU:70,CMU/70/70_05_stageii.npz,val,904,171,161
CMU,CMU:70,CMU/70/70_06_stageii.npz,val,835,158,148
CMU,CMU:70,CMU/70/70_08_stageii.npz,val,854,161,151
CMU,CMU:70,CMU/70/70_09_stageii.npz,val,840,159,149
CMU,CMU:70,CMU/70/70_10_stageii.npz,val,799,150,140
CMU,CMU:73,CMU/73/73_01_stageii.npz,test,715,134,124
CMU,CMU:73,CMU/73/73_02_stageii.npz,test,759,142,132
CMU,CMU:73,CMU/73/73_03_stageii.npz,test,1853,361,351
CMU,CMU:73,CMU/73/73_04_stageii.npz,test,1669,324,314
CMU,CMU:73,CMU/73/73_05_stageii.npz,test,904,171,161
CMU,CMU:73,CMU/73/73_06_stageii.npz,test,835,158,148
CMU,CMU:73,CMU/73/73_08_stageii.npz,test,854,161,151
CMU,CMU:73,CMU/73/73_09_stageii.npz,test,840,159,149
CMU,CMU:73,CMU/73/73_10_stageii.npz,test,799,150,140
CMU,CMU:74,CMU/74/74_01_stageii.npz,test,464,83,73
CMU,CMU:74,CMU/74/74_02_stageii.npz,test,265,44,34
CMU,CMU:74,CMU/74/74_03_stageii.npz,test,396,70,60
CMU,CMU:74,CMU/74/74_04_stageii.npz,test,315,54,44
CMU,CMU:74,CMU/74/74_05_stageii.npz,test,323,55,45
CMU,CMU:74,CMU/74/74_06_stageii.npz,test,325,56,46
CMU,CMU:74,CMU/74/74_07_stageii.npz,test,311,53,43
CMU,CMU:74,CMU/74/74_08_stageii.npz,test,168,24,14
CMU,CMU:74,CMU/74/74_09_stageii.npz,test,199,30,20
CMU,CMU:74,CMU/74/74_10_stageii.npz,test,335,58,48
CMU,CMU:74,CMU/74/74_11_stageii.npz,test,346,60,50
CMU,CMU:74,CMU/74/74_12_stageii.npz,test,302,51,41
CMU,CMU:74,CMU/74/74_13_stageii.npz,test,2524,495,485
CMU,CMU:74,CMU/74/74_14_stageii.npz,test,447,80,70
CMU,CMU:74,CMU/74/74_15_stageii.npz,test,439,78,68
CMU,CMU:74,CMU/74/74_16_stageii.npz,test,493,89,79
CMU,CMU:74,CMU/74/74_17_stageii.npz,test,521,95,85
CMU,CMU:74,CMU/74/74_18_stageii.npz,test,492,89,79
CMU,CMU:74,CMU/74/74_19_stageii.npz,test,488,88,78
CMU,CMU:74,CMU/74/74_20_stageii.npz,test,576,106,96
CMU,CMU:75,CMU/75/75_01_stageii.npz,val,378,66,56
CMU,CMU:75,CMU/75/75_02_stageii.npz,val,239,38,28
CMU,CMU:75,CMU/75/75_03_stageii.npz,val,207,32,22
CMU,CMU:75,CMU/75/75_04_stageii.npz,val,290,49,39
CMU,CMU:75,CMU/75/75_05_stageii.npz,val,298,50,40
CMU,CMU:75,CMU/75/75_06_stageii.npz,val,729,136,126
CMU,CMU:75,CMU/75/75_07_stageii.npz,val,1119,214,204
CMU,CMU:75,CMU/75/75_08_stageii.npz,val,1115,214,204
CMU,CMU:75,CMU/75/75_09_stageii.npz,val,372,65,55
CMU,CMU:75,CMU/75/75_11_stageii.npz,val,176,26,16
CMU,CMU:75,CMU/75/75_12_stageii.npz,val,462,83,73
CMU,CMU:75,CMU/75/75_13_stageii.npz,val,373,65,55
CMU,CMU:75,CMU/75/75_14_stageii.npz,val,446,80,70
CMU,CMU:75,CMU/75/75_15_stageii.npz,val,1745,340,330
CMU,CMU:75,CMU/75/75_16_stageii.npz,val,343,59,49
CMU,CMU:75,CMU/75/75_17_stageii.npz,val,324,55,45
CMU,CMU:75,CMU/75/75_18_stageii.npz,val,303,51,41
CMU,CMU:75,CMU/75/75_19_stageii.npz,val,768,144,134
CMU,CMU:75,CMU/75/75_20_stageii.npz,val,496,90,80
CMU,CMU:76,CMU/76/76_01_stageii.npz,test,930,177,167
CMU,CMU:76,CMU/76/76_02_stageii.npz,test,1164,223,213
CMU,CMU:76,CMU/76/76_03_stageii.npz,test,1082,207,197
CMU,CMU:76,CMU/76/76_04_stageii.npz,test,417,74,64
CMU,CMU:76,CMU/76/76_05_stageii.npz,test,866,164,154
CMU,CMU:76,CMU/76/76_06_stageii.npz,test,675,126,116
CMU,CMU:76,CMU/76/76_08_stageii.npz,test,1503,291,281
CMU,CMU:76,CMU/76/76_09_stageii.npz,test,1587,308,298
CMU,CMU:76,CMU/76/76_10_stageii.npz,test,1365,264,254
CMU,CMU:76,CMU/76/76_11_stageii.npz,test,513,93,83
CMU,CMU:77,CMU/77/77_01_stageii.npz,val,1090,209,199
CMU,CMU:77,CMU/77/77_02_stageii.npz,val,937,178,168
CMU,CMU:77,CMU/77/77_03_stageii.npz,val,984,187,177
CMU,CMU:77,CMU/77/77_04_stageii.npz,val,883,167,157
CMU,CMU:77,CMU/77/77_05_stageii.npz,val,511,93,83
CMU,CMU:77,CMU/77/77_06_stageii.npz,val,1352,261,251
CMU,CMU:77,CMU/77/77_07_stageii.npz,val,505,92,82
CMU,CMU:77,CMU/77/77_08_stageii.npz,val,1008,192,182
CMU,CMU:77,CMU/77/77_09_stageii.npz,val,988,188,178
CMU,CMU:77,CMU/77/77_10_stageii.npz,val,690,129,119
CMU,CMU:77,CMU/77/77_11_stageii.npz,val,320,55,45
CMU,CMU:77,CMU/77/77_12_stageii.npz,val,978,186,176
CMU,CMU:77,CMU/77/77_13_stageii.npz,val,1387,268,258
CMU,CMU:77,CMU/77/77_14_stageii.npz,val,990,189,179
CMU,CMU:77,CMU/77/77_15_stageii.npz,val,1078,206,196
CMU,CMU:77,CMU/77/77_16_stageii.npz,val,653,121,111
CMU,CMU:77,CMU/77/77_17_stageii.npz,val,719,134,124
CMU,CMU:77,CMU/77/77_18_stageii.npz,val,854,161,151
CMU,CMU:77,CMU/77/77_19_stageii.npz,val,1000,191,181
CMU,CMU:77,CMU/77/77_20_stageii.npz,val,1570,305,295
CMU,CMU:77,CMU/77/77_21_stageii.npz,val,1310,253,243
CMU,CMU:77,CMU/77/77_22_stageii.npz,val,1425,276,266
CMU,CMU:77,CMU/77/77_23_stageii.npz,val,1592,309,299
CMU,CMU:77,CMU/77/77_24_stageii.npz,val,716,134,124
CMU,CMU:77,CMU/77/77_25_stageii.npz,val,663,123,113
CMU,CMU:77,CMU/77/77_26_stageii.npz,val,651,121,111
CMU,CMU:77,CMU/77/77_27_stageii.npz,val,727,136,126
CMU,CMU:77,CMU/77/77_28_stageii.npz,val,2970,585,575
CMU,CMU:77,CMU/77/77_29_stageii.npz,val,2104,411,401
CMU,CMU:77,CMU/77/77_30_stageii.npz,val,1261,243,233
CMU,CMU:77,CMU/77/77_31_stageii.npz,val,2106,412,402
CMU,CMU:77,CMU/77/77_32_stageii.npz,val,1894,369,359
CMU,CMU:77,CMU/77/77_33_stageii.npz,val,2997,590,580
CMU,CMU:77,CMU/77/77_34_stageii.npz,val,1122,215,205
CMU,CMU:78,CMU/78/78_02_stageii.npz,train,277,46,36
CMU,CMU:78,CMU/78/78_03_stageii.npz,train,174,25,15
CMU,CMU:78,CMU/78/78_05_stageii.npz,train,167,24,14
CMU,CMU:78,CMU/78/78_06_stageii.npz,train,109,12,2
CMU,CMU:78,CMU/78/78_07_stageii.npz,train,141,19,9
CMU,CMU:78,CMU/78/78_08_stageii.npz,train,112,13,3
CMU,CMU:78,CMU/78/78_10_stageii.npz,train,140,19,9
CMU,CMU:78,CMU/78/78_12_stageii.npz,train,97,10,0
CMU,CMU:78,CMU/78/78_13_stageii.npz,train,174,25,15
CMU,CMU:78,CMU/78/78_14_stageii.npz,train,171,25,15
CMU,CMU:78,CMU/78/78_15_stageii.npz,train,152,21,11
CMU,CMU:78,CMU/78/78_16_stageii.npz,train,196,30,20
CMU,CMU:78,CMU/78/78_17_stageii.npz,train,179,26,16
CMU,CMU:78,CMU/78/78_18_stageii.npz,train,213,33,23
CMU,CMU:78,CMU/78/78_19_stageii.npz,train,176,26,16
CMU,CMU:78,CMU/78/78_20_stageii.npz,train,230,37,27
CMU,CMU:78,CMU/78/78_21_stageii.npz,train,226,36,26
CMU,CMU:78,CMU/78/78_22_stageii.npz,train,606,112,102
CMU,CMU:78,CMU/78/78_23_stageii.npz,train,519,94,84
CMU,CMU:78,CMU/78/78_24_stageii.npz,train,246,40,30
CMU,CMU:78,CMU/78/78_25_stageii.npz,train,356,62,52
CMU,CMU:78,CMU/78/78_26_stageii.npz,train,326,56,46
CMU,CMU:78,CMU/78/78_27_stageii.npz,train,296,50,40
CMU,CMU:78,CMU/78/78_28_stageii.npz,train,448,80,70
CMU,CMU:78,CMU/78/78_29_stageii.npz,train,171,25,15
CMU,CMU:78,CMU/78/78_30_stageii.npz,train,703,131,121
CMU,CMU:78,CMU/78/78_31_stageii.npz,train,798,150,140
CMU,CMU:78,CMU/78/78_32_stageii.npz,train,214,33,23
CMU,CMU:78,CMU/78/78_33_stageii.npz,train,229,36,26
CMU,CMU:78,CMU/78/78_34_stageii.npz,train,305,52,42
CMU,CMU:78,CMU/78/78_35_stageii.npz,train,220,35,25
CMU,CMU:79,CMU/79/79_01_stageii.npz,train,586,108,98
CMU,CMU:79,CMU/79/79_02_stageii.npz,train,776,146,136
CMU,CMU:79,CMU/79/79_03_stageii.npz,train,843,159,149
CMU,CMU:79,CMU/79/79_04_stageii.npz,train,909,172,162
CMU,CMU:79,CMU/79/79_05_stageii.npz,train,980,187,177
CMU,CMU:79,CMU/79/79_06_stageii.npz,train,590,109,99
CMU,CMU:79,CMU/79/79_07_stageii.npz,train,329,56,46
CMU,CMU:79,CMU/79/79_08_stageii.npz,train,442,79,69
CMU,CMU:79,CMU/79/79_09_stageii.npz,train,838,158,148
CMU,CMU:79,CMU/79/79_10_stageii.npz,train,703,131,121
CMU,CMU:79,CMU/79/79_11_stageii.npz,train,130,17,7
CMU,CMU:79,CMU/79/79_12_stageii.npz,train,1025,196,186
CMU,CMU:79,CMU/79/79_13_stageii.npz,train,664,123,113
CMU,CMU:79,CMU/79/79_14_stageii.npz,train,733,137,127
CMU,CMU:79,CMU/79/79_15_stageii.npz,train,875,166,156
CMU,CMU:79,CMU/79/79_16_stageii.npz,train,720,135,125
CMU,CMU:79,CMU/79/79_17_stageii.npz,train,804,151,141
CMU,CMU:79,CMU/79/79_18_stageii.npz,train,804,151,141
CMU,CMU:79,CMU/79/79_19_stageii.npz,train,691,129,119
CMU,CMU:79,CMU/79/79_20_stageii.npz,train,747,140,130
CMU,CMU:79,CMU/79/79_21_stageii.npz,train,817,154,144
CMU,CMU:79,CMU/79/79_22_stageii.npz,train,879,166,156
CMU,CMU:79,CMU/79/79_23_stageii.npz,train,730,137,127
CMU,CMU:79,CMU/79/79_24_stageii.npz,train,744,139,129
CMU,CMU:79,CMU/79/79_25_stageii.npz,train,603,111,101
CMU,CMU:79,CMU/79/79_26_stageii.npz,train,1032,197,187
CMU,CMU:79,CMU/79/79_27_stageii.npz,train,883,167,157
CMU,CMU:79,CMU/79/79_28_stageii.npz,train,408,72,62
CMU,CMU:79,CMU/79/79_29_stageii.npz,train,678,126,116
CMU,CMU:79,CMU/79/79_30_stageii.npz,train,800,151,141
CMU,CMU:79,CMU/79/79_31_stageii.npz,train,578,106,96
CMU,CMU:79,CMU/79/79_32_stageii.npz,train,964,183,173
CMU,CMU:79,CMU/79/79_33_stageii.npz,train,581,107,97
CMU,CMU:79,CMU/79/79_34_stageii.npz,train,748,140,130
CMU,CMU:79,CMU/79/79_35_stageii.npz,train,1194,229,219
CMU,CMU:79,CMU/79/79_36_stageii.npz,train,518,94,84
CMU,CMU:79,CMU/79/79_37_stageii.npz,train,602,111,101
CMU,CMU:79,CMU/79/79_38_stageii.npz,train,541,99,89
CMU,CMU:79,CMU/79/79_39_stageii.npz,train,808,152,142
CMU,CMU:79,CMU/79/79_40_stageii.npz,train,866,164,154
CMU,CMU:79,CMU/79/79_41_stageii.npz,train,1108,212,202
CMU,CMU:79,CMU/79/79_42_stageii.npz,train,793,149,139
CMU,CMU:79,CMU/79/79_43_stageii.npz,train,987,188,178
CMU,CMU:79,CMU/79/79_44_stageii.npz,train,854,161,151
CMU,CMU:79,CMU/79/79_45_stageii.npz,train,863,163,153
CMU,CMU:79,CMU/79/79_46_stageii.npz,train,1296,250,240
CMU,CMU:79,CMU/79/79_47_stageii.npz,train,1234,237,227
CMU,CMU:79,CMU/79/79_48_stageii.npz,train,1262,243,233
CMU,CMU:79,CMU/79/79_49_stageii.npz,train,1038,198,188
CMU,CMU:79,CMU/79/79_50_stageii.npz,train,734,137,127
CMU,CMU:79,CMU/79/79_51_stageii.npz,train,854,161,151
CMU,CMU:79,CMU/79/79_52_stageii.npz,train,898,170,160
CMU,CMU:79,CMU/79/79_53_stageii.npz,train,746,140,130
CMU,CMU:79,CMU/79/79_54_stageii.npz,train,1167,224,214
CMU,CMU:79,CMU/79/79_55_stageii.npz,train,640,119,109
CMU,CMU:79,CMU/79/79_56_stageii.npz,train,859,162,152
CMU,CMU:79,CMU/79/79_57_stageii.npz,train,967,184,174
CMU,CMU:79,CMU/79/79_58_stageii.npz,train,849,160,150
CMU,CMU:79,CMU/79/79_59_stageii.npz,train,850,161,151
CMU,CMU:79,CMU/79/79_60_stageii.npz,train,801,151,141
CMU,CMU:79,CMU/79/79_61_stageii.npz,train,1091,209,199
CMU,CMU:79,CMU/79/79_62_stageii.npz,train,845,160,150
CMU,CMU:79,CMU/79/79_63_stageii.npz,train,1092,209,199
CMU,CMU:79,CMU/79/79_64_stageii.npz,train,1078,206,196
CMU,CMU:79,CMU/79/79_65_stageii.npz,train,653,121,111
CMU,CMU:79,CMU/79/79_66_stageii.npz,train,728,136,126
CMU,CMU:79,CMU/79/79_67_stageii.npz,train,1262,243,233
CMU,CMU:79,CMU/79/79_68_stageii.npz,train,1180,227,217
CMU,CMU:79,CMU/79/79_69_stageii.npz,train,817,154,144
CMU,CMU:79,CMU/79/79_70_stageii.npz,train,763,143,133
CMU,CMU:79,CMU/79/79_71_stageii.npz,train,1079,206,196
CMU,CMU:79,CMU/79/79_72_stageii.npz,train,953,181,171
CMU,CMU:79,CMU/79/79_73_stageii.npz,train,887,168,158
CMU,CMU:79,CMU/79/79_74_stageii.npz,train,925,176,166
CMU,CMU:79,CMU/79/79_75_stageii.npz,train,1290,249,239
CMU,CMU:79,CMU/79/79_76_stageii.npz,train,1254,241,231
CMU,CMU:79,CMU/79/79_77_stageii.npz,train,1145,220,210
CMU,CMU:79,CMU/79/79_78_stageii.npz,train,1292,249,239
CMU,CMU:79,CMU/79/79_79_stageii.npz,train,841,159,149
CMU,CMU:79,CMU/79/79_80_stageii.npz,train,986,188,178
CMU,CMU:79,CMU/79/79_81_stageii.npz,train,940,179,169
CMU,CMU:79,CMU/79/79_82_stageii.npz,train,767,144,134
CMU,CMU:79,CMU/79/79_83_stageii.npz,train,1172,225,215
CMU,CMU:79,CMU/79/79_84_stageii.npz,train,876,166,156
CMU,CMU:79,CMU/79/79_85_stageii.npz,train,1049,200,190
CMU,CMU:79,CMU/79/79_86_stageii.npz,train,681,127,117
CMU,CMU:79,CMU/79/79_87_stageii.npz,train,791,149,139
CMU,CMU:79,CMU/79/79_88_stageii.npz,train,907,172,162
CMU,CMU:79,CMU/79/79_89_stageii.npz,train,885,168,158
CMU,CMU:79,CMU/79/79_90_stageii.npz,train,1358,262,252
CMU,CMU:79,CMU/79/79_91_stageii.npz,train,498,90,80
CMU,CMU:79,CMU/79/79_92_stageii.npz,train,638,118,108
CMU,CMU:79,CMU/79/79_93_stageii.npz,train,1138,218,208
CMU,CMU:79,CMU/79/79_94_stageii.npz,train,935,178,168
CMU,CMU:79,CMU/79/79_95_stageii.npz,train,945,180,170
CMU,CMU:79,CMU/79/79_96_stageii.npz,train,559,102,92
CMU,CMU:80,CMU/80/80_01_stageii.npz,train,849,160,150
CMU,CMU:80,CMU/80/80_02_stageii.npz,train,704,131,121
CMU,CMU:80,CMU/80/80_03_stageii.npz,train,660,123,113
CMU,CMU:80,CMU/80/80_04_stageii.npz,train,1102,211,201
CMU,CMU:80,CMU/80/80_05_stageii.npz,train,1160,223,213
CMU,CMU:80,CMU/80/80_06_stageii.npz,train,962,183,173
CMU,CMU:80,CMU/80/80_07_stageii.npz,train,1558,302,292
CMU,CMU:80,CMU/80/80_08_stageii.npz,train,879,166,156
CMU,CMU:80,CMU/80/80_09_stageii.npz,train,1517,294,284
CMU,CMU:80,CMU/80/80_10_stageii.npz,train,773,145,135
CMU,CMU:80,CMU/80/80_11_stageii.npz,train,703,131,121
CMU,CMU:80,CMU/80/80_12_stageii.npz,train,1611,313,303
CMU,CMU:80,CMU/80/80_13_stageii.npz,train,1014,193,183
CMU,CMU:80,CMU/80/80_14_stageii.npz,train,1735,338,328
CMU,CMU:80,CMU/80/80_15_stageii.npz,train,1236,238,228
CMU,CMU:80,CMU/80/80_16_stageii.npz,train,1259,242,232
CMU,CMU:80,CMU/80/80_17_stageii.npz,train,1438,278,268
CMU,CMU:80,CMU/80/80_18_stageii.npz,train,1511,293,283
CMU,CMU:80,CMU/80/80_19_stageii.npz,train,1825,356,346
CMU,CMU:80,CMU/80/80_20_stageii.npz,train,2020,395,385
CMU,CMU:80,CMU/80/80_21_stageii.npz,train,1399,270,260
CMU,CMU:80,CMU/80/80_22_stageii.npz,train,1054,201,191
CMU,CMU:80,CMU/80/80_23_stageii.npz,train,1022,195,185
CMU,CMU:80,CMU/80/80_24_stageii.npz,train,1782,347,337
CMU,CMU:80,CMU/80/80_25_stageii.npz,train,1107,212,202
CMU,CMU:80,CMU/80/80_26_stageii.npz,train,1233,237,227
CMU,CMU:80,CMU/80/80_27_stageii.npz,train,1086,208,198
CMU,CMU:80,CMU/80/80_28_stageii.npz,train,1221,235,225
CMU,CMU:80,CMU/80/80_29_stageii.npz,train,1126,216,206
CMU,CMU:80,CMU/80/80_30_stageii.npz,train,2590,509,499
CMU,CMU:80,CMU/80/80_31_stageii.npz,train,1560,303,293
CMU,CMU:80,CMU/80/80_32_stageii.npz,train,1614,313,303
CMU,CMU:80,CMU/80/80_33_stageii.npz,train,1937,378,368
CMU,CMU:80,CMU/80/80_34_stageii.npz,train,2088,408,398
CMU,CMU:80,CMU/80/80_35_stageii.npz,train,1943,379,369
CMU,CMU:80,CMU/80/80_36_stageii.npz,train,1689,328,318
CMU,CMU:80,CMU/80/80_37_stageii.npz,train,2691,529,519
CMU,CMU:80,CMU/80/80_38_stageii.npz,train,2467,484,474
CMU,CMU:80,CMU/80/80_39_stageii.npz,train,1825,356,346
CMU,CMU:80,CMU/80/80_40_stageii.npz,train,915,174,164
CMU,CMU:80,CMU/80/80_41_stageii.npz,train,1065,204,194
CMU,CMU:80,CMU/80/80_42_stageii.npz,train,1236,238,228
CMU,CMU:80,CMU/80/80_43_stageii.npz,train,980,187,177
CMU,CMU:80,CMU/80/80_44_stageii.npz,train,932,177,167
CMU,CMU:80,CMU/80/80_45_stageii.npz,train,1605,312,302
CMU,CMU:80,CMU/80/80_46_stageii.npz,train,1591,309,299
CMU,CMU:80,CMU/80/80_47_stageii.npz,train,1004,191,181
CMU,CMU:80,CMU/80/80_48_stageii.npz,train,1150,221,211
CMU,CMU:80,CMU/80/80_49_stageii.npz,train,1867,364,354
CMU,CMU:80,CMU/80/80_50_stageii.npz,train,1252,241,231
CMU,CMU:80,CMU/80/80_51_stageii.npz,train,1501,291,281
CMU,CMU:80,CMU/80/80_52_stageii.npz,train,1571,305,295
CMU,CMU:80,CMU/80/80_53_stageii.npz,train,1806,352,342
CMU,CMU:80,CMU/80/80_54_stageii.npz,train,1627,316,306
CMU,CMU:80,CMU/80/80_55_stageii.npz,train,1375,266,256
CMU,CMU:80,CMU/80/80_56_stageii.npz,train,690,129,119
CMU,CMU:80,CMU/80/80_57_stageii.npz,train,1620,315,305
CMU,CMU:80,CMU/80/80_58_stageii.npz,train,2352,461,451
CMU,CMU:80,CMU/80/80_59_stageii.npz,train,1538,298,288
CMU,CMU:80,CMU/80/80_60_stageii.npz,train,2059,402,392
CMU,CMU:80,CMU/80/80_61_stageii.npz,train,1057,202,192
CMU,CMU:80,CMU/80/80_62_stageii.npz,train,2289,448,438
CMU,CMU:80,CMU/80/80_63_stageii.npz,train,2273,445,435
CMU,CMU:80,CMU/80/80_64_stageii.npz,train,2435,478,468
CMU,CMU:80,CMU/80/80_65_stageii.npz,train,1816,354,344
CMU,CMU:80,CMU/80/80_66_stageii.npz,train,2071,405,395
CMU,CMU:80,CMU/80/80_67_stageii.npz,train,2156,422,412
CMU,CMU:80,CMU/80/80_68_stageii.npz,train,2775,546,536
CMU,CMU:80,CMU/80/80_69_stageii.npz,train,4281,847,837
CMU,CMU:80,CMU/80/80_70_stageii.npz,train,1799,350,340
CMU,CMU:80,CMU/80/80_71_stageii.npz,train,1086,208,198
CMU,CMU:80,CMU/80/80_72_stageii.npz,train,1087,208,198
CMU,CMU:80,CMU/80/80_73_stageii.npz,train,790,149,139
CMU,CMU:82,CMU/82/82_02_stageii.npz,test,1808,352,342
CMU,CMU:82,CMU/82/82_03_stageii.npz,test,1899,370,360
CMU,CMU:82,CMU/82/82_04_stageii.npz,test,908,172,162
CMU,CMU:82,CMU/82/82_05_stageii.npz,test,2247,440,430
CMU,CMU:82,CMU/82/82_06_stageii.npz,test,1091,209,199
CMU,CMU:82,CMU/82/82_07_stageii.npz,test,1198,230,220
CMU,CMU:82,CMU/82/82_08_stageii.npz,test,1699,330,320
CMU,CMU:82,CMU/82/82_09_stageii.npz,test,1292,249,239
CMU,CMU:82,CMU/82/82_10_stageii.npz,test,564,103,93
CMU,CMU:82,CMU/82/82_11_stageii.npz,test,695,130,120
CMU,CMU:82,CMU/82/82_12_stageii.npz,test,402,71,61
CMU,CMU:82,CMU/82/82_13_stageii.npz,test,413,73,63
CMU,CMU:82,CMU/82/82_14_stageii.npz,test,907,172,162
CMU,CMU:82,CMU/82/82_15_stageii.npz,test,716,134,124
CMU,CMU:82,CMU/82/82_16_stageii.npz,test,1333,257,247
CMU,CMU:82,CMU/82/82_17_stageii.npz,test,1580,307,297
CMU,CMU:83,CMU/83/83_01_stageii.npz,train,633,117,107
CMU,CMU:83,CMU/83/83_02_stageii.npz,train,364,63,53
CMU,CMU:83,CMU/83/83_03_stageii.npz,train,669,124,114
CMU,CMU:83,CMU/83/83_04_stageii.npz,train,467,84,74
CMU,CMU:83,CMU/83/83_05_stageii.npz,train,486,88,78
CMU,CMU:83,CMU/83/83_06_stageii.npz,train,401,71,61
CMU,CMU:83,CMU/83/83_07_stageii.npz,train,422,75,65
CMU,CMU:83,CMU/83/83_08_stageii.npz,train,462,83,73
CMU,CMU:83,CMU/83/83_09_stageii.npz,train,451,81,71
CMU,CMU:83,CMU/83/83_10_stageii.npz,train,479,86,76
CMU,CMU:83,CMU/83/83_11_stageii.npz,train,99,10,0
CMU,CMU:83,CMU/83/83_12_stageii.npz,train,508,92,82
CMU,CMU:83,CMU/83/83_13_stageii.npz,train,507,92,82
CMU,CMU:83,CMU/83/83_14_stageii.npz,train,429,76,66
CMU,CMU:83,CMU/83/83_15_stageii.npz,train,522,95,85
CMU,CMU:83,CMU/83/83_16_stageii.npz,train,510,93,83
CMU,CMU:83,CMU/83/83_17_stageii.npz,train,524,95,85
CMU,CMU:83,CMU/83/83_18_stageii.npz,train,466,84,74
CMU,CMU:83,CMU/83/83_19_stageii.npz,train,509,92,82
CMU,CMU:83,CMU/83/83_20_stageii.npz,train,524,95,85
CMU,CMU:83,CMU/83/83_21_stageii.npz,train,519,94,84
CMU,CMU:83,CMU/83/83_22_stageii.npz,train,5371,1065,1055
CMU,CMU:83,CMU/83/83_23_stageii.npz,train,542,99,89
CMU,CMU:83,CMU/83/83_24_stageii.npz,train,532,97,87
CMU,CMU:83,CMU/83/83_25_stageii.npz,train,541,99,89
CMU,CMU:83,CMU/83/83_26_stageii.npz,train,522,95,85
CMU,CMU:83,CMU/83/83_27_stageii.npz,train,983,187,177
CMU,CMU:83,CMU/83/83_28_stageii.npz,train,931,177,167
CMU,CMU:83,CMU/83/83_29_stageii.npz,train,947,180,170
CMU,CMU:83,CMU/83/83_30_stageii.npz,train,1009,192,182
CMU,CMU:83,CMU/83/83_31_stageii.npz,train,935,178,168
CMU,CMU:83,CMU/83/83_32_stageii.npz,train,1041,199,189
CMU,CMU:83,CMU/83/83_33_stageii.npz,train,1291,249,239
CMU,CMU:83,CMU/83/83_34_stageii.npz,train,967,184,174
CMU,CMU:83,CMU/83/83_35_stageii.npz,train,1048,200,190
CMU,CMU:83,CMU/83/83_36_stageii.npz,train,1062,203,193
CMU,CMU:83,CMU/83/83_37_stageii.npz,train,958,182,172
CMU,CMU:83,CMU/83/83_38_stageii.npz,train,1006,192,182
CMU,CMU:83,CMU/83/83_39_stageii.npz,train,971,185,175
CMU,CMU:83,CMU/83/83_40_stageii.npz,train,530,97,87
CMU,CMU:83,CMU/83/83_41_stageii.npz,train,470,85,75
CMU,CMU:83,CMU/83/83_42_stageii.npz,train,540,99,89
CMU,CMU:83,CMU/83/83_43_stageii.npz,train,597,110,100
CMU,CMU:83,CMU/83/83_44_stageii.npz,train,661,123,113
CMU,CMU:83,CMU/83/83_45_stageii.npz,train,495,90,80
CMU,CMU:83,CMU/83/83_46_stageii.npz,train,501,91,81
CMU,CMU:83,CMU/83/83_47_stageii.npz,train,622,115,105
CMU,CMU:83,CMU/83/83_48_stageii.npz,train,445,80,70
CMU,CMU:83,CMU/83/83_49_stageii.npz,train,456,82,72
CMU,CMU:83,CMU/83/83_50_stageii.npz,train,528,96,86
CMU,CMU:83,CMU/83/83_51_stageii.npz,train,591,109,99
CMU,CMU:83,CMU/83/83_52_stageii.npz,train,508,92,82
CMU,CMU:83,CMU/83/83_53_stageii.npz,train,539,98,88
CMU,CMU:83,CMU/83/83_54_stageii.npz,train,420,75,65
CMU,CMU:83,CMU/83/83_55_stageii.npz,train,736,138,128
CMU,CMU:83,CMU/83/83_56_stageii.npz,train,501,91,81
CMU,CMU:83,CMU/83/83_57_stageii.npz,train,409,72,62
CMU,CMU:83,CMU/83/83_58_stageii.npz,train,364,63,53
CMU,CMU:83,CMU/83/83_59_stageii.npz,train,602,111,101
CMU,CMU:83,CMU/83/83_60_stageii.npz,train,406,72,62
CMU,CMU:83,CMU/83/83_61_stageii.npz,train,503,91,81
CMU,CMU:83,CMU/83/83_62_stageii.npz,train,474,85,75
CMU,CMU:83,CMU/83/83_63_stageii.npz,train,685,128,118
CMU,CMU:83,CMU/83/83_64_stageii.npz,train,578,106,96
CMU,CMU:83,CMU/83/83_65_stageii.npz,train,401,71,61
CMU,CMU:83,CMU/83/83_66_stageii.npz,train,672,125,115
CMU,CMU:83,CMU/83/83_67_stageii.npz,train,675,126,116
CMU,CMU:83,CMU/83/83_68_stageii.npz,train,660,123,113
CMU,CMU:84,CMU/84/84_01_stageii.npz,train,464,83,73
CMU,CMU:84,CMU/84/84_02_stageii.npz,train,265,44,34
CMU,CMU:84,CMU/84/84_03_stageii.npz,train,396,70,60
CMU,CMU:84,CMU/84/84_04_stageii.npz,train,315,54,44
CMU,CMU:84,CMU/84/84_05_stageii.npz,train,323,55,45
CMU,CMU:84,CMU/84/84_06_stageii.npz,train,325,56,46
CMU,CMU:84,CMU/84/84_07_stageii.npz,train,311,53,43
CMU,CMU:84,CMU/84/84_08_stageii.npz,train,168,24,14
CMU,CMU:84,CMU/84/84_09_stageii.npz,train,199,30,20
CMU,CMU:84,CMU/84/84_10_stageii.npz,train,335,58,48
CMU,CMU:84,CMU/84/84_11_stageii.npz,train,346,60,50
CMU,CMU:84,CMU/84/84_12_stageii.npz,train,302,51,41
CMU,CMU:84,CMU/84/84_13_stageii.npz,train,2524,495,485
CMU,CMU:84,CMU/84/84_14_stageii.npz,train,447,80,70
CMU,CMU:84,CMU/84/84_15_stageii.npz,train,439,78,68
CMU,CMU:84,CMU/84/84_16_stageii.npz,train,493,89,79
CMU,CMU:84,CMU/84/84_17_stageii.npz,train,521,95,85
CMU,CMU:84,CMU/84/84_18_stageii.npz,train,492,89,79
CMU,CMU:84,CMU/84/84_19_stageii.npz,train,488,88,78
CMU,CMU:84,CMU/84/84_20_stageii.npz,train,576,106,96
CMU,CMU:85,CMU/85/85_01_stageii.npz,train,998,190,180
CMU,CMU:85,CMU/85/85_02_stageii.npz,train,810,153,143
CMU,CMU:85,CMU/85/85_03_stageii.npz,train,3245,640,630
CMU,CMU:85,CMU/85/85_04_stageii.npz,train,2555,502,492
CMU,CMU:85,CMU/85/85_05_stageii.npz,train,1634,317,307
CMU,CMU:85,CMU/85/85_06_stageii.npz,train,950,181,171
CMU,CMU:85,CMU/85/85_07_stageii.npz,train,959,182,172
CMU,CMU:85,CMU/85/85_08_stageii.npz,train,1016,194,184
CMU,CMU:85,CMU/85/85_09_stageii.npz,train,253,41,31
CMU,CMU:85,CMU/85/85_10_stageii.npz,train,774,145,135
CMU,CMU:85,CMU/85/85_11_stageii.npz,train,1802,351,341
CMU,CMU:85,CMU/85/85_12_stageii.npz,train,4499,890,880
CMU,CMU:85,CMU/85/85_13_stageii.npz,train,1446,280,270
CMU,CMU:85,CMU/85/85_14_stageii.npz,train,2969,584,574
CMU,CMU:86,CMU/86/86_01_stageii.npz,train,4579,906,896
CMU,CMU:86,CMU/86/86_02_stageii.npz,train,10617,2114,2104
CMU,CMU:86,CMU/86/86_03_stageii.npz,train,8401,1671,1661
CMU,CMU:86,CMU/86/86_04_stageii.npz,train,10078,2006,1996
CMU,CMU:86,CMU/86/86_05_stageii.npz,train,8340,1659,1649
CMU,CMU:86,CMU/86/86_06_stageii.npz,train,9939,1978,1968
CMU,CMU:86,CMU/86/86_07_stageii.npz,train,8702,1731,1721
CMU,CMU:86,CMU/86/86_08_stageii.npz,train,9206,1832,1822
CMU,CMU:86,CMU/86/86_09_stageii.npz,train,4794,949,939
CMU,CMU:86,CMU/86/86_10_stageii.npz,train,7583,1507,1497
CMU,CMU:86,CMU/86/86_11_stageii.npz,train,5674,1125,1115
CMU,CMU:86,CMU/86/86_12_stageii.npz,train,8856,1762,1752
CMU,CMU:86,CMU/86/86_13_stageii.npz,train,6221,1235,1225
CMU,CMU:86,CMU/86/86_14_stageii.npz,train,6539,1298,1288
CMU,CMU:86,CMU/86/86_15_stageii.npz,train,7092,1409,1399
CMU,CMU:87,CMU/87/87_01_stageii.npz,train,616,114,104
CMU,CMU:88,CMU/88/88_03_stageii.npz,val,354,61,51
CMU,CMU:88,CMU/88/88_05_stageii.npz,val,149,20,10
CMU,CMU:88,CMU/88/88_06_stageii.npz,val,230,37,27
CMU,CMU:88,CMU/88/88_07_stageii.npz,val,156,22,12
CMU,CMU:88,CMU/88/88_08_stageii.npz,val,289,48,38
CMU,CMU:88,CMU/88/88_09_stageii.npz,val,376,66,56
CMU,CMU:88,CMU/88/88_10_stageii.npz,val,467,84,74
CMU,CMU:88,CMU/88/88_11_stageii.npz,val,2027,396,386
CMU,CMU:89,CMU/89/89_01_stageii.npz,val,2332,457,447
CMU,CMU:89,CMU/89/89_02_stageii.npz,val,360,63,53
CMU,CMU:90,CMU/90/90_01_stageii.npz,train,789,148,138
CMU,CMU:90,CMU/90/90_02_stageii.npz,train,781,147,137
CMU,CMU:90,CMU/90/90_03_stageii.npz,train,884,167,157
CMU,CMU:90,CMU/90/90_04_stageii.npz,train,698,130,120
CMU,CMU:90,CMU/90/90_05_stageii.npz,train,513,93,83
CMU,CMU:90,CMU/90/90_06_stageii.npz,train,624,115,105
CMU,CMU:90,CMU/90/90_07_stageii.npz,train,895,170,160
CMU,CMU:90,CMU/90/90_08_stageii.npz,train,337,58,48
CMU,CMU:90,CMU/90/90_11_stageii.npz,train,180,27,17
CMU,CMU:90,CMU/90/90_12_stageii.npz,train,826,156,146
CMU,CMU:90,CMU/90/90_13_stageii.npz,train,929,176,166
CMU,CMU:90,CMU/90/90_14_stageii.npz,train,838,158,148
CMU,CMU:90,CMU/90/90_15_stageii.npz,train,1189,228,218
CMU,CMU:90,CMU/90/90_16_stageii.npz,train,724,135,125
CMU,CMU:90,CMU/90/90_18_stageii.npz,train,394,69,59
CMU,CMU:90,CMU/90/90_19_stageii.npz,train,1040,199,189
CMU,CMU:90,CMU/90/90_22_stageii.npz,train,692,129,119
CMU,CMU:90,CMU/90/90_23_stageii.npz,train,1187,228,218
CMU,CMU:90,CMU/90/90_24_stageii.npz,train,786,148,138
CMU,CMU:90,CMU/90/90_25_stageii.npz,train,1266,244,234
CMU,CMU:90,CMU/90/90_26_stageii.npz,train,1430,277,267
CMU,CMU:90,CMU/90/90_27_stageii.npz,train,1225,236,226
CMU,CMU:90,CMU/90/90_28_stageii.npz,train,770,145,135
CMU,CMU:90,CMU/90/90_29_stageii.npz,train,1482,287,277
CMU,CMU:90,CMU/90/90_30_stageii.npz,train,1433,277,267
CMU,CMU:90,CMU/90/90_31_stageii.npz,train,979,186,176
CMU,CMU:90,CMU/90/90_32_stageii.npz,train,723,135,125
CMU,CMU:90,CMU/90/90_33_stageii.npz,train,896,170,160
CMU,CMU:90,CMU/90/90_34_stageii.npz,train,840,159,149
CMU,CMU:90,CMU/90/90_35_stageii.npz,train,695,130,120
CMU,CMU:90,CMU/90/90_36_stageii.npz,train,657,122,112
CMU,CMU:91,CMU/91/91_01_stageii.npz,train,2737,538,528
CMU,CMU:91,CMU/91/91_02_stageii.npz,train,1748,340,330
CMU,CMU:91,CMU/91/91_03_stageii.npz,train,1865,364,354
CMU,CMU:91,CMU/91/91_04_stageii.npz,train,2162,423,413
CMU,CMU:91,CMU/91/91_05_stageii.npz,train,2700,531,521
CMU,CMU:91,CMU/91/91_06_stageii.npz,train,136,18,8
CMU,CMU:91,CMU/91/91_07_stageii.npz,train,2582,507,497
CMU,CMU:91,CMU/91/91_08_stageii.npz,train,3972,785,775
CMU,CMU:91,CMU/91/91_09_stageii.npz,train,5402,1071,1061
CMU,CMU:91,CMU/91/91_10_stageii.npz,train,3175,626,616
CMU,CMU:91,CMU/91/91_11_stageii.npz,train,1863,363,353
CMU,CMU:91,CMU/91/91_12_stageii.npz,train,2222,435,425
CMU,CMU:91,CMU/91/91_13_stageii.npz,train,2960,583,573
CMU,CMU:91,CMU/91/91_14_stageii.npz,train,2769,544,534
CMU,CMU:91,CMU/91/91_15_stageii.npz,train,3090,609,599
CMU,CMU:91,CMU/91/91_16_stageii.npz,train,1892,369,359
CMU,CMU:91,CMU/91/91_17_stageii.npz,train,1520,295,285
CMU,CMU:91,CMU/91/91_18_stageii.npz,train,3363,663,653
CMU,CMU:91,CMU/91/91_19_stageii.npz,train,1885,368,358
CMU,CMU:91,CMU/91/91_20_stageii.npz,train,2774,545,535
CMU,CMU:91,CMU/91/91_21_stageii.npz,train,3870,765,755
CMU,CMU:91,CMU/91/91_22_stageii.npz,train,2106,412,402
CMU,CMU:91,CMU/91/91_23_stageii.npz,train,2668,524,514
CMU,CMU:91,CMU/91/91_24_stageii.npz,train,3804,751,741
CMU,CMU:91,CMU/91/91_25_stageii.npz,train,3137,618,608
CMU,CMU:91,CMU/91/91_26_stageii.npz,train,2082,407,397
CMU,CMU:91,CMU/91/91_27_stageii.npz,train,2894,569,559
CMU,CMU:91,CMU/91/91_28_stageii.npz,train,3307,652,642
CMU,CMU:91,CMU/91/91_29_stageii.npz,train,2181,427,417
CMU,CMU:91,CMU/91/91_30_stageii.npz,train,3139,618,608
CMU,CMU:91,CMU/91/91_31_stageii.npz,train,1992,389,379
CMU,CMU:91,CMU/91/91_32_stageii.npz,train,3724,735,725
CMU,CMU:91,CMU/91/91_33_stageii.npz,train,2698,530,520
CMU,CMU:91,CMU/91/91_34_stageii.npz,train,2208,432,422
CMU,CMU:91,CMU/91/91_35_stageii.npz,train,3052,601,591
CMU,CMU:91,CMU/91/91_36_stageii.npz,train,887,168,158
CMU,CMU:91,CMU/91/91_37_stageii.npz,train,315,54,44
CMU,CMU:91,CMU/91/91_38_stageii.npz,train,458,82,72
CMU,CMU:91,CMU/91/91_39_stageii.npz,train,446,80,70
CMU,CMU:91,CMU/91/91_40_stageii.npz,train,469,84,74
CMU,CMU:91,CMU/91/91_41_stageii.npz,train,503,91,81
CMU,CMU:91,CMU/91/91_42_stageii.npz,train,560,103,93
CMU,CMU:91,CMU/91/91_43_stageii.npz,train,227,36,26
CMU,CMU:91,CMU/91/91_44_stageii.npz,train,338,58,48
CMU,CMU:91,CMU/91/91_45_stageii.npz,train,371,65,55
CMU,CMU:91,CMU/91/91_46_stageii.npz,train,322,55,45
CMU,CMU:91,CMU/91/91_47_stageii.npz,train,469,84,74
CMU,CMU:91,CMU/91/91_48_stageii.npz,train,440,79,69
CMU,CMU:91,CMU/91/91_50_stageii.npz,train,663,123,113
CMU,CMU:91,CMU/91/91_51_stageii.npz,train,484,87,77
CMU,CMU:91,CMU/91/91_52_stageii.npz,train,509,92,82
CMU,CMU:91,CMU/91/91_53_stageii.npz,train,555,102,92
CMU,CMU:91,CMU/91/91_54_stageii.npz,train,678,126,116
CMU,CMU:91,CMU/91/91_55_stageii.npz,train,467,84,74
CMU,CMU:91,CMU/91/91_56_stageii.npz,train,500,91,81
CMU,CMU:91,CMU/91/91_57_stageii.npz,train,1177,226,216
CMU,CMU:91,CMU/91/91_58_stageii.npz,train,493,89,79
CMU,CMU:91,CMU/91/91_59_stageii.npz,train,312,53,43
CMU,CMU:91,CMU/91/91_60_stageii.npz,train,367,64,54
CMU,CMU:91,CMU/91/91_61_stageii.npz,train,362,63,53
CMU,CMU:91,CMU/91/91_62_stageii.npz,train,1849,360,350
CMU,CMU:93,CMU/93/93_02_stageii.npz,val,1492,289,279
CMU,CMU:93,CMU/93/93_03_stageii.npz,val,442,79,69
CMU,CMU:93,CMU/93/93_04_stageii.npz,val,506,92,82
CMU,CMU:93,CMU/93/93_05_stageii.npz,val,546,100,90
CMU,CMU:93,CMU/93/93_06_stageii.npz,val,402,71,61
CMU,CMU:93,CMU/93/93_07_stageii.npz,val,236,38,28
CMU,CMU:93,CMU/93/93_08_stageii.npz,val,557,102,92
CMU,CMU:94,CMU/94/94_01_stageii.npz,train,3602,711,701
CMU,CMU:94,CMU/94/94_03_stageii.npz,train,3732,737,727
CMU,CMU:94,CMU/94/94_04_stageii.npz,train,3143,619,609
CMU,CMU:94,CMU/94/94_05_stageii.npz,train,5272,1045,1035
CMU,CMU:94,CMU/94/94_06_stageii.npz,train,2514,493,483
CMU,CMU:94,CMU/94/94_07_stageii.npz,train,2313,453,443
CMU,CMU:94,CMU/94/94_08_stageii.npz,train,2749,540,530
CMU,CMU:94,CMU/94/94_09_stageii.npz,train,3974,785,775
CMU,CMU:94,CMU/94/94_12_stageii.npz,train,4500,891,881
CMU,CMU:94,CMU/94/94_13_stageii.npz,train,1995,390,380
CMU,CMU:94,CMU/94/94_15_stageii.npz,train,2211,433,423
CMU,CMU:94,CMU/94/94_16_stageii.npz,train,2031,397,387
KIT,KIT:10,KIT/10/LeftTurn01_stageii.npz,val,377,66,56
KIT,KIT:10,KIT/10/LeftTurn02_stageii.npz,val,297,50,40
KIT,KIT:10,KIT/10/LeftTurn03_stageii.npz,val,364,63,53
KIT,KIT:10,KIT/10/LeftTurn04_stageii.npz,val,454,81,71
KIT,KIT:10,KIT/10/LeftTurn05_stageii.npz,val,394,69,59
KIT,KIT:10,KIT/10/LeftTurn06_stageii.npz,val,395,70,60
KIT,KIT:10,KIT/10/LeftTurn07_stageii.npz,val,396,70,60
KIT,KIT:10,KIT/10/LeftTurn08_stageii.npz,val,540,99,89
KIT,KIT:10,KIT/10/LeftTurn09_stageii.npz,val,456,82,72
KIT,KIT:10,KIT/10/LeftTurn10_stageii.npz,val,425,76,66
KIT,KIT:10,KIT/10/RightTurn01_stageii.npz,val,509,92,82
KIT,KIT:10,KIT/10/RightTurn02_stageii.npz,val,495,90,80
KIT,KIT:10,KIT/10/RightTurn03_stageii.npz,val,542,99,89
KIT,KIT:10,KIT/10/RightTurn04_stageii.npz,val,523,95,85
KIT,KIT:10,KIT/10/RightTurn05_stageii.npz,val,629,116,106
KIT,KIT:10,KIT/10/RightTurn06_stageii.npz,val,543,99,89
KIT,KIT:10,KIT/10/RightTurn07_stageii.npz,val,517,94,84
KIT,KIT:10,KIT/10/RightTurn08_stageii.npz,val,543,99,89
KIT,KIT:10,KIT/10/RightTurn09_stageii.npz,val,537,98,88
KIT,KIT:10,KIT/10/RightTurn10_stageii.npz,val,542,99,89
KIT,KIT:10,KIT/10/WalkInClockwiseCircle01_stageii.npz,val,683,127,117
KIT,KIT:10,KIT/10/WalkInClockwiseCircle02_stageii.npz,val,669,124,114
KIT,KIT:10,KIT/10/WalkInClockwiseCircle03_stageii.npz,val,662,123,113
KIT,KIT:10,KIT/10/WalkInClockwiseCircle04_stageii.npz,val,674,125,115
KIT,KIT:10,KIT/10/WalkInClockwiseCircle05_stageii.npz,val,656,122,112
KIT,KIT:10,KIT/10/WalkInClockwiseCircle06_stageii.npz,val,653,121,111
KIT,KIT:10,KIT/10/WalkInClockwiseCircle07_stageii.npz,val,714,133,123
KIT,KIT:10,KIT/10/WalkInClockwiseCircle08_stageii.npz,val,688,128,118
KIT,KIT:10,KIT/10/WalkInClockwiseCircle09_stageii.npz,val,661,123,113
KIT,KIT:10,KIT/10/WalkInClockwiseCircle10_stageii.npz,val,669,124,114
KIT,KIT:10,KIT/10/WalkInCounterClockwiseCircle01_stageii.npz,val,672,125,115
KIT,KIT:10,KIT/10/WalkInCounterClockwiseCircle02_stageii.npz,val,552,101,91
KIT,KIT:10,KIT/10/WalkInCounterClockwiseCircle03_stageii.npz,val,752,141,131
KIT,KIT:10,KIT/10/WalkInCounterClockwiseCircle04_stageii.npz,val,616,114,104
KIT,KIT:10,KIT/10/WalkInCounterClockwiseCircle05_stageii.npz,val,614,113,103
KIT,KIT:10,KIT/10/WalkInCounterClockwiseCircle06_stageii.npz,val,630,117,107
KIT,KIT:10,KIT/10/WalkInCounterClockwiseCircle07_stageii.npz,val,642,119,109
KIT,KIT:10,KIT/10/WalkInCounterClockwiseCircle08_stageii.npz,val,626,116,106
KIT,KIT:10,KIT/10/WalkInCounterClockwiseCircle09_stageii.npz,val,604,111,101
KIT,KIT:10,KIT/10/WalkInCounterClockwiseCircle10_stageii.npz,val,648,120,110
KIT,KIT:10,KIT/10/WalkingStraightBackwards01_stageii.npz,val,415,74,64
KIT,KIT:10,KIT/10/WalkingStraightBackwards02_stageii.npz,val,485,88,78
KIT,KIT:10,KIT/10/WalkingStraightBackwards03_stageii.npz,val,447,80,70
KIT,KIT:10,KIT/10/WalkingStraightBackwards04_stageii.npz,val,456,82,72
KIT,KIT:10,KIT/10/WalkingStraightBackwards05_stageii.npz,val,565,104,94
KIT,KIT:10,KIT/10/WalkingStraightBackwards06_stageii.npz,val,640,119,109
KIT,KIT:10,KIT/10/WalkingStraightBackwards07_stageii.npz,val,505,92,82
KIT,KIT:10,KIT/10/WalkingStraightBackwards08_stageii.npz,val,575,106,96
KIT,KIT:10,KIT/10/WalkingStraightBackwards09_stageii.npz,val,522,95,85
KIT,KIT:10,KIT/10/WalkingStraightBackwards10_stageii.npz,val,493,89,79
KIT,KIT:11,KIT/11/LeftTurn01_stageii.npz,train,430,77,67
KIT,KIT:11,KIT/11/LeftTurn02_stageii.npz,train,586,108,98
KIT,KIT:11,KIT/11/LeftTurn03_stageii.npz,train,596,110,100
KIT,KIT:11,KIT/11/LeftTurn04_stageii.npz,train,409,72,62
KIT,KIT:11,KIT/11/LeftTurn05_stageii.npz,train,563,103,93
KIT,KIT:11,KIT/11/LeftTurn06_stageii.npz,train,593,109,99
KIT,KIT:11,KIT/11/LeftTurn07_stageii.npz,train,416,74,64
KIT,KIT:11,KIT/11/LeftTurn08_stageii.npz,train,306,52,42
KIT,KIT:11,KIT/11/LeftTurn09_stageii.npz,train,351,61,51
KIT,KIT:11,KIT/11/RightTurn01_stageii.npz,train,392,69,59
KIT,KIT:11,KIT/11/RightTurn02_stageii.npz,train,554,101,91
KIT,KIT:11,KIT/11/RightTurn03_stageii.npz,train,557,102,92
KIT,KIT:11,KIT/11/RightTurn04_stageii.npz,train,541,99,89
KIT,KIT:11,KIT/11/RightTurn05_stageii.npz,train,516,94,84
KIT,KIT:11,KIT/11/RightTurn06_stageii.npz,train,501,91,81
KIT,KIT:11,KIT/11/RightTurn07_stageii.npz,train,581,107,97
KIT,KIT:11,KIT/11/RightTurn08_stageii.npz,train,548,100,90
KIT,KIT:11,KIT/11/RightTurn09_stageii.npz,train,532,97,87
KIT,KIT:11,KIT/11/RightTurn10_stageii.npz,train,502,91,81
KIT,KIT:11,KIT/11/WalkInClockwiseCircle01_stageii.npz,train,732,137,127
KIT,KIT:11,KIT/11/WalkInClockwiseCircle02_stageii.npz,train,660,123,113
KIT,KIT:11,KIT/11/WalkInClockwiseCircle03_stageii.npz,train,654,121,111
KIT,KIT:11,KIT/11/WalkInClockwiseCircle04_stageii.npz,train,730,137,127
KIT,KIT:11,KIT/11/WalkInClockwiseCircle05_stageii.npz,train,751,141,131
KIT,KIT:11,KIT/11/WalkInClockwiseCircle06_stageii.npz,train,695,130,120
KIT,KIT:11,KIT/11/WalkInClockwiseCircle07_stageii.npz,train,674,125,115
KIT,KIT:11,KIT/11/WalkInClockwiseCircle08_stageii.npz,train,867,164,154
KIT,KIT:11,KIT/11/WalkInClockwiseCircle09_stageii.npz,train,746,140,130
KIT,KIT:11,KIT/11/WalkInClockwiseCircle10_stageii.npz,train,729,136,126
KIT,KIT:11,KIT/11/WalkInCounterClockwiseCircle01_stageii.npz,train,818,154,144
KIT,KIT:11,KIT/11/WalkInCounterClockwiseCircle02_stageii.npz,train,764,143,133
KIT,KIT:11,KIT/11/WalkInCounterClockwiseCircle03_stageii.npz,train,695,130,120
KIT,KIT:11,KIT/11/WalkInCounterClockwiseCircle04_stageii.npz,train,817,154,144
KIT,KIT:11,KIT/11/WalkInCounterClockwiseCircle05_stageii.npz,train,697,130,120
KIT,KIT:11,KIT/11/WalkInCounterClockwiseCircle06_stageii.npz,train,746,140,130
KIT,KIT:11,KIT/11/WalkInCounterClockwiseCircle07_stageii.npz,train,772,145,135
KIT,KIT:11,KIT/11/WalkInCounterClockwiseCircle08_stageii.npz,train,688,128,118
KIT,KIT:11,KIT/11/WalkInCounterClockwiseCircle09_stageii.npz,train,735,138,128
KIT,KIT:11,KIT/11/WalkInCounterClockwiseCircle10_stageii.npz,train,734,137,127
KIT,KIT:11,KIT/11/WalkingStraightBackwards01_1_stageii.npz,train,555,102,92
KIT,KIT:11,KIT/11/WalkingStraightBackwards02_1_stageii.npz,train,561,103,93
KIT,KIT:11,KIT/11/WalkingStraightBackwards03_1_stageii.npz,train,548,100,90
KIT,KIT:11,KIT/11/WalkingStraightBackwards04_1_stageii.npz,train,493,89,79
KIT,KIT:11,KIT/11/WalkingStraightBackwards05_1_stageii.npz,train,792,149,139
KIT,KIT:11,KIT/11/WalkingStraightBackwards06_1_stageii.npz,train,605,112,102
KIT,KIT:11,KIT/11/WalkingStraightBackwards07_1_stageii.npz,train,506,92,82
KIT,KIT:11,KIT/11/WalkingStraightBackwards08_1_stageii.npz,train,582,107,97
KIT,KIT:11,KIT/11/WalkingStraightBackwards09_1_stageii.npz,train,537,98,88
KIT,KIT:11,KIT/11/WalkingStraightBackwards10_stageii.npz,train,458,82,72
KIT,KIT:11,KIT/11/WalkingStraightForwards01_stageii.npz,train,506,92,82
KIT,KIT:11,KIT/11/WalkingStraightForwards02_stageii.npz,train,542,99,89
KIT,KIT:11,KIT/11/WalkingStraightForwards03_stageii.npz,train,583,107,97
KIT,KIT:11,KIT/11/WalkingStraightForwards04_stageii.npz,train,539,98,88
KIT,KIT:11,KIT/11/WalkingStraightForwards05_stageii.npz,train,488,88,78
KIT,KIT:11,KIT/11/WalkingStraightForwards06_stageii.npz,train,537,98,88
KIT,KIT:11,KIT/11/WalkingStraightForwards07_stageii.npz,train,483,87,77
KIT,KIT:11,KIT/11/WalkingStraightForwards08_stageii.npz,train,480,87,77
KIT,KIT:11,KIT/11/WalkingStraightForwards09_stageii.npz,train,433,77,67
KIT,KIT:11,KIT/11/WalkingStraightForwards10_stageii.npz,train,494,89,79
KIT,KIT:1226,KIT/1226/Trial_01_stageii.npz,train,11830,2357,2347
KIT,KIT:1226,KIT/1226/Trial_02_stageii.npz,train,11067,2204,2194
KIT,KIT:1226,KIT/1226/Trial_03_stageii.npz,train,11159,2222,2212
KIT,KIT:1226,KIT/1226/Trial_04_stageii.npz,train,11288,2248,2238
KIT,KIT:1226,KIT/1226/Trial_05_stageii.npz,train,11100,2211,2201
KIT,KIT:1226,KIT/1226/Trial_06_stageii.npz,train,799,150,140
KIT,KIT:1226,KIT/1226/Trial_07_stageii.npz,train,701,131,121
KIT,KIT:1226,KIT/1226/Trial_08_stageii.npz,train,798,150,140
KIT,KIT:1226,KIT/1226/Trial_09_stageii.npz,train,752,141,131
KIT,KIT:1226,KIT/1226/Trial_10_stageii.npz,train,800,151,141
KIT,KIT:1226,KIT/1226/Trial_11_stageii.npz,train,700,131,121
KIT,KIT:1226,KIT/1226/Trial_12_stageii.npz,train,749,140,130
KIT,KIT:1226,KIT/1226/Trial_13_stageii.npz,train,749,140,130
KIT,KIT:1226,KIT/1226/Trial_14_stageii.npz,train,698,130,120
KIT,KIT:1226,KIT/1226/Trial_15_stageii.npz,train,649,120,110
KIT,KIT:1226,KIT/1226/Trial_16_stageii.npz,train,1002,191,181
KIT,KIT:1226,KIT/1226/Trial_17_stageii.npz,train,901,171,161
KIT,KIT:1226,KIT/1226/Trial_18_stageii.npz,train,851,161,151
KIT,KIT:1226,KIT/1226/Trial_19_stageii.npz,train,877,166,156
KIT,KIT:1226,KIT/1226/Trial_20_stageii.npz,train,849,160,150
KIT,KIT:1226,KIT/1226/Trial_21_stageii.npz,train,749,140,130
KIT,KIT:1226,KIT/1226/Trial_22_stageii.npz,train,729,136,126
KIT,KIT:1226,KIT/1226/Trial_23_stageii.npz,train,767,144,134
KIT,KIT:1226,KIT/1226/Trial_24_stageii.npz,train,770,145,135
KIT,KIT:1226,KIT/1226/Trial_25_stageii.npz,train,779,146,136
KIT,KIT:1226,KIT/1226/Trial_26_stageii.npz,train,650,121,111
KIT,KIT:1226,KIT/1226/Trial_27_stageii.npz,train,698,130,120
KIT,KIT:1226,KIT/1226/Trial_28_stageii.npz,train,748,140,130
KIT,KIT:1226,KIT/1226/Trial_29_stageii.npz,train,691,129,119
KIT,KIT:1226,KIT/1226/Trial_30_stageii.npz,train,599,110,100
KIT,KIT:1226,KIT/1226/Trial_31_stageii.npz,train,650,121,111
KIT,KIT:1226,KIT/1226/Trial_32_stageii.npz,train,601,111,101
KIT,KIT:1226,KIT/1226/Trial_33_stageii.npz,train,650,121,111
KIT,KIT:1226,KIT/1226/Trial_34_stageii.npz,train,624,115,105
KIT,KIT:1226,KIT/1226/Trial_35_stageii.npz,train,601,111,101
KIT,KIT:1226,KIT/1226/Trial_36_stageii.npz,train,624,115,105
KIT,KIT:1226,KIT/1226/Trial_37_stageii.npz,train,599,110,100
KIT,KIT:1226,KIT/1226/Trial_38_stageii.npz,train,574,105,95
KIT,KIT:1226,KIT/1226/Trial_39_stageii.npz,train,597,110,100
KIT,KIT:1226,KIT/1226/Trial_40_stageii.npz,train,600,111,101
KIT,KIT:1226,KIT/1226/Trial_41_stageii.npz,train,600,111,101
KIT,KIT:1226,KIT/1226/Trial_42_stageii.npz,train,616,114,104
KIT,KIT:1226,KIT/1226/Trial_43_stageii.npz,train,601,111,101
KIT,KIT:1226,KIT/1226/Trial_44_stageii.npz,train,649,120,110
KIT,KIT:1226,KIT/1226/Trial_45_stageii.npz,train,599,110,100
KIT,KIT:1226,KIT/1226/Trial_46_stageii.npz,train,749,140,130
KIT,KIT:1226,KIT/1226/Trial_47_stageii.npz,train,651,121,111
KIT,KIT:1226,KIT/1226/Trial_48_stageii.npz,train,649,120,110
KIT,KIT:1226,KIT/1226/Trial_49_stageii.npz,train,801,151,141
KIT,KIT:1226,KIT/1226/Trial_50_stageii.npz,train,850,161,151
KIT,KIT:1226,KIT/1226/Trial_51_stageii.npz,train,750,141,131
KIT,KIT:1226,KIT/1226/Trial_52_stageii.npz,train,681,127,117
KIT,KIT:1226,KIT/1226/Trial_53_stageii.npz,train,697,130,120
KIT,KIT:1226,KIT/1226/Trial_54_stageii.npz,train,721,135,125
KIT,KIT:1226,KIT/1226/Trial_55_stageii.npz,train,794,149,139
KIT,KIT:1226,KIT/1226/Trial_56_stageii.npz,train,599,110,100
KIT,KIT:1226,KIT/1226/Trial_57_stageii.npz,train,549,100,90
KIT,KIT:1226,KIT/1226/Trial_58_stageii.npz,train,550,101,91
KIT,KIT:1226,KIT/1226/Trial_59_stageii.npz,train,549,100,90
KIT,KIT:1226,KIT/1226/Trial_60_stageii.npz,train,600,111,101
KIT,KIT:1226,KIT/1226/Trial_61_stageii.npz,train,651,121,111
KIT,KIT:1226,KIT/1226/Trial_62_stageii.npz,train,549,100,90
KIT,KIT:1226,KIT/1226/Trial_63_stageii.npz,train,649,120,110
KIT,KIT:1226,KIT/1226/Trial_64_stageii.npz,train,599,110,100
KIT,KIT:1226,KIT/1226/Trial_65_stageii.npz,train,701,131,121
KIT,KIT:1226,KIT/1226/Trial_66_stageii.npz,train,1010,193,183
KIT,KIT:1226,KIT/1226/Trial_67_stageii.npz,train,1134,217,207
KIT,KIT:1226,KIT/1226/Trial_68_stageii.npz,train,1053,201,191
KIT,KIT:1226,KIT/1226/Trial_69_stageii.npz,train,1028,196,186
KIT,KIT:1226,KIT/1226/Trial_70_stageii.npz,train,1055,202,192
KIT,KIT:1226,KIT/1226/Trial_71_stageii.npz,train,1114,213,203
KIT,KIT:1226,KIT/1226/Trial_72_stageii.npz,train,1027,196,186
KIT,KIT:1226,KIT/1226/Trial_73_stageii.npz,train,1051,201,191
KIT,KIT:1226,KIT/1226/Trial_74_stageii.npz,train,1135,218,208
KIT,KIT:1226,KIT/1226/Trial_75_stageii.npz,train,1075,206,196
KIT,KIT:1226,KIT/1226/Trial_76_stageii.npz,train,1825,356,346
KIT,KIT:1226,KIT/1226/Trial_77_stageii.npz,train,1874,365,355
KIT,KIT:1226,KIT/1226/Trial_78_stageii.npz,train,1793,349,339
KIT,KIT:1226,KIT/1226/Trial_79_stageii.npz,train,1925,376,366
KIT,KIT:1226,KIT/1226/Trial_80_stageii.npz,train,1854,361,351
KIT,KIT:1226,KIT/1226/Trial_81_stageii.npz,train,2483,487,477
KIT,KIT:1226,KIT/1226/Trial_82_stageii.npz,train,1996,390,380
KIT,KIT:1226,KIT/1226/Trial_83_stageii.npz,train,2317,454,444
KIT,KIT:1226,KIT/1226/Trial_84_stageii.npz,train,2033,397,387
KIT,KIT:1226,KIT/1226/Trial_85_stageii.npz,train,2046,400,390
KIT,KIT:1229,KIT/1229/flexion_with_help_01_stageii.npz,test,872,165,155
KIT,KIT:1229,KIT/1229/flexion_with_help_02_stageii.npz,test,861,163,153
KIT,KIT:1229,KIT/1229/flexion_with_help_03_stageii.npz,test,1287,248,238
KIT,KIT:1229,KIT/1229/flexion_with_help_04_stageii.npz,test,900,171,161
KIT,KIT:1229,KIT/1229/flexion_with_help_05_stageii.npz,test,751,141,131
KIT,KIT:1229,KIT/1229/hand_through_hair_left_arm_01_stageii.npz,test,330,57,47
KIT,KIT:1229,KIT/1229/hand_through_hair_left_arm_02_stageii.npz,test,344,59,49
KIT,KIT:1229,KIT/1229/hand_through_hair_left_arm_03_stageii.npz,test,374,65,55
KIT,KIT:1229,KIT/1229/hand_through_hair_left_arm_04_stageii.npz,test,359,62,52
KIT,KIT:1229,KIT/1229/hand_through_hair_left_arm_05_stageii.npz,test,341,59,49
KIT,KIT:1229,KIT/1229/hand_through_hair_right_arm_01_stageii.npz,test,353,61,51
KIT,KIT:1229,KIT/1229/hand_through_hair_right_arm_02_stageii.npz,test,381,67,57
KIT,KIT:1229,KIT/1229/hand_through_hair_right_arm_03_stageii.npz,test,371,65,55
KIT,KIT:1229,KIT/1229/hand_through_hair_right_arm_04_stageii.npz,test,401,71,61
KIT,KIT:1229,KIT/1229/hand_through_hair_right_arm_05_stageii.npz,test,352,61,51
KIT,KIT:1229,KIT/1229/hand_through_hair_with_help_01_stageii.npz,test,534,97,87
KIT,KIT:1229,KIT/1229/hand_through_hair_with_help_02_stageii.npz,test,536,98,88
KIT,KIT:1229,KIT/1229/hand_through_hair_with_help_03_stageii.npz,test,561,103,93
KIT,KIT:1229,KIT/1229/hand_through_hair_with_help_04_stageii.npz,test,549,100,90
KIT,KIT:1229,KIT/1229/hand_through_hair_with_help_05_stageii.npz,test,550,101,91
KIT,KIT:1229,KIT/1229/hand_to_mouth_left_arm_01_stageii.npz,test,336,58,48
KIT,KIT:1229,KIT/1229/hand_to_mouth_left_arm_02_stageii.npz,test,323,55,45
KIT,KIT:1229,KIT/1229/hand_to_mouth_left_arm_03_stageii.npz,test,327,56,46
KIT,KIT:1229,KIT/1229/hand_to_mouth_left_arm_04_stageii.npz,test,352,61,51
KIT,KIT:1229,KIT/1229/hand_to_mouth_left_arm_05_stageii.npz,test,352,61,51
KIT,KIT:1229,KIT/1229/hand_to_mouth_right_arm_01_stageii.npz,test,380,67,57
KIT,KIT:1229,KIT/1229/hand_to_mouth_right_arm_02_stageii.npz,test,358,62,52
KIT,KIT:1229,KIT/1229/hand_to_mouth_right_arm_03_stageii.npz,test,360,63,53
KIT,KIT:1229,KIT/1229/hand_to_mouth_right_arm_04_stageii.npz,test,382,67,57
KIT,KIT:1229,KIT/1229/hand_to_mouth_right_arm_05_stageii.npz,test,357,62,52
KIT,KIT:1229,KIT/1229/hand_to_mouth_with_help_01_stageii.npz,test,481,87,77
KIT,KIT:1229,KIT/1229/hand_to_mouth_with_help_02_stageii.npz,test,548,100,90
KIT,KIT:1229,KIT/1229/hand_to_mouth_with_help_03_stageii.npz,test,450,81,71
KIT,KIT:1229,KIT/1229/hand_to_mouth_with_help_04_stageii.npz,test,552,101,91
KIT,KIT:1229,KIT/1229/hand_to_mouth_with_help_05_stageii.npz,test,509,92,82
KIT,KIT:1229,KIT/1229/in_out_rotation_with_help_01_stageii.npz,test,668,124,114
KIT,KIT:1229,KIT/1229/in_out_rotation_with_help_02_stageii.npz,test,575,106,96
KIT,KIT:1229,KIT/1229/in_out_rotation_with_help_03_stageii.npz,test,615,114,104
KIT,KIT:1229,KIT/1229/in_out_rotation_with_help_04_stageii.npz,test,639,118,108
KIT,KIT:1229,KIT/1229/in_out_rotation_with_help_05_stageii.npz,test,607,112,102
KIT,KIT:1229,KIT/1229/open_pants_left_arm_01_stageii.npz,test,336,58,48
KIT,KIT:1229,KIT/1229/open_pants_left_arm_02_stageii.npz,test,322,55,45
KIT,KIT:1229,KIT/1229/open_pants_left_arm_03_stageii.npz,test,357,62,52
KIT,KIT:1229,KIT/1229/open_pants_left_arm_04_stageii.npz,test,336,58,48
KIT,KIT:1229,KIT/1229/open_pants_left_arm_05_stageii.npz,test,332,57,47
KIT,KIT:1229,KIT/1229/open_pants_right_arm_01_stageii.npz,test,345,60,50
KIT,KIT:1229,KIT/1229/open_pants_right_arm_02_stageii.npz,test,434,77,67
KIT,KIT:1229,KIT/1229/open_pants_right_arm_03_stageii.npz,test,321,55,45
KIT,KIT:1229,KIT/1229/open_pants_right_arm_04_stageii.npz,test,355,62,52
KIT,KIT:1229,KIT/1229/open_pants_right_arm_05_stageii.npz,test,323,55,45
KIT,KIT:1229,KIT/1229/open_pants_right_arm_06_stageii.npz,test,356,62,52
KIT,KIT:1229,KIT/1229/supination_with_help_01_stageii.npz,test,761,143,133
KIT,KIT:1229,KIT/1229/supination_with_help_02_stageii.npz,test,743,139,129
KIT,KIT:1229,KIT/1229/supination_with_help_03_stageii.npz,test,641,119,109
KIT,KIT:1229,KIT/1229/supination_with_help_04_stageii.npz,test,769,144,134
KIT,KIT:1229,KIT/1229/supination_with_help_05_stageii.npz,test,720,135,125
KIT,KIT:1229,KIT/1229/take_book_from_shelf_left_arm_01_stageii.npz,test,316,54,44
KIT,KIT:1229,KIT/1229/take_book_from_shelf_left_arm_02_stageii.npz,test,330,57,47
KIT,KIT:1229,KIT/1229/take_book_from_shelf_left_arm_03_stageii.npz,test,338,58,48
KIT,KIT:1229,KIT/1229/take_book_from_shelf_left_arm_04_stageii.npz,test,361,63,53
KIT,KIT:1229,KIT/1229/take_book_from_shelf_left_arm_05_stageii.npz,test,351,61,51
KIT,KIT:1229,KIT/1229/take_book_from_shelf_right_arm_01_stageii.npz,test,424,75,65
KIT,KIT:1229,KIT/1229/take_book_from_shelf_right_arm_02_stageii.npz,test,338,58,48
KIT,KIT:1229,KIT/1229/take_book_from_shelf_right_arm_03_stageii.npz,test,326,56,46
KIT,KIT:1229,KIT/1229/take_book_from_shelf_right_arm_04_stageii.npz,test,329,56,46
KIT,KIT:1229,KIT/1229/take_book_from_shelf_right_arm_05_stageii.npz,test,349,60,50
KIT,KIT:1229,KIT/1229/take_book_from_shelf_right_arm_06_stageii.npz,test,371,65,55
KIT,KIT:1229,KIT/1229/take_book_from_shelf_with_help_01_stageii.npz,test,799,150,140
KIT,KIT:1229,KIT/1229/take_book_from_shelf_with_help_02_stageii.npz,test,597,110,100
KIT,KIT:1229,KIT/1229/take_book_from_shelf_with_help_03_stageii.npz,test,599,110,100
KIT,KIT:1229,KIT/1229/take_book_from_shelf_with_help_04_stageii.npz,test,642,119,109
KIT,KIT:1229,KIT/1229/take_book_from_shelf_with_help_05_stageii.npz,test,657,122,112
KIT,KIT:1229,KIT/1229/take_of_t-shirt_left_arm_01_stageii.npz,test,422,75,65
KIT,KIT:1229,KIT/1229/take_of_t-shirt_left_arm_02_stageii.npz,test,347,60,50
KIT,KIT:1229,KIT/1229/take_of_t-shirt_left_arm_03_stageii.npz,test,355,62,52
KIT,KIT:1229,KIT/1229/take_of_t-shirt_left_arm_04_stageii.npz,test,346,60,50
KIT,KIT:1229,KIT/1229/take_of_t-shirt_left_arm_05_stageii.npz,test,339,58,48
KIT,KIT:1229,KIT/1229/take_of_t-shirt_right_arm_01_stageii.npz,test,410,73,63
KIT,KIT:1229,KIT/1229/take_of_t-shirt_right_arm_02_stageii.npz,test,436,78,68
KIT,KIT:1229,KIT/1229/take_of_t-shirt_right_arm_03_stageii.npz,test,338,58,48
KIT,KIT:1229,KIT/1229/take_of_t-shirt_right_arm_04_stageii.npz,test,392,69,59
KIT,KIT:1229,KIT/1229/take_of_t-shirt_right_arm_05_stageii.npz,test,328,56,46
KIT,KIT:1229,KIT/1229/take_of_t-shirt_with_help_01_stageii.npz,test,466,84,74
KIT,KIT:1229,KIT/1229/take_of_t-shirt_with_help_02_stageii.npz,test,547,100,90
KIT,KIT:1229,KIT/1229/take_of_t-shirt_with_help_03_stageii.npz,test,597,110,100
KIT,KIT:1229,KIT/1229/take_of_t-shirt_with_help_04_stageii.npz,test,627,116,106
KIT,KIT:1229,KIT/1229/take_of_t-shirt_with_help_05_stageii.npz,test,713,133,123
KIT,KIT:1229,KIT/1229/washing_movement_left_arm_01_stageii.npz,test,343,59,49
KIT,KIT:1229,KIT/1229/washing_movement_left_arm_02_stageii.npz,test,353,61,51
KIT,KIT:1229,KIT/1229/washing_movement_left_arm_03_stageii.npz,test,399,70,60
KIT,KIT:1229,KIT/1229/washing_movement_left_arm_04_stageii.npz,test,401,71,61
KIT,KIT:1229,KIT/1229/washing_movement_left_arm_05_stageii.npz,test,452,81,71
KIT,KIT:1229,KIT/1229/washing_movement_right_arm_01_stageii.npz,test,410,73,63
KIT,KIT:1229,KIT/1229/washing_movement_right_arm_02_stageii.npz,test,400,71,61
KIT,KIT:1229,KIT/1229/washing_movement_right_arm_03_stageii.npz,test,372,65,55
KIT,KIT:1229,KIT/1229/washing_movement_right_arm_04_stageii.npz,test,450,81,71
KIT,KIT:1229,KIT/1229/washing_movement_right_arm_05_stageii.npz,test,404,71,61
KIT,KIT:1229,KIT/1229/washing_movement_with_help_01_stageii.npz,test,603,111,101
KIT,KIT:1229,KIT/1229/washing_movement_with_help_02_stageii.npz,test,501,91,81
KIT,KIT:1229,KIT/1229/washing_movement_with_help_03_stageii.npz,test,595,110,100
KIT,KIT:1229,KIT/1229/washing_movement_with_help_04_stageii.npz,test,611,113,103
KIT,KIT:1229,KIT/1229/washing_movement_with_help_05_stageii.npz,test,536,98,88
KIT,KIT:1297,KIT/1297/wipe01_stageii.npz,test,1150,221,211
KIT,KIT:1297,KIT/1297/wipe02_stageii.npz,test,1535,298,288
KIT,KIT:1297,KIT/1297/wipe03_stageii.npz,test,1458,282,272
KIT,KIT:1297,KIT/1297/wipe04_stageii.npz,test,1360,263,253
KIT,KIT:1297,KIT/1297/wipe05_stageii.npz,test,1553,301,291
KIT,KIT:1297,KIT/1297/wipe06_stageii.npz,test,1461,283,273
KIT,KIT:1297,KIT/1297/wipe07_stageii.npz,test,1878,366,356
KIT,KIT:1297,KIT/1297/wipe08_stageii.npz,test,1672,325,315
KIT,KIT:1297,KIT/1297/wipe09_stageii.npz,test,1751,341,331
KIT,KIT:1297,KIT/1297/wipe10_stageii.npz,test,1474,285,275
KIT,KIT:1297,KIT/1297/wipe11_stageii.npz,test,1700,331,321
KIT,KIT:1297,KIT/1297/wipe12_stageii.npz,test,1631,317,307
KIT,KIT:1297,KIT/1297/wipe14_stageii.npz,test,1892,369,359
KIT,KIT:1297,KIT/1297/wipe15_stageii.npz,test,2217,434,424
KIT,KIT:1297,KIT/1297/wipe16_stageii.npz,test,2202,431,421
KIT,KIT:1346,KIT/1346/Experiment3_subject1346_random_01_stageii.npz,train,4178,826,816
KIT,KIT:1346,KIT/1346/Experiment3_subject1346_random_02_stageii.npz,train,1562,303,293
KIT,KIT:1346,KIT/1346/Experiment3_subject1346_random_03_stageii.npz,train,2358,462,452
KIT,KIT:1346,KIT/1346/Experiment3_subject1346_wash_back_position_horizontal_01_stageii.npz,train,3351,661,651
KIT,KIT:1346,KIT/1346/Experiment3_subject1346_wash_back_position_horizontal_02_stageii.npz,train,2801,551,541
KIT,KIT:1346,KIT/1346/Experiment3_subject1346_wash_leg_position_bigcircles_01_stageii.npz,train,2692,529,519
KIT,KIT:1346,KIT/1346/Experiment3_subject1346_wash_leg_position_bigcircles_02_stageii.npz,train,2959,582,572
KIT,KIT:1346,KIT/1346/Experiment3_subject1346_wash_leg_position_horizontal_01_stageii.npz,train,3118,614,604
KIT,KIT:1346,KIT/1346/Experiment3_subject1346_wash_leg_position_horizontal_02_stageii.npz,train,3117,614,604
KIT,KIT:1346,KIT/1346/Experiment3_subject1346_wash_leg_position_smallcircles_01_stageii.npz,train,2955,582,572
KIT,KIT:1346,KIT/1346/Experiment3_subject1346_wash_leg_position_smallcircles_02_stageii.npz,train,3004,591,581
KIT,KIT:1346,KIT/1346/Experiment3_subject1346_wash_leg_position_vertical_01_stageii.npz,train,2551,501,491
KIT,KIT:1346,KIT/1346/Experiment3_subject1346_wash_leg_position_vertical_02_stageii.npz,train,2742,539,529
KIT,KIT:1346,KIT/1346/Experiment3a_subject1346_back_01_stageii.npz,train,6282,1247,1237
KIT,KIT:1346,KIT/1346/Experiment3a_subject1346_back_02_stageii.npz,train,4461,883,873
KIT,KIT:1346,KIT/1346/Experiment3a_subject1346_back_03_stageii.npz,train,4985,988,978
KIT,KIT:1346,KIT/1346/Experiment3a_subject1346_legs_02_stageii.npz,train,4988,988,978
KIT,KIT:1346,KIT/1346/Experiment3a_subject1346_legs_03_stageii.npz,train,4499,890,880
KIT,KIT:1346,KIT/1346/Experiment3b_subject1346_back_02_stageii.npz,train,10037,1998,1988
KIT,KIT:1346,KIT/1346/Experiment3b_subject1346_back_03_stageii.npz,train,9418,1874,1864
KIT,KIT:1346,KIT/1346/Experiment3b_subject1346_legs_02_stageii.npz,train,8798,1750,1740
KIT,KIT:1346,KIT/1346/Experiment3b_subject1346_legs_03_stageii.npz,train,8488,1688,1678
KIT,KIT:1487,KIT/1487/pouring_the_bottle01_stageii.npz,val,1171,225,215
KIT,KIT:1487,KIT/1487/pouring_the_bottle02_stageii.npz,val,949,180,170
KIT,KIT:1487,KIT/1487/pouring_the_bottle03_stageii.npz,val,1201,231,221
KIT,KIT:1487,KIT/1487/pouring_the_bottle04_stageii.npz,val,1251,241,231
KIT,KIT:1487,KIT/1487/pouring_the_bottle05_stageii.npz,val,1161,223,213
KIT,KIT:1487,KIT/1487/pouring_the_cup07_stageii.npz,val,969,184,174
KIT,KIT:1487,KIT/1487/stirring_in_the_bowl02_stageii.npz,val,889,168,158
KIT,KIT:1487,KIT/1487/stirring_in_the_bowl03_stageii.npz,val,743,139,129
KIT,KIT:1487,KIT/1487/stirring_in_the_bowl04_stageii.npz,val,973,185,175
KIT,KIT:1487,KIT/1487/stirring_in_the_bowl05_stageii.npz,val,1032,197,187
KIT,KIT:1487,KIT/1487/stirring_in_the_bowl06_stageii.npz,val,763,143,133
KIT,KIT:1487,KIT/1487/stirring_in_the_bowl07_stageii.npz,val,882,167,157
KIT,KIT:1487,KIT/1487/wiping_the_table01_stageii.npz,val,754,141,131
KIT,KIT:1487,KIT/1487/wiping_the_table04_stageii.npz,val,745,140,130
KIT,KIT:1487,KIT/1487/wiping_the_table05_stageii.npz,val,769,144,134
KIT,KIT:1487,KIT/1487/wiping_the_table06_stageii.npz,val,979,186,176
KIT,KIT:1717,KIT/1717/displace_from_left_to_right_01_stageii.npz,train,585,108,98
KIT,KIT:1717,KIT/1717/displace_from_left_to_right_02_stageii.npz,train,568,104,94
KIT,KIT:1717,KIT/1717/displace_from_left_to_right_03_stageii.npz,train,527,96,86
KIT,KIT:1717,KIT/1717/displace_from_left_to_right_04_stageii.npz,train,502,91,81
KIT,KIT:1717,KIT/1717/displace_from_left_to_right_05_stageii.npz,train,492,89,79
KIT,KIT:1717,KIT/1717/displace_from_left_to_right_06_stageii.npz,train,452,81,71
KIT,KIT:1717,KIT/1717/displace_from_left_to_right_07_stageii.npz,train,472,85,75
KIT,KIT:1717,KIT/1717/displace_from_left_to_right_08_stageii.npz,train,458,82,72
KIT,KIT:1717,KIT/1717/displace_from_left_to_right_09_stageii.npz,train,567,104,94
KIT,KIT:1717,KIT/1717/displace_from_left_to_right_10_stageii.npz,train,523,95,85
KIT,KIT:1717,KIT/1717/displace_from_left_to_right_11_stageii.npz,train,488,88,78
KIT,KIT:1717,KIT/1717/displace_from_left_to_right_12_stageii.npz,train,460,83,73
KIT,KIT:1717,KIT/1717/displace_from_left_to_right_13_stageii.npz,train,415,74,64
KIT,KIT:1717,KIT/1717/displace_from_left_to_right_14_stageii.npz,train,503,91,81
KIT,KIT:1717,KIT/1717/displace_from_left_to_right_15_stageii.npz,train,498,90,80
KIT,KIT:1717,KIT/1717/displace_from_left_to_right_16_stageii.npz,train,469,84,74
KIT,KIT:1717,KIT/1717/displace_from_left_to_right_17_stageii.npz,train,466,84,74
KIT,KIT:1717,KIT/1717/displace_from_left_to_right_18_stageii.npz,train,476,86,76
KIT,KIT:1717,KIT/1717/displace_from_left_to_right_19_stageii.npz,train,494,89,79
KIT,KIT:1717,KIT/1717/displace_from_left_to_right_21_stageii.npz,train,456,82,72
KIT,KIT:1717,KIT/1717/displace_from_left_to_right_22_stageii.npz,train,478,86,76
KIT,KIT:1717,KIT/1717/displace_from_left_to_right_24_stageii.npz,train,456,82,72
KIT,KIT:1717,KIT/1717/displace_from_left_to_right_25_stageii.npz,train,491,89,79
KIT,KIT:1717,KIT/1717/displace_from_left_to_right_26_stageii.npz,train,481,87,77
KIT,KIT:1717,KIT/1717/displace_from_left_to_right_27_stageii.npz,train,490,89,79
KIT,KIT:1717,KIT/1717/displace_from_left_to_right_28_stageii.npz,train,448,80,70
KIT,KIT:1717,KIT/1717/displace_from_left_to_right_29_stageii.npz,train,436,78,68
KIT,KIT:1717,KIT/1717/displace_from_left_to_right_30_stageii.npz,train,488,88,78
KIT,KIT:1717,KIT/1717/displace_from_left_to_right_31_stageii.npz,train,442,79,69
KIT,KIT:1717,KIT/1717/displace_from_left_to_right_32_stageii.npz,train,480,87,77
KIT,KIT:1717,KIT/1717/displace_from_left_to_right_33_stageii.npz,train,424,75,65
KIT,KIT:1717,KIT/1717/displace_from_left_to_right_34_stageii.npz,train,488,88,78
KIT,KIT:1717,KIT/1717/displace_from_left_to_right_35_stageii.npz,train,503,91,81
KIT,KIT:1717,KIT/1717/displace_from_left_to_right_36_stageii.npz,train,460,83,73
KIT,KIT:1717,KIT/1717/displace_from_left_to_right_37_stageii.npz,train,416,74,64
KIT,KIT:1717,KIT/1717/displace_from_left_to_right_38_stageii.npz,train,422,75,65
KIT,KIT:1717,KIT/1717/displace_from_left_to_right_39_stageii.npz,train,411,73,63
KIT,KIT:1717,KIT/1717/displace_from_left_to_right_40_stageii.npz,train,461,83,73
KIT,KIT:1717,KIT/1717/displace_from_left_to_right_41_stageii.npz,train,631,117,107
KIT,KIT:1717,KIT/1717/displace_from_left_to_right_42_stageii.npz,train,581,107,97
KIT,KIT:1717,KIT/1717/displace_from_left_to_right_43_stageii.npz,train,554,101,91
KIT,KIT:1717,KIT/1717/displace_from_left_to_right_44_stageii.npz,train,491,89,79
KIT,KIT:1717,KIT/1717/displace_from_left_to_right_45_stageii.npz,train,466,84,74
KIT,KIT:1717,KIT/1717/displace_from_left_to_right_46_stageii.npz,train,497,90,80
KIT,KIT:1717,KIT/1717/displace_from_left_to_right_47_stageii.npz,train,483,87,77
KIT,KIT:1717,KIT/1717/displace_from_left_to_right_48_stageii.npz,train,483,87,77
KIT,KIT:1717,KIT/1717/displace_from_left_to_right_49_stageii.npz,train,522,95,85
KIT,KIT:1717,KIT/1717/displace_from_left_to_right_50_stageii.npz,train,521,95,85
KIT,KIT:1717,KIT/1717/displace_tilt_middle_06_stageii.npz,train,765,144,134
KIT,KIT:1717,KIT/1717/displace_tilt_middle_07_stageii.npz,train,849,160,150
KIT,KIT:1717,KIT/1717/displace_tilt_middle_08_stageii.npz,train,908,172,162
KIT,KIT:1717,KIT/1717/displace_tilt_middle_09_stageii.npz,train,933,177,167
KIT,KIT:1717,KIT/1717/displace_tilt_middle_10_stageii.npz,train,895,170,160
KIT,KIT:1717,KIT/1717/displace_tilt_middle_11_stageii.npz,train,906,172,162
KIT,KIT:1717,KIT/1717/displace_tilt_middle_12_stageii.npz,train,965,184,174
KIT,KIT:1717,KIT/1717/displace_tilt_middle_13_stageii.npz,train,882,167,157
KIT,KIT:1717,KIT/1717/displace_tilt_middle_14_stageii.npz,train,881,167,157
KIT,KIT:1717,KIT/1717/displace_tilt_middle_15_stageii.npz,train,909,172,162
KIT,KIT:1717,KIT/1717/displace_tilt_middle_16_stageii.npz,train,887,168,158
KIT,KIT:1717,KIT/1717/displace_tilt_middle_17_stageii.npz,train,971,185,175
KIT,KIT:1717,KIT/1717/displace_tilt_middle_18_stageii.npz,train,930,177,167
KIT,KIT:1717,KIT/1717/displace_tilt_middle_19_stageii.npz,train,997,190,180
KIT,KIT:1717,KIT/1717/displace_tilt_middle_20_stageii.npz,train,944,179,169
KIT,KIT:1717,KIT/1717/displace_tilt_middle_21_stageii.npz,train,951,181,171
KIT,KIT:1717,KIT/1717/displace_tilt_middle_23_stageii.npz,train,1026,196,186
KIT,KIT:1717,KIT/1717/displace_tilt_middle_24_stageii.npz,train,951,181,171
KIT,KIT:1717,KIT/1717/displace_tilt_middle_25_stageii.npz,train,946,180,170
KIT,KIT:1717,KIT/1717/displace_tilt_side_01_stageii.npz,train,901,171,161
KIT,KIT:1717,KIT/1717/displace_tilt_side_02_stageii.npz,train,936,178,168
KIT,KIT:1717,KIT/1717/displace_tilt_side_03_stageii.npz,train,1085,208,198
KIT,KIT:1717,KIT/1717/displace_tilt_side_04_stageii.npz,train,948,180,170
KIT,KIT:1717,KIT/1717/displace_tilt_side_05_stageii.npz,train,960,183,173
KIT,KIT:1717,KIT/1717/displace_tilt_side_06_stageii.npz,train,915,174,164
KIT,KIT:1717,KIT/1717/displace_tilt_side_07_stageii.npz,train,1027,196,186
KIT,KIT:1717,KIT/1717/displace_tilt_side_08_stageii.npz,train,928,176,166
KIT,KIT:1717,KIT/1717/displace_tilt_side_09_stageii.npz,train,908,172,162
KIT,KIT:1717,KIT/1717/displace_tilt_side_10_stageii.npz,train,952,181,171
KIT,KIT:1717,KIT/1717/displace_tilt_side_11_stageii.npz,train,862,163,153
KIT,KIT:1717,KIT/1717/displace_tilt_side_12_stageii.npz,train,986,188,178
KIT,KIT:1717,KIT/1717/displace_tilt_side_13_stageii.npz,train,930,177,167
KIT,KIT:1717,KIT/1717/displace_tilt_side_14_stageii.npz,train,898,170,160
KIT,KIT:1717,KIT/1717/displace_tilt_side_15_stageii.npz,train,1000,191,181
KIT,KIT:1717,KIT/1717/displace_tilt_side_16_stageii.npz,train,1085,208,198
KIT,KIT:1717,KIT/1717/displace_tilt_side_17_stageii.npz,train,1048,200,190
KIT,KIT:1717,KIT/1717/displace_tilt_side_18_stageii.npz,train,901,171,161
KIT,KIT:1717,KIT/1717/displace_tilt_side_19_stageii.npz,train,1001,191,181
KIT,KIT:1717,KIT/1717/displace_tilt_side_20_stageii.npz,train,951,181,171
KIT,KIT:1717,KIT/1717/displace_tilt_side_21_stageii.npz,train,921,175,165
KIT,KIT:1717,KIT/1717/displace_tilt_side_22_stageii.npz,train,981,187,177
KIT,KIT:1717,KIT/1717/displace_tilt_side_23_stageii.npz,train,941,179,169
KIT,KIT:1717,KIT/1717/displace_tilt_side_24_stageii.npz,train,981,187,177
KIT,KIT:1717,KIT/1717/displace_tilt_side_25_stageii.npz,train,1071,205,195
KIT,KIT:1717,KIT/1717/displace_tilt_side_26_stageii.npz,train,1094,209,199
KIT,KIT:1717,KIT/1717/displace_tilt_side_27_stageii.npz,train,1012,193,183
KIT,KIT:1717,KIT/1717/displace_tilt_side_28_stageii.npz,train,1073,205,195
KIT,KIT:1717,KIT/1717/displace_tilt_side_29_stageii.npz,train,951,181,171
KIT,KIT:1717,KIT/1717/displace_tilt_side_30_stageii.npz,train,994,189,179
KIT,KIT:1717,KIT/1717/displace_tilt_side_31_stageii.npz,train,1004,191,181
KIT,KIT:1717,KIT/1717/displace_tilt_side_32_stageii.npz,train,1077,206,196
KIT,KIT:1717,KIT/1717/displace_tilt_side_33_stageii.npz,train,1105,212,202
KIT,KIT:1717,KIT/1717/displace_tilt_side_35_stageii.npz,train,912,173,163
KIT,KIT:1717,KIT/1717/displace_tilt_side_36_stageii.npz,train,1080,207,197
KIT,KIT:1717,KIT/1717/displace_tilt_side_37_stageii.npz,train,1011,193,183
KIT,KIT:1717,KIT/1717/displace_tilt_side_38_stageii.npz,train,951,181,171
KIT,KIT:1717,KIT/1717/displace_tilt_side_39_stageii.npz,train,1101,211,201
KIT,KIT:1717,KIT/1717/displace_tilt_side_40_stageii.npz,train,941,179,169
KIT,KIT:1717,KIT/1717/displace_tilt_side_41_stageii.npz,train,971,185,175
KIT,KIT:1717,KIT/1717/displace_tilt_side_42_stageii.npz,train,1003,191,181
KIT,KIT:1747,KIT/1747/displace_from_left_to_right_01_stageii.npz,train,585,108,98
KIT,KIT:1747,KIT/1747/displace_from_left_to_right_02_stageii.npz,train,568,104,94
KIT,KIT:1747,KIT/1747/displace_from_left_to_right_03_stageii.npz,train,527,96,86
KIT,KIT:1747,KIT/1747/displace_from_left_to_right_04_stageii.npz,train,502,91,81
KIT,KIT:1747,KIT/1747/displace_from_left_to_right_05_stageii.npz,train,492,89,79
KIT,KIT:1747,KIT/1747/displace_from_left_to_right_06_stageii.npz,train,452,81,71
KIT,KIT:1747,KIT/1747/displace_from_left_to_right_07_stageii.npz,train,472,85,75
KIT,KIT:1747,KIT/1747/displace_from_left_to_right_08_stageii.npz,train,458,82,72
KIT,KIT:1747,KIT/1747/displace_from_left_to_right_09_stageii.npz,train,567,104,94
KIT,KIT:1747,KIT/1747/displace_from_left_to_right_10_stageii.npz,train,523,95,85
KIT,KIT:1747,KIT/1747/displace_from_left_to_right_11_stageii.npz,train,488,88,78
KIT,KIT:1747,KIT/1747/displace_from_left_to_right_12_stageii.npz,train,460,83,73
KIT,KIT:1747,KIT/1747/displace_from_left_to_right_13_stageii.npz,train,415,74,64
KIT,KIT:1747,KIT/1747/displace_from_left_to_right_14_stageii.npz,train,503,91,81
KIT,KIT:1747,KIT/1747/displace_from_left_to_right_15_stageii.npz,train,498,90,80
KIT,KIT:1747,KIT/1747/displace_from_left_to_right_16_stageii.npz,train,469,84,74
KIT,KIT:1747,KIT/1747/displace_from_left_to_right_17_stageii.npz,train,466,84,74
KIT,KIT:1747,KIT/1747/displace_from_left_to_right_18_stageii.npz,train,476,86,76
KIT,KIT:1747,KIT/1747/displace_from_left_to_right_19_stageii.npz,train,494,89,79
KIT,KIT:1747,KIT/1747/displace_from_left_to_right_21_stageii.npz,train,456,82,72
KIT,KIT:1747,KIT/1747/displace_from_left_to_right_22_stageii.npz,train,478,86,76
KIT,KIT:1747,KIT/1747/displace_from_left_to_right_24_stageii.npz,train,456,82,72
KIT,KIT:1747,KIT/1747/displace_from_left_to_right_25_stageii.npz,train,491,89,79
KIT,KIT:1747,KIT/1747/displace_from_left_to_right_26_stageii.npz,train,481,87,77
KIT,KIT:1747,KIT/1747/displace_from_left_to_right_27_stageii.npz,train,490,89,79
KIT,KIT:1747,KIT/1747/displace_from_left_to_right_28_stageii.npz,train,448,80,70
KIT,KIT:1747,KIT/1747/displace_from_left_to_right_29_stageii.npz,train,436,78,68
KIT,KIT:1747,KIT/1747/displace_from_left_to_right_30_stageii.npz,train,488,88,78
KIT,KIT:1747,KIT/1747/displace_from_left_to_right_31_stageii.npz,train,442,79,69
KIT,KIT:1747,KIT/1747/displace_from_left_to_right_32_stageii.npz,train,480,87,77
KIT,KIT:1747,KIT/1747/displace_from_left_to_right_33_stageii.npz,train,424,75,65
KIT,KIT:1747,KIT/1747/displace_from_left_to_right_34_stageii.npz,train,488,88,78
KIT,KIT:1747,KIT/1747/displace_from_left_to_right_35_stageii.npz,train,503,91,81
KIT,KIT:1747,KIT/1747/displace_from_left_to_right_36_stageii.npz,train,460,83,73
KIT,KIT:1747,KIT/1747/displace_from_left_to_right_37_stageii.npz,train,416,74,64
KIT,KIT:1747,KIT/1747/displace_from_left_to_right_38_stageii.npz,train,422,75,65
KIT,KIT:1747,KIT/1747/displace_from_left_to_right_39_stageii.npz,train,411,73,63
KIT,KIT:1747,KIT/1747/displace_from_left_to_right_40_stageii.npz,train,461,83,73
KIT,KIT:1747,KIT/1747/displace_from_left_to_right_41_stageii.npz,train,631,117,107
KIT,KIT:1747,KIT/1747/displace_from_left_to_right_42_stageii.npz,train,581,107,97
KIT,KIT:1747,KIT/1747/displace_from_left_to_right_43_stageii.npz,train,554,101,91
KIT,KIT:1747,KIT/1747/displace_from_left_to_right_44_stageii.npz,train,491,89,79
KIT,KIT:1747,KIT/1747/displace_from_left_to_right_45_stageii.npz,train,466,84,74
KIT,KIT:1747,KIT/1747/displace_from_left_to_right_46_stageii.npz,train,497,90,80
KIT,KIT:1747,KIT/1747/displace_from_left_to_right_47_stageii.npz,train,483,87,77
KIT,KIT:1747,KIT/1747/displace_from_left_to_right_48_stageii.npz,train,483,87,77
KIT,KIT:1747,KIT/1747/displace_from_left_to_right_49_stageii.npz,train,522,95,85
KIT,KIT:1747,KIT/1747/displace_from_left_to_right_50_stageii.npz,train,521,95,85
KIT,KIT:1747,KIT/1747/displace_tilt_middle_06_stageii.npz,train,765,144,134
KIT,KIT:1747,KIT/1747/displace_tilt_middle_07_stageii.npz,train,849,160,150
KIT,KIT:1747,KIT/1747/displace_tilt_middle_08_stageii.npz,train,908,172,162
KIT,KIT:1747,KIT/1747/displace_tilt_middle_09_stageii.npz,train,933,177,167
KIT,KIT:1747,KIT/1747/displace_tilt_middle_10_stageii.npz,train,895,170,160
KIT,KIT:1747,KIT/1747/displace_tilt_middle_11_stageii.npz,train,906,172,162
KIT,KIT:1747,KIT/1747/displace_tilt_middle_12_stageii.npz,train,965,184,174
KIT,KIT:1747,KIT/1747/displace_tilt_middle_13_stageii.npz,train,882,167,157
KIT,KIT:1747,KIT/1747/displace_tilt_middle_14_stageii.npz,train,881,167,157
KIT,KIT:1747,KIT/1747/displace_tilt_middle_15_stageii.npz,train,909,172,162
KIT,KIT:1747,KIT/1747/displace_tilt_middle_16_stageii.npz,train,887,168,158
KIT,KIT:1747,KIT/1747/displace_tilt_middle_17_stageii.npz,train,971,185,175
KIT,KIT:1747,KIT/1747/displace_tilt_middle_18_stageii.npz,train,930,177,167
KIT,KIT:1747,KIT/1747/displace_tilt_middle_19_stageii.npz,train,997,190,180
KIT,KIT:1747,KIT/1747/displace_tilt_middle_20_stageii.npz,train,944,179,169
KIT,KIT:1747,KIT/1747/displace_tilt_middle_21_stageii.npz,train,951,181,171
KIT,KIT:1747,KIT/1747/displace_tilt_middle_23_stageii.npz,train,1026,196,186
KIT,KIT:1747,KIT/1747/displace_tilt_middle_24_stageii.npz,train,951,181,171
KIT,KIT:1747,KIT/1747/displace_tilt_middle_25_stageii.npz,train,946,180,170
KIT,KIT:1747,KIT/1747/displace_tilt_side_01_stageii.npz,train,901,171,161
KIT,KIT:1747,KIT/1747/displace_tilt_side_02_stageii.npz,train,936,178,168
KIT,KIT:1747,KIT/1747/displace_tilt_side_03_stageii.npz,train,1085,208,198
KIT,KIT:1747,KIT/1747/displace_tilt_side_04_stageii.npz,train,948,180,170
KIT,KIT:1747,KIT/1747/displace_tilt_side_05_stageii.npz,train,960,183,173
KIT,KIT:1747,KIT/1747/displace_tilt_side_06_stageii.npz,train,915,174,164
KIT,KIT:1747,KIT/1747/displace_tilt_side_07_stageii.npz,train,1027,196,186
KIT,KIT:1747,KIT/1747/displace_tilt_side_08_stageii.npz,train,928,176,166
KIT,KIT:1747,KIT/1747/displace_tilt_side_09_stageii.npz,train,908,172,162
KIT,KIT:1747,KIT/1747/displace_tilt_side_10_stageii.npz,train,952,181,171
KIT,KIT:1747,KIT/1747/displace_tilt_side_11_stageii.npz,train,862,163,153
KIT,KIT:1747,KIT/1747/displace_tilt_side_12_stageii.npz,train,986,188,178
KIT,KIT:1747,KIT/1747/displace_tilt_side_13_stageii.npz,train,930,177,167
KIT,KIT:1747,KIT/1747/displace_tilt_side_14_stageii.npz,train,898,170,160
KIT,KIT:1747,KIT/1747/displace_tilt_side_15_stageii.npz,train,1000,191,181
KIT,KIT:1747,KIT/1747/displace_tilt_side_16_stageii.npz,train,1085,208,198
KIT,KIT:1747,KIT/1747/displace_tilt_side_17_stageii.npz,train,1048,200,190
KIT,KIT:1747,KIT/1747/displace_tilt_side_18_stageii.npz,train,901,171,161
KIT,KIT:1747,KIT/1747/displace_tilt_side_19_stageii.npz,train,1001,191,181
KIT,KIT:1747,KIT/1747/displace_tilt_side_20_stageii.npz,train,951,181,171
KIT,KIT:1747,KIT/1747/displace_tilt_side_21_stageii.npz,train,921,175,165
KIT,KIT:1747,KIT/1747/displace_tilt_side_22_stageii.npz,train,981,187,177
KIT,KIT:1747,KIT/1747/displace_tilt_side_23_stageii.npz,train,941,179,169
KIT,KIT:1747,KIT/1747/displace_tilt_side_24_stageii.npz,train,981,187,177
KIT,KIT:1747,KIT/1747/displace_tilt_side_25_stageii.npz,train,1071,205,195
KIT,KIT:1747,KIT/1747/displace_tilt_side_26_stageii.npz,train,1094,209,199
KIT,KIT:1747,KIT/1747/displace_tilt_side_27_stageii.npz,train,1012,193,183
KIT,KIT:1747,KIT/1747/displace_tilt_side_28_stageii.npz,train,1073,205,195
KIT,KIT:1747,KIT/1747/displace_tilt_side_29_stageii.npz,train,951,181,171
KIT,KIT:1747,KIT/1747/displace_tilt_side_30_stageii.npz,train,994,189,179
KIT,KIT:1747,KIT/1747/displace_tilt_side_31_stageii.npz,train,1004,191,181
KIT,KIT:1747,KIT/1747/displace_tilt_side_32_stageii.npz,train,1077,206,196
KIT,KIT:1747,KIT/1747/displace_tilt_side_33_stageii.npz,train,1105,212,202
KIT,KIT:1747,KIT/1747/displace_tilt_side_35_stageii.npz,train,912,173,163
KIT,KIT:1747,KIT/1747/displace_tilt_side_36_stageii.npz,train,1080,207,197
KIT,KIT:1747,KIT/1747/displace_tilt_side_37_stageii.npz,train,1011,193,183
KIT,KIT:1747,KIT/1747/displace_tilt_side_38_stageii.npz,train,951,181,171
KIT,KIT:1747,KIT/1747/displace_tilt_side_39_stageii.npz,train,1101,211,201
KIT,KIT:1747,KIT/1747/displace_tilt_side_40_stageii.npz,train,941,179,169
KIT,KIT:1747,KIT/1747/displace_tilt_side_41_stageii.npz,train,971,185,175
KIT,KIT:1747,KIT/1747/displace_tilt_side_42_stageii.npz,train,1003,191,181
KIT,KIT:200,KIT/200/Handstand01_stageii.npz,train,629,116,106
KIT,KIT:200,KIT/200/Handstand02_stageii.npz,train,669,124,114
KIT,KIT:200,KIT/200/Handstand04_stageii.npz,train,651,121,111
KIT,KIT:200,KIT/200/Handstand05_stageii.npz,train,749,140,130
KIT,KIT:200,KIT/200/Handstand06_stageii.npz,train,704,131,121
KIT,KIT:200,KIT/200/KickHuefthoch01_stageii.npz,train,409,72,62
KIT,KIT:200,KIT/200/KickHuefthoch02_stageii.npz,train,457,82,72
KIT,KIT:200,KIT/200/KickHuefthoch03_stageii.npz,train,426,76,66
KIT,KIT:200,KIT/200/KickHuefthoch04_stageii.npz,train,444,79,69
KIT,KIT:200,KIT/200/KickHuefthoch05_stageii.npz,train,461,83,73
KIT,KIT:200,KIT/200/KickHuefthoch06_stageii.npz,train,493,89,79
KIT,KIT:200,KIT/200/Kniebeuge01_stageii.npz,train,749,140,130
KIT,KIT:200,KIT/200/Kniebeuge02_stageii.npz,train,758,142,132
KIT,KIT:200,KIT/200/Kniebeuge03_stageii.npz,train,439,78,68
KIT,KIT:200,KIT/200/Kniebeuge04_stageii.npz,train,436,78,68
KIT,KIT:200,KIT/200/Kniebeuge05_stageii.npz,train,487,88,78
KIT,KIT:200,KIT/200/Kniebeuge06_stageii.npz,train,440,79,69
KIT,KIT:200,KIT/200/RadSchlagen02_stageii.npz,train,361,63,53
KIT,KIT:200,KIT/200/RadSchlagen03_stageii.npz,train,297,50,40
KIT,KIT:205,KIT/205/step_over_gap01_stageii.npz,test,580,107,97
KIT,KIT:205,KIT/205/step_over_gap02_stageii.npz,test,544,99,89
KIT,KIT:205,KIT/205/step_over_gap03_stageii.npz,test,580,107,97
KIT,KIT:205,KIT/205/step_over_gap04_stageii.npz,test,567,104,94
KIT,KIT:205,KIT/205/step_over_gap05_stageii.npz,test,737,138,128
KIT,KIT:205,KIT/205/step_over_gap06_stageii.npz,test,541,99,89
KIT,KIT:205,KIT/205/step_over_gap07_stageii.npz,test,507,92,82
KIT,KIT:205,KIT/205/step_over_gap08_stageii.npz,test,529,96,86
KIT,KIT:205,KIT/205/step_over_gap09_stageii.npz,test,549,100,90
KIT,KIT:205,KIT/205/step_over_gap10_stageii.npz,test,468,84,74
KIT,KIT:205,KIT/205/turn_left01_stageii.npz,test,597,110,100
KIT,KIT:205,KIT/205/turn_left02_stageii.npz,test,578,106,96
KIT,KIT:205,KIT/205/turn_left03_stageii.npz,test,517,94,84
KIT,KIT:205,KIT/205/turn_left04_stageii.npz,test,517,94,84
KIT,KIT:205,KIT/205/turn_left05_stageii.npz,test,571,105,95
KIT,KIT:205,KIT/205/turn_left06_stageii.npz,test,592,109,99
KIT,KIT:205,KIT/205/turn_left07_stageii.npz,test,578,106,96
KIT,KIT:205,KIT/205/walking_medium01_stageii.npz,test,460,83,73
KIT,KIT:205,KIT/205/walking_medium02_stageii.npz,test,413,73,63
KIT,KIT:205,KIT/205/walking_medium03_stageii.npz,test,465,84,74
KIT,KIT:205,KIT/205/walking_medium04_stageii.npz,test,421,75,65
KIT,KIT:205,KIT/205/walking_medium05_stageii.npz,test,439,78,68
KIT,KIT:205,KIT/205/walking_medium06_stageii.npz,test,409,72,62
KIT,KIT:205,KIT/205/walking_medium07_stageii.npz,test,407,72,62
KIT,KIT:205,KIT/205/walking_medium08_stageii.npz,test,363,63,53
KIT,KIT:205,KIT/205/walking_medium09_stageii.npz,test,462,83,73
KIT,KIT:205,KIT/205/walking_medium10_stageii.npz,test,456,82,72
KIT,KIT:205,KIT/205/walking_run01_stageii.npz,test,444,79,69
KIT,KIT:205,KIT/205/walking_run02_stageii.npz,test,337,58,48
KIT,KIT:205,KIT/205/walking_run03_stageii.npz,test,519,94,84
KIT,KIT:205,KIT/205/walking_run04_stageii.npz,test,346,60,50
KIT,KIT:205,KIT/205/walking_run05_stageii.npz,test,327,56,46
KIT,KIT:205,KIT/205/walking_run06_stageii.npz,test,344,59,49
KIT,KIT:205,KIT/205/walking_run07_stageii.npz,test,368,64,54
KIT,KIT:205,KIT/205/walking_run08_stageii.npz,test,435,78,68
KIT,KIT:205,KIT/205/walking_run09_stageii.npz,test,413,73,63
KIT,KIT:205,KIT/205/walking_run10_stageii.npz,test,452,81,71
KIT,KIT:205,KIT/205/walking_slow01_stageii.npz,test,696,130,120
KIT,KIT:205,KIT/205/walking_slow02_stageii.npz,test,646,120,110
KIT,KIT:205,KIT/205/walking_slow03_stageii.npz,test,619,114,104
KIT,KIT:205,KIT/205/walking_slow04_stageii.npz,test,563,103,93
KIT,KIT:205,KIT/205/walking_slow05_stageii.npz,test,597,110,100
KIT,KIT:205,KIT/205/walking_slow06_stageii.npz,test,592,109,99
KIT,KIT:205,KIT/205/walking_slow07_stageii.npz,test,567,104,94
KIT,KIT:205,KIT/205/walking_slow08_stageii.npz,test,485,88,78
KIT,KIT:205,KIT/205/walking_slow09_stageii.npz,test,533,97,87
KIT,KIT:205,KIT/205/walking_slow10_stageii.npz,test,566,104,94
KIT,KIT:291,KIT/291/air_guitar01_stageii.npz,train,670,125,115
KIT,KIT:291,KIT/291/air_guitar_banging01_stageii.npz,train,596,110,100
KIT,KIT:291,KIT/291/cal03_stageii.npz,train,425,76,66
KIT,KIT:291,KIT/291/chicken01_stageii.npz,train,326,56,46
KIT,KIT:291,KIT/291/chicken04_stageii.npz,train,301,51,41
KIT,KIT:291,KIT/291/drum03_stageii.npz,train,273,45,35
KIT,KIT:291,KIT/291/drum05_stageii.npz,train,271,45,35
KIT,KIT:291,KIT/291/jumping_jack01_stageii.npz,train,316,54,44
KIT,KIT:291,KIT/291/jumping_jack02_stageii.npz,train,229,36,26
KIT,KIT:291,KIT/291/jumping_jumping_jack01_stageii.npz,train,201,31,21
KIT,KIT:291,KIT/291/jumping_jumping_jack02_stageii.npz,train,221,35,25
KIT,KIT:291,KIT/291/nordic_walking03_stageii.npz,train,841,159,149
KIT,KIT:291,KIT/291/point_at01_stageii.npz,train,352,61,51
KIT,KIT:291,KIT/291/point_at05_stageii.npz,train,380,67,57
KIT,KIT:291,KIT/291/point_at_left03_stageii.npz,train,926,176,166
KIT,KIT:291,KIT/291/point_at_right03_stageii.npz,train,819,154,144
KIT,KIT:291,KIT/291/punching03_stageii.npz,train,1153,221,211
KIT,KIT:291,KIT/291/push_recovery_back01_stageii.npz,train,576,106,96
KIT,KIT:291,KIT/291/push_recovery_back02_stageii.npz,train,601,111,101
KIT,KIT:291,KIT/291/push_recovery_back03_stageii.npz,train,550,101,91
KIT,KIT:291,KIT/291/push_recovery_back04_stageii.npz,train,752,141,131
KIT,KIT:291,KIT/291/push_recovery_back05_stageii.npz,train,751,141,131
KIT,KIT:291,KIT/291/push_recovery_back07_stageii.npz,train,564,103,93
KIT,KIT:291,KIT/291/push_recovery_back08_stageii.npz,train,686,128,118
KIT,KIT:291,KIT/291/push_recovery_back09_stageii.npz,train,701,131,121
KIT,KIT:291,KIT/291/push_recovery_back10_stageii.npz,train,521,95,85
KIT,KIT:291,KIT/291/push_recovery_front01_stageii.npz,train,649,120,110
KIT,KIT:291,KIT/291/push_recovery_front02_stageii.npz,train,644,119,109
KIT,KIT:291,KIT/291/push_recovery_front05_stageii.npz,train,681,127,117
KIT,KIT:291,KIT/291/push_recovery_front07_stageii.npz,train,650,121,111
KIT,KIT:291,KIT/291/push_recovery_front08_stageii.npz,train,701,131,121
KIT,KIT:291,KIT/291/push_recovery_front09_stageii.npz,train,751,141,131
KIT,KIT:291,KIT/291/push_recovery_front10_stageii.npz,train,727,136,126
KIT,KIT:291,KIT/291/push_recovery_front11_stageii.npz,train,850,161,151
KIT,KIT:291,KIT/291/push_recovery_front12_stageii.npz,train,802,151,141
KIT,KIT:291,KIT/291/push_recovery_front13_stageii.npz,train,751,141,131
KIT,KIT:291,KIT/291/push_recovery_left01_stageii.npz,train,470,85,75
KIT,KIT:291,KIT/291/push_recovery_left02_stageii.npz,train,706,132,122
KIT,KIT:291,KIT/291/push_recovery_left04_stageii.npz,train,636,118,108
KIT,KIT:291,KIT/291/push_recovery_left07_stageii.npz,train,622,115,105
KIT,KIT:291,KIT/291/push_recovery_left08_stageii.npz,train,831,157,147
KIT,KIT:291,KIT/291/push_recovery_right01_stageii.npz,train,776,146,136
KIT,KIT:291,KIT/291/push_recovery_right02_stageii.npz,train,801,151,141
KIT,KIT:291,KIT/291/push_recovery_right03_stageii.npz,train,567,104,94
KIT,KIT:291,KIT/291/push_recovery_right04_stageii.npz,train,801,151,141
KIT,KIT:291,KIT/291/push_recovery_right05_stageii.npz,train,801,151,141
KIT,KIT:291,KIT/291/push_recovery_right08_stageii.npz,train,801,151,141
KIT,KIT:291,KIT/291/push_recovery_right09_stageii.npz,train,801,151,141
KIT,KIT:291,KIT/291/push_recovery_stand_back01_stageii.npz,train,601,111,101
KIT,KIT:291,KIT/291/push_recovery_stand_back02_stageii.npz,train,601,111,101
KIT,KIT:291,KIT/291/push_recovery_stand_back03_stageii.npz,train,602,111,101
KIT,KIT:291,KIT/291/push_recovery_stand_back04_stageii.npz,train,600,111,101
KIT,KIT:291,KIT/291/push_recovery_stand_back05_stageii.npz,train,376,66,56
KIT,KIT:291,KIT/291/push_recovery_stand_back06_stageii.npz,train,601,111,101
KIT,KIT:291,KIT/291/push_recovery_stand_back07_stageii.npz,train,501,91,81
KIT,KIT:291,KIT/291/push_recovery_stand_back08_stageii.npz,train,389,68,58
KIT,KIT:291,KIT/291/push_recovery_stand_back09_stageii.npz,train,651,121,111
KIT,KIT:291,KIT/291/push_recovery_stand_back10_stageii.npz,train,601,111,101
KIT,KIT:291,KIT/291/push_recovery_stand_front01_stageii.npz,train,501,91,81
KIT,KIT:291,KIT/291/push_recovery_stand_front02_stageii.npz,train,501,91,81
KIT,KIT:291,KIT/291/push_recovery_stand_front03_stageii.npz,train,502,91,81
KIT,KIT:291,KIT/291/push_recovery_stand_front04_stageii.npz,train,500,91,81
KIT,KIT:291,KIT/291/push_recovery_stand_front05_stageii.npz,train,501,91,81
KIT,KIT:291,KIT/291/push_recovery_stand_front06_stageii.npz,train,499,90,80
KIT,KIT:291,KIT/291/push_recovery_stand_front07_stageii.npz,train,501,91,81
KIT,KIT:291,KIT/291/push_recovery_stand_front08_stageii.npz,train,501,91,81
KIT,KIT:291,KIT/291/push_recovery_stand_front09_stageii.npz,train,501,91,81
KIT,KIT:291,KIT/291/push_recovery_stand_front10_stageii.npz,train,392,69,59
KIT,KIT:291,KIT/291/push_recovery_stand_left01_stageii.npz,train,498,90,80
KIT,KIT:291,KIT/291/push_recovery_stand_left02_stageii.npz,train,609,112,102
KIT,KIT:291,KIT/291/push_recovery_stand_left03_stageii.npz,train,501,91,81
KIT,KIT:291,KIT/291/push_recovery_stand_left04_stageii.npz,train,454,81,71
KIT,KIT:291,KIT/291/push_recovery_stand_left05_stageii.npz,train,478,86,76
KIT,KIT:291,KIT/291/push_recovery_stand_left06_stageii.npz,train,543,99,89
KIT,KIT:291,KIT/291/push_recovery_stand_left07_stageii.npz,train,417,74,64
KIT,KIT:291,KIT/291/push_recovery_stand_left08_stageii.npz,train,539,98,88
KIT,KIT:291,KIT/291/push_recovery_stand_left09_stageii.npz,train,576,106,96
KIT,KIT:291,KIT/291/push_recovery_stand_left10_stageii.npz,train,631,117,107
KIT,KIT:291,KIT/291/push_recovery_stand_right01_stageii.npz,train,404,71,61
KIT,KIT:291,KIT/291/push_recovery_stand_right02_stageii.npz,train,453,81,71
KIT,KIT:291,KIT/291/push_recovery_stand_right03_stageii.npz,train,466,84,74
KIT,KIT:291,KIT/291/push_recovery_stand_right04_stageii.npz,train,400,71,61
KIT,KIT:291,KIT/291/push_recovery_stand_right05_stageii.npz,train,401,71,61
KIT,KIT:291,KIT/291/push_recovery_stand_right06_stageii.npz,train,401,71,61
KIT,KIT:291,KIT/291/push_recovery_stand_right07_stageii.npz,train,402,71,61
KIT,KIT:291,KIT/291/push_recovery_stand_right08_stageii.npz,train,451,81,71
KIT,KIT:291,KIT/291/push_recovery_stand_right09_stageii.npz,train,427,76,66
KIT,KIT:291,KIT/291/push_recovery_stand_right10_stageii.npz,train,443,79,69
KIT,KIT:291,KIT/291/shake_hand04_stageii.npz,train,475,86,76
KIT,KIT:291,KIT/291/shake_hand05_stageii.npz,train,425,76,66
KIT,KIT:291,KIT/291/walk_like_an_egyptian01_stageii.npz,train,345,60,50
KIT,KIT:291,KIT/291/walk_like_an_egyptian05_stageii.npz,train,426,76,66
KIT,KIT:291,KIT/291/walking02_stageii.npz,train,819,154,144
KIT,KIT:291,KIT/291/walking03_stageii.npz,train,747,140,130
KIT,KIT:291,KIT/291/wave01_stageii.npz,train,375,66,56
KIT,KIT:291,KIT/291/wave05_stageii.npz,train,301,51,41
KIT,KIT:3,KIT/3/912_3_01_stageii.npz,train,1965,384,374
KIT,KIT:3,KIT/3/912_3_02_stageii.npz,train,2070,405,395
KIT,KIT:3,KIT/3/912_3_03_stageii.npz,train,1270,245,235
KIT,KIT:3,KIT/3/912_3_04_stageii.npz,train,1222,235,225
KIT,KIT:3,KIT/3/912_3_05_stageii.npz,train,1098,210,200
KIT,KIT:3,KIT/3/912_3_06_stageii.npz,train,1281,247,237
KIT,KIT:3,KIT/3/912_3_07_stageii.npz,train,1669,324,314
KIT,KIT:3,KIT/3/912_3_08_stageii.npz,train,1467,284,274
KIT,KIT:3,KIT/3/912_3_09_stageii.npz,train,1601,311,301
KIT,KIT:3,KIT/3/912_3_10_stageii.npz,train,2086,408,398
KIT,KIT:3,KIT/3/912_3_11_stageii.npz,train,1798,350,340
KIT,KIT:3,KIT/3/912_3_12_stageii.npz,train,2166,424,414
KIT,KIT:3,KIT/3/912_3_14_stageii.npz,train,2027,396,386
KIT,KIT:3,KIT/3/912_3_15_stageii.npz,train,1092,209,199
KIT,KIT:3,KIT/3/912_3_17_stageii.npz,train,1424,275,265
KIT,KIT:3,KIT/3/912_3_18_stageii.npz,train,2301,451,441
KIT,KIT:3,KIT/3/balancing01_stageii.npz,train,1118,214,204
KIT,KIT:3,KIT/3/balancing02_stageii.npz,train,1339,258,248
KIT,KIT:3,KIT/3/balancing03_stageii.npz,train,1019,194,184
KIT,KIT:3,KIT/3/balancing04_stageii.npz,train,803,151,141
KIT,KIT:3,KIT/3/balancing05_stageii.npz,train,1120,215,205
KIT,KIT:3,KIT/3/balancing_stageii.npz,train,1050,201,191
KIT,KIT:3,KIT/3/bend_left01_stageii.npz,train,661,123,113
KIT,KIT:3,KIT/3/bend_left02_stageii.npz,train,748,140,130
KIT,KIT:3,KIT/3/bend_left03_stageii.npz,train,683,127,117
KIT,KIT:3,KIT/3/bend_left04_stageii.npz,train,648,120,110
KIT,KIT:3,KIT/3/bend_left05_stageii.npz,train,659,122,112
KIT,KIT:3,KIT/3/bend_left06_stageii.npz,train,659,122,112
KIT,KIT:3,KIT/3/bend_left07_stageii.npz,train,534,97,87
KIT,KIT:3,KIT/3/bend_left08_stageii.npz,train,700,131,121
KIT,KIT:3,KIT/3/bend_left09_stageii.npz,train,697,130,120
KIT,KIT:3,KIT/3/bend_left10_stageii.npz,train,532,97,87
KIT,KIT:3,KIT/3/bend_right01_stageii.npz,train,608,112,102
KIT,KIT:3,KIT/3/bend_right02_stageii.npz,train,655,122,112
KIT,KIT:3,KIT/3/bend_right03_stageii.npz,train,655,122,112
KIT,KIT:3,KIT/3/bend_right04_stageii.npz,train,551,101,91
KIT,KIT:3,KIT/3/bend_right05_stageii.npz,train,515,94,84
KIT,KIT:3,KIT/3/bend_right06_stageii.npz,train,444,79,69
KIT,KIT:3,KIT/3/bend_right07_stageii.npz,train,443,79,69
KIT,KIT:3,KIT/3/bend_right08_stageii.npz,train,547,100,90
KIT,KIT:3,KIT/3/bend_right09_stageii.npz,train,565,104,94
KIT,KIT:3,KIT/3/bend_right10_stageii.npz,train,551,101,91
KIT,KIT:3,KIT/3/bow_deep01_stageii.npz,train,371,65,55
KIT,KIT:3,KIT/3/bow_deep02_stageii.npz,train,636,118,108
KIT,KIT:3,KIT/3/bow_deep03_stageii.npz,train,566,104,94
KIT,KIT:3,KIT/3/bow_deep04_stageii.npz,train,545,100,90
KIT,KIT:3,KIT/3/bow_deep05_stageii.npz,train,527,96,86
KIT,KIT:3,KIT/3/bow_slight01_stageii.npz,train,476,86,76
KIT,KIT:3,KIT/3/bow_slight02_stageii.npz,train,450,81,71
KIT,KIT:3,KIT/3/bow_slight03_stageii.npz,train,546,100,90
KIT,KIT:3,KIT/3/bow_slight04_stageii.npz,train,425,76,66
KIT,KIT:3,KIT/3/bow_slight05_stageii.npz,train,438,78,68
KIT,KIT:3,KIT/3/crawl01_stageii.npz,train,768,144,134
KIT,KIT:3,KIT/3/crawl02_stageii.npz,train,832,157,147
KIT,KIT:3,KIT/3/crawl03_stageii.npz,train,659,122,112
KIT,KIT:3,KIT/3/crawl04_stageii.npz,train,750,141,131
KIT,KIT:3,KIT/3/crawl05_stageii.npz,train,485,88,78
KIT,KIT:3,KIT/3/crawl06_stageii.npz,train,651,121,111
KIT,KIT:3,KIT/3/crawl07_stageii.npz,train,534,97,87
KIT,KIT:3,KIT/3/crawl08_stageii.npz,train,803,151,141
KIT,KIT:3,KIT/3/crawl09_stageii.npz,train,680,127,117
KIT,KIT:3,KIT/3/crawl10_stageii.npz,train,828,156,146
KIT,KIT:3,KIT/3/crawl11_stageii.npz,train,870,165,155
KIT,KIT:3,KIT/3/downstairs01_stageii.npz,train,742,139,129
KIT,KIT:3,KIT/3/downstairs02_stageii.npz,train,408,72,62
KIT,KIT:3,KIT/3/downstairs03_stageii.npz,train,512,93,83
KIT,KIT:3,KIT/3/downstairs04_stageii.npz,train,533,97,87
KIT,KIT:3,KIT/3/downstairs05_stageii.npz,train,725,136,126
KIT,KIT:3,KIT/3/downstairs06_stageii.npz,train,776,146,136
KIT,KIT:3,KIT/3/downstairs07_stageii.npz,train,644,119,109
KIT,KIT:3,KIT/3/downstairs08_stageii.npz,train,674,125,115
KIT,KIT:3,KIT/3/downstairs10_stageii.npz,train,795,150,140
KIT,KIT:3,KIT/3/downstairs_backwards01_stageii.npz,train,801,151,141
KIT,KIT:3,KIT/3/downstairs_backwards02_stageii.npz,train,817,154,144
KIT,KIT:3,KIT/3/downstairs_backwards03_stageii.npz,train,668,124,114
KIT,KIT:3,KIT/3/downstairs_backwards04_stageii.npz,train,779,146,136
KIT,KIT:3,KIT/3/downstairs_backwards05_stageii.npz,train,1029,196,186
KIT,KIT:3,KIT/3/downstaris09_stageii.npz,train,637,118,108
KIT,KIT:3,KIT/3/Drinking01_stageii.npz,train,1008,192,182
KIT,KIT:3,KIT/3/Drinking02_stageii.npz,train,1016,194,184
KIT,KIT:3,KIT/3/Drinking03_stageii.npz,train,901,171,161
KIT,KIT:3,KIT/3/Drinking04_stageii.npz,train,992,189,179
KIT,KIT:3,KIT/3/Drinking07_stageii.npz,train,960,183,173
KIT,KIT:3,KIT/3/Drinking08_stageii.npz,train,864,163,153
KIT,KIT:3,KIT/3/Drinking09_stageii.npz,train,798,150,140
KIT,KIT:3,KIT/3/Drinking10_stageii.npz,train,926,176,166
KIT,KIT:3,KIT/3/Experiment3a_03_stageii.npz,train,9277,1846,1836
KIT,KIT:3,KIT/3/Experiment3a_back_01_stageii.npz,train,7480,1487,1477
KIT,KIT:3,KIT/3/Experiment3a_back_02_stageii.npz,train,5581,1107,1097
KIT,KIT:3,KIT/3/Experiment3a_back_03_stageii.npz,train,5691,1129,1119
KIT,KIT:3,KIT/3/Experiment3a_legs_01_stageii.npz,train,5232,1037,1027
KIT,KIT:3,KIT/3/Experiment3a_legs_03_stageii.npz,train,5193,1029,1019
KIT,KIT:3,KIT/3/Experiment3b_04_stageii.npz,train,8238,1638,1628
KIT,KIT:3,KIT/3/Experiment3b_back_01_stageii.npz,train,6713,1333,1323
KIT,KIT:3,KIT/3/Experiment3b_back_02_stageii.npz,train,6058,1202,1192
KIT,KIT:3,KIT/3/Experiment3b_back_03_stageii.npz,train,6258,1242,1232
KIT,KIT:3,KIT/3/Experiment3b_legs_01_stageii.npz,train,5347,1060,1050
KIT,KIT:3,KIT/3/Experiment3b_legs_02_stageii.npz,train,5324,1055,1045
KIT,KIT:3,KIT/3/Experiment3b_legs_03_stageii.npz,train,5406,1072,1062
KIT,KIT:3,KIT/3/go_over_beam01_stageii.npz,train,1036,198,188
KIT,KIT:3,KIT/3/go_over_beam02_stageii.npz,train,900,171,161
KIT,KIT:3,KIT/3/go_over_beam03_stageii.npz,train,722,135,125
KIT,KIT:3,KIT/3/go_over_beam04_stageii.npz,train,900,171,161
KIT,KIT:3,KIT/3/go_over_beam05_stageii.npz,train,839,158,148
KIT,KIT:3,KIT/3/go_over_beam06_stageii.npz,train,725,136,126
KIT,KIT:3,KIT/3/go_over_beam07_stageii.npz,train,889,168,158
KIT,KIT:3,KIT/3/go_over_beam08_stageii.npz,train,858,162,152
KIT,KIT:3,KIT/3/go_over_beam09_stageii.npz,train,838,158,148
KIT,KIT:3,KIT/3/go_over_beam10_stageii.npz,train,745,140,130
KIT,KIT:3,KIT/3/golf_drive01_stageii.npz,train,631,117,107
KIT,KIT:3,KIT/3/golf_drive02_stageii.npz,train,553,101,91
KIT,KIT:3,KIT/3/golf_drive03_stageii.npz,train,587,108,98
KIT,KIT:3,KIT/3/golf_drive04_stageii.npz,train,603,111,101
KIT,KIT:3,KIT/3/golf_drive05_stageii.npz,train,751,141,131
KIT,KIT:3,KIT/3/golf_putting01_stageii.npz,train,565,104,94
KIT,KIT:3,KIT/3/golf_putting02_stageii.npz,train,476,86,76
KIT,KIT:3,KIT/3/golf_putting03_stageii.npz,train,461,83,73
KIT,KIT:3,KIT/3/golf_putting04_stageii.npz,train,478,86,76
KIT,KIT:3,KIT/3/golf_putting05_stageii.npz,train,251,41,31
KIT,KIT:3,KIT/3/inspect_shoe_sole01_stageii.npz,train,929,176,166
KIT,KIT:3,KIT/3/inspect_shoe_sole02_stageii.npz,train,893,169,159
KIT,KIT:3,KIT/3/inspect_shoe_sole03_stageii.npz,train,802,151,141
KIT,KIT:3,KIT/3/inspect_shoe_sole04_stageii.npz,train,891,169,159
KIT,KIT:3,KIT/3/inspect_shoe_sole05_stageii.npz,train,963,183,173
KIT,KIT:3,KIT/3/inspect_shoe_sole07_stageii.npz,train,918,174,164
KIT,KIT:3,KIT/3/inspect_shoe_sole08_stageii.npz,train,863,163,153
KIT,KIT:3,KIT/3/jump_back01_stageii.npz,train,267,44,34
KIT,KIT:3,KIT/3/jump_back02_stageii.npz,train,598,110,100
KIT,KIT:3,KIT/3/jump_back03_stageii.npz,train,511,93,83
KIT,KIT:3,KIT/3/jump_back04_stageii.npz,train,435,78,68
KIT,KIT:3,KIT/3/jump_back05_stageii.npz,train,484,87,77
KIT,KIT:3,KIT/3/jump_forward02_stageii.npz,train,379,66,56
KIT,KIT:3,KIT/3/jump_forward03_stageii.npz,train,404,71,61
KIT,KIT:3,KIT/3/jump_forward04_stageii.npz,train,391,69,59
KIT,KIT:3,KIT/3/jump_forward05_stageii.npz,train,419,74,64
KIT,KIT:3,KIT/3/jump_left01_stageii.npz,train,451,81,71
KIT,KIT:3,KIT/3/jump_left02_stageii.npz,train,411,73,63
KIT,KIT:3,KIT/3/jump_left03_stageii.npz,train,376,66,56
KIT,KIT:3,KIT/3/jump_left04_stageii.npz,train,335,58,48
KIT,KIT:3,KIT/3/jump_left05_stageii.npz,train,437,78,68
KIT,KIT:3,KIT/3/jump_right01_stageii.npz,train,462,83,73
KIT,KIT:3,KIT/3/jump_right02_stageii.npz,train,419,74,64
KIT,KIT:3,KIT/3/jump_right03_stageii.npz,train,467,84,74
KIT,KIT:3,KIT/3/jump_right04_stageii.npz,train,492,89,79
KIT,KIT:3,KIT/3/jump_up01_stageii.npz,train,320,55,45
KIT,KIT:3,KIT/3/jump_up02_stageii.npz,train,440,79,69
KIT,KIT:3,KIT/3/jump_up03_stageii.npz,train,438,78,68
KIT,KIT:3,KIT/3/jump_up04_stageii.npz,train,582,107,97
KIT,KIT:3,KIT/3/jump_up05_stageii.npz,train,408,72,62
KIT,KIT:3,KIT/3/kick_high_left01_stageii.npz,train,532,97,87
KIT,KIT:3,KIT/3/kick_high_left02_stageii.npz,train,582,107,97
KIT,KIT:3,KIT/3/kick_high_left03_stageii.npz,train,625,116,106
KIT,KIT:3,KIT/3/kick_high_left04_stageii.npz,train,571,105,95
KIT,KIT:3,KIT/3/kick_high_left05_stageii.npz,train,626,116,106
KIT,KIT:3,KIT/3/kick_high_right01_stageii.npz,train,472,85,75
KIT,KIT:3,KIT/3/kick_high_right02_stageii.npz,train,459,82,72
KIT,KIT:3,KIT/3/kick_high_right03_stageii.npz,train,455,82,72
KIT,KIT:3,KIT/3/kick_high_right04_stageii.npz,train,490,89,79
KIT,KIT:3,KIT/3/kick_low_left01_stageii.npz,train,462,83,73
KIT,KIT:3,KIT/3/kick_low_left02_stageii.npz,train,480,87,77
KIT,KIT:3,KIT/3/kick_low_left03_stageii.npz,train,511,93,83
KIT,KIT:3,KIT/3/kick_low_left04_stageii.npz,train,465,84,74
KIT,KIT:3,KIT/3/kick_low_left05_stageii.npz,train,539,98,88
KIT,KIT:3,KIT/3/kick_low_right01_stageii.npz,train,419,74,64
KIT,KIT:3,KIT/3/kick_low_right02_stageii.npz,train,439,78,68
KIT,KIT:3,KIT/3/kick_low_right03_stageii.npz,train,650,121,111
KIT,KIT:3,KIT/3/kick_low_right04_stageii.npz,train,585,108,98
KIT,KIT:3,KIT/3/kick_low_right05_stageii.npz,train,502,91,81
KIT,KIT:3,KIT/3/kneel_down_to_crawl01_stageii.npz,train,645,120,110
KIT,KIT:3,KIT/3/kneel_down_to_crawl02_stageii.npz,train,526,96,86
KIT,KIT:3,KIT/3/kneel_down_to_crawl03_stageii.npz,train,581,107,97
KIT,KIT:3,KIT/3/kneel_down_to_crawl04_stageii.npz,train,543,99,89
KIT,KIT:3,KIT/3/kneel_down_to_crawl05_stageii.npz,train,492,89,79
KIT,KIT:3,KIT/3/kneel_down_to_crawl06_stageii.npz,train,560,103,93
KIT,KIT:3,KIT/3/kneel_down_to_crawl07_stageii.npz,train,607,112,102
KIT,KIT:3,KIT/3/kneel_down_to_crawl08_stageii.npz,train,497,90,80
KIT,KIT:3,KIT/3/kneel_down_with_both_hands01_stageii.npz,train,951,181,171
KIT,KIT:3,KIT/3/kneel_down_with_both_hands02_stageii.npz,train,842,159,149
KIT,KIT:3,KIT/3/kneel_down_with_both_hands03_stageii.npz,train,1179,226,216
KIT,KIT:3,KIT/3/kneel_down_with_both_hands04_stageii.npz,train,541,99,89
KIT,KIT:3,KIT/3/kneel_down_with_both_hands05_stageii.npz,train,578,106,96
KIT,KIT:3,KIT/3/kneel_down_with_both_hands07_stageii.npz,train,621,115,105
KIT,KIT:3,KIT/3/kneel_down_with_both_hands08_stageii.npz,train,577,106,96
KIT,KIT:3,KIT/3/kneel_down_with_both_hands09_stageii.npz,train,691,129,119
KIT,KIT:3,KIT/3/kneel_down_with_both_hands10_stageii.npz,train,773,145,135
KIT,KIT:3,KIT/3/kneel_down_with_both_hands11_stageii.npz,train,540,99,89
KIT,KIT:3,KIT/3/kneel_down_with_left_hand01_stageii.npz,train,970,185,175
KIT,KIT:3,KIT/3/kneel_down_with_left_hand02_stageii.npz,train,925,176,166
KIT,KIT:3,KIT/3/kneel_down_with_left_hand03_stageii.npz,train,895,170,160
KIT,KIT:3,KIT/3/kneel_down_with_left_hand04_stageii.npz,train,905,172,162
KIT,KIT:3,KIT/3/kneel_down_with_left_hand05_stageii.npz,train,876,166,156
KIT,KIT:3,KIT/3/kneel_down_with_left_hand06_stageii.npz,train,793,149,139
KIT,KIT:3,KIT/3/kneel_down_with_left_hand07_stageii.npz,train,967,184,174
KIT,KIT:3,KIT/3/kneel_down_with_left_hand08_stageii.npz,train,951,181,171
KIT,KIT:3,KIT/3/kneel_down_with_left_hand09_stageii.npz,train,957,182,172
KIT,KIT:3,KIT/3/kneel_down_with_left_hand10_stageii.npz,train,748,140,130
KIT,KIT:3,KIT/3/kneel_down_with_right_hand01_stageii.npz,train,761,143,133
KIT,KIT:3,KIT/3/kneel_down_with_right_hand02_stageii.npz,train,602,111,101
KIT,KIT:3,KIT/3/kneel_down_with_right_hand03_stageii.npz,train,590,109,99
KIT,KIT:3,KIT/3/kneel_down_with_right_hand04_stageii.npz,train,668,124,114
KIT,KIT:3,KIT/3/kneel_down_with_right_hand05_stageii.npz,train,411,73,63
KIT,KIT:3,KIT/3/kneel_down_with_right_hand06_stageii.npz,train,743,139,129
KIT,KIT:3,KIT/3/kneel_down_with_right_hand07_stageii.npz,train,1043,199,189
KIT,KIT:3,KIT/3/kneel_down_with_right_hand08_stageii.npz,train,886,168,158
KIT,KIT:3,KIT/3/kneel_down_with_right_hand09_stageii.npz,train,1037,198,188
KIT,KIT:3,KIT/3/kneel_down_with_right_hand10_stageii.npz,train,991,189,179
KIT,KIT:3,KIT/3/kneel_down_with_stool_left_hand01_stageii.npz,train,369,64,54
KIT,KIT:3,KIT/3/kneel_down_with_stool_left_hand02_stageii.npz,train,380,67,57
KIT,KIT:3,KIT/3/kneel_down_with_stool_left_hand03_stageii.npz,train,545,100,90
KIT,KIT:3,KIT/3/kneel_down_with_stool_left_hand04_stageii.npz,train,561,103,93
KIT,KIT:3,KIT/3/kneel_down_with_stool_left_hand05_stageii.npz,train,815,154,144
KIT,KIT:3,KIT/3/kneel_down_with_stool_left_hand06_stageii.npz,train,444,79,69
KIT,KIT:3,KIT/3/kneel_down_with_stool_left_hand07_stageii.npz,train,591,109,99
KIT,KIT:3,KIT/3/kneel_down_with_stool_left_hand08_stageii.npz,train,497,90,80
KIT,KIT:3,KIT/3/kneel_down_with_stool_left_hand09_stageii.npz,train,649,120,110
KIT,KIT:3,KIT/3/kneel_down_with_stool_left_hand10_stageii.npz,train,625,116,106
KIT,KIT:3,KIT/3/kneel_down_with_stool_left_hand11_stageii.npz,train,642,119,109
KIT,KIT:3,KIT/3/kneel_down_with_stool_right_hand01_stageii.npz,train,473,85,75
KIT,KIT:3,KIT/3/kneel_down_with_stool_right_hand02_stageii.npz,train,576,106,96
KIT,KIT:3,KIT/3/kneel_down_with_stool_right_hand03_stageii.npz,train,545,100,90
KIT,KIT:3,KIT/3/kneel_down_with_stool_right_hand04_stageii.npz,train,650,121,111
KIT,KIT:3,KIT/3/kneel_down_with_stool_right_hand05_stageii.npz,train,549,100,90
KIT,KIT:3,KIT/3/kneel_down_with_stool_right_hand06_stageii.npz,train,413,73,63
KIT,KIT:3,KIT/3/kneel_down_with_stool_right_hand07_stageii.npz,train,524,95,85
KIT,KIT:3,KIT/3/kneel_down_with_stool_right_hand08_stageii.npz,train,612,113,103
KIT,KIT:3,KIT/3/kneel_down_with_stool_right_hand09_stageii.npz,train,430,77,67
KIT,KIT:3,KIT/3/kneel_down_with_stool_right_hand10_stageii.npz,train,443,79,69
KIT,KIT:3,KIT/3/kneel_down_with_stool_right_hand11_stageii.npz,train,588,108,98
KIT,KIT:3,KIT/3/kneel_up_from_crawl01_stageii.npz,train,567,104,94
KIT,KIT:3,KIT/3/kneel_up_from_crawl02_stageii.npz,train,447,80,70
KIT,KIT:3,KIT/3/kneel_up_from_crawl03_stageii.npz,train,606,112,102
KIT,KIT:3,KIT/3/kneel_up_from_crawl04_stageii.npz,train,666,124,114
KIT,KIT:3,KIT/3/kneel_up_from_crawl05_stageii.npz,train,583,107,97
KIT,KIT:3,KIT/3/kneel_up_from_crawl06_stageii.npz,train,616,114,104
KIT,KIT:3,KIT/3/kneel_up_from_crawl07_stageii.npz,train,614,113,103
KIT,KIT:3,KIT/3/kneel_up_from_crawl08_stageii.npz,train,544,99,89
KIT,KIT:3,KIT/3/kneel_up_from_crawl09_stageii.npz,train,493,89,79
KIT,KIT:3,KIT/3/kneel_up_from_crawl10_stageii.npz,train,549,100,90
KIT,KIT:3,KIT/3/kneel_up_hold01_stageii.npz,train,1029,196,186
KIT,KIT:3,KIT/3/kneel_up_hold02_stageii.npz,train,1089,208,198
KIT,KIT:3,KIT/3/kneel_up_hold03_stageii.npz,train,1078,206,196
KIT,KIT:3,KIT/3/kneel_up_hold04_stageii.npz,train,1106,212,202
KIT,KIT:3,KIT/3/kneel_up_hold05_stageii.npz,train,1070,205,195
KIT,KIT:3,KIT/3/kneel_up_with_left_hand01_stageii.npz,train,430,77,67
KIT,KIT:3,KIT/3/kneel_up_with_left_hand02_stageii.npz,train,367,64,54
KIT,KIT:3,KIT/3/kneel_up_with_left_hand03_stageii.npz,train,396,70,60
KIT,KIT:3,KIT/3/kneel_up_with_left_hand04_stageii.npz,train,364,63,53
KIT,KIT:3,KIT/3/kneel_up_with_left_hand05_stageii.npz,train,386,68,58
KIT,KIT:3,KIT/3/kneel_up_with_left_hand06_stageii.npz,train,563,103,93
KIT,KIT:3,KIT/3/kneel_up_with_left_hand07_stageii.npz,train,428,76,66
KIT,KIT:3,KIT/3/kneel_up_with_left_hand08_stageii.npz,train,521,95,85
KIT,KIT:3,KIT/3/kneel_up_with_left_hand09_stageii.npz,train,523,95,85
KIT,KIT:3,KIT/3/kneel_up_with_left_hand10_stageii.npz,train,567,104,94
KIT,KIT:3,KIT/3/kneel_up_with_right_hand01_stageii.npz,train,617,114,104
KIT,KIT:3,KIT/3/kneel_up_with_right_hand02_stageii.npz,train,552,101,91
KIT,KIT:3,KIT/3/kneel_up_with_right_hand03_stageii.npz,train,688,128,118
KIT,KIT:3,KIT/3/kneel_up_with_right_hand04_stageii.npz,train,520,95,85
KIT,KIT:3,KIT/3/kneel_up_with_right_hand05_stageii.npz,train,491,89,79
KIT,KIT:3,KIT/3/kneel_up_with_right_hand06_stageii.npz,train,471,85,75
KIT,KIT:3,KIT/3/kneel_up_with_right_hand07_stageii.npz,train,484,87,77
KIT,KIT:3,KIT/3/kneel_up_with_right_hand08_stageii.npz,train,440,79,69
KIT,KIT:3,KIT/3/kneel_up_with_right_hand09_stageii.npz,train,432,77,67
KIT,KIT:3,KIT/3/kneel_up_with_right_hand10_stageii.npz,train,592,109,99
KIT,KIT:3,KIT/3/kneel_up_with_right_hand11_stageii.npz,train,433,77,67
KIT,KIT:3,KIT/3/lean_on_table01_stageii.npz,train,706,132,122
KIT,KIT:3,KIT/3/lean_on_table02_stageii.npz,train,850,161,151
KIT,KIT:3,KIT/3/lean_on_table03_stageii.npz,train,411,73,63
KIT,KIT:3,KIT/3/lean_on_table04_stageii.npz,train,284,47,37
KIT,KIT:3,KIT/3/lean_on_table05_stageii.npz,train,543,99,89
KIT,KIT:3,KIT/3/lean_on_table06_stageii.npz,train,305,52,42
KIT,KIT:3,KIT/3/lean_on_table07_stageii.npz,train,452,81,71
KIT,KIT:3,KIT/3/lean_on_table08_stageii.npz,train,886,168,158
KIT,KIT:3,KIT/3/lean_on_table09_stageii.npz,train,1050,201,191
KIT,KIT:3,KIT/3/lean_on_table10_stageii.npz,train,1296,250,240
KIT,KIT:3,KIT/3/lean_on_table11_stageii.npz,train,1020,195,185
KIT,KIT:3,KIT/3/lean_on_table12_stageii.npz,train,1052,201,191
KIT,KIT:3,KIT/3/lean_on_table13_stageii.npz,train,742,139,129
KIT,KIT:3,KIT/3/lean_on_table14_stageii.npz,train,715,134,124
KIT,KIT:3,KIT/3/lean_on_table15_stageii.npz,train,917,174,164
KIT,KIT:3,KIT/3/lean_on_table16_stageii.npz,train,941,179,169
KIT,KIT:3,KIT/3/lean_on_table17_stageii.npz,train,823,155,145
KIT,KIT:3,KIT/3/lean_over_table01_stageii.npz,train,890,169,159
KIT,KIT:3,KIT/3/lean_over_table02_stageii.npz,train,879,166,156
KIT,KIT:3,KIT/3/lean_over_table03_stageii.npz,train,966,184,174
KIT,KIT:3,KIT/3/lean_over_table04_stageii.npz,train,1022,195,185
KIT,KIT:3,KIT/3/lean_over_table05_stageii.npz,train,1102,211,201
KIT,KIT:3,KIT/3/lean_over_table06_stageii.npz,train,901,171,161
KIT,KIT:3,KIT/3/lean_over_table07_stageii.npz,train,873,165,155
KIT,KIT:3,KIT/3/lean_over_table08_stageii.npz,train,881,167,157
KIT,KIT:3,KIT/3/lean_over_table09_stageii.npz,train,983,187,177
KIT,KIT:3,KIT/3/lean_over_table10_stageii.npz,train,937,178,168
KIT,KIT:3,KIT/3/lean_over_table11_stageii.npz,train,1145,220,210
KIT,KIT:3,KIT/3/lean_over_table12_stageii.npz,train,841,159,149
KIT,KIT:3,KIT/3/lean_over_table13_stageii.npz,train,845,160,150
KIT,KIT:3,KIT/3/lean_over_table14_stageii.npz,train,979,186,176
KIT,KIT:3,KIT/3/lean_over_table15_stageii.npz,train,758,142,132
KIT,KIT:3,KIT/3/lean_over_table16_stageii.npz,train,877,166,156
KIT,KIT:3,KIT/3/lean_over_table17_stageii.npz,train,1339,258,248
KIT,KIT:3,KIT/3/lean_over_table18_stageii.npz,train,861,163,153
KIT,KIT:3,KIT/3/lean_over_table19_stageii.npz,train,1037,198,188
KIT,KIT:3,KIT/3/parkour01_stageii.npz,train,1242,239,229
KIT,KIT:3,KIT/3/parkour02_stageii.npz,train,1396,270,260
KIT,KIT:3,KIT/3/parkour03_stageii.npz,train,1404,271,261
KIT,KIT:3,KIT/3/parkour04_stageii.npz,train,1168,224,214
KIT,KIT:3,KIT/3/parkour05_stageii.npz,train,1444,279,269
KIT,KIT:3,KIT/3/parkour06_stageii.npz,train,1268,244,234
KIT,KIT:3,KIT/3/parkour07_stageii.npz,train,1123,215,205
KIT,KIT:3,KIT/3/Preparing_the_dough01_stageii.npz,train,1669,324,314
KIT,KIT:3,KIT/3/Preparing_the_dough02_stageii.npz,train,1874,365,355
KIT,KIT:3,KIT/3/Preparing_the_dough06_stageii.npz,train,2490,489,479
KIT,KIT:3,KIT/3/Preparing_the_dough10_stageii.npz,train,1856,362,352
KIT,KIT:3,KIT/3/punch_left01_stageii.npz,train,173,25,15
KIT,KIT:3,KIT/3/punch_left04_stageii.npz,train,206,32,22
KIT,KIT:3,KIT/3/punch_right01_stageii.npz,train,460,83,73
KIT,KIT:3,KIT/3/punch_right05_stageii.npz,train,156,22,12
KIT,KIT:3,KIT/3/push_from_behind02_stageii.npz,train,919,174,164
KIT,KIT:3,KIT/3/push_from_behind03_stageii.npz,train,832,157,147
KIT,KIT:3,KIT/3/push_from_behind04_stageii.npz,train,550,101,91
KIT,KIT:3,KIT/3/push_from_behind05_stageii.npz,train,1193,229,219
KIT,KIT:3,KIT/3/push_from_behind06_stageii.npz,train,623,115,105
KIT,KIT:3,KIT/3/push_from_behind07_stageii.npz,train,886,168,158
KIT,KIT:3,KIT/3/push_from_behind08_stageii.npz,train,893,169,159
KIT,KIT:3,KIT/3/push_from_behind11_stageii.npz,train,950,181,171
KIT,KIT:3,KIT/3/push_from_behind12_stageii.npz,train,780,147,137
KIT,KIT:3,KIT/3/push_from_the_front03_stageii.npz,train,795,150,140
KIT,KIT:3,KIT/3/push_from_the_front04_stageii.npz,train,824,155,145
KIT,KIT:3,KIT/3/push_from_the_front05_stageii.npz,train,1851,361,351
KIT,KIT:3,KIT/3/push_from_the_front06_stageii.npz,train,719,134,124
KIT,KIT:3,KIT/3/push_from_the_front09_stageii.npz,train,689,128,118
KIT,KIT:3,KIT/3/push_from_the_front10_stageii.npz,train,919,174,164
KIT,KIT:3,KIT/3/push_from_the_front11_stageii.npz,train,743,139,129
KIT,KIT:3,KIT/3/push_from_the_left_side02_stageii.npz,train,681,127,117
KIT,KIT:3,KIT/3/push_from_the_left_side03_stageii.npz,train,705,132,122
KIT,KIT:3,KIT/3/push_from_the_left_side04_stageii.npz,train,534,97,87
KIT,KIT:3,KIT/3/push_from_the_left_side08_stageii.npz,train,667,124,114
KIT,KIT:3,KIT/3/push_from_the_left_side09_stageii.npz,train,489,88,78
KIT,KIT:3,KIT/3/push_from_the_left_side10_stageii.npz,train,787,148,138
KIT,KIT:3,KIT/3/push_from_the_left_side11_stageii.npz,train,735,138,128
KIT,KIT:3,KIT/3/push_from_the_left_side12_stageii.npz,train,771,145,135
KIT,KIT:3,KIT/3/push_from_the_right_side11_stageii.npz,train,706,132,122
KIT,KIT:3,KIT/3/push_from_the_right_side12_stageii.npz,train,658,122,112
KIT,KIT:3,KIT/3/push_from_the_right_side15_stageii.npz,train,753,141,131
KIT,KIT:3,KIT/3/push_from_the_right_side16_stageii.npz,train,673,125,115
KIT,KIT:3,KIT/3/push_from_the_right_side17_stageii.npz,train,684,127,117
KIT,KIT:3,KIT/3/push_from_the_right_side18_stageii.npz,train,644,119,109
KIT,KIT:3,KIT/3/push_from_the_right_side19_stageii.npz,train,720,135,125
KIT,KIT:3,KIT/3/seesaw01_stageii.npz,train,575,106,96
KIT,KIT:3,KIT/3/seesaw02_stageii.npz,train,670,125,115
KIT,KIT:3,KIT/3/seesaw03_stageii.npz,train,642,119,109
KIT,KIT:3,KIT/3/seesaw04_stageii.npz,train,558,102,92
KIT,KIT:3,KIT/3/seesaw05_stageii.npz,train,510,93,83
KIT,KIT:3,KIT/3/seesaw06_stageii.npz,train,825,156,146
KIT,KIT:3,KIT/3/seesaw07_stageii.npz,train,703,131,121
KIT,KIT:3,KIT/3/seesaw08_stageii.npz,train,664,123,113
KIT,KIT:3,KIT/3/seesaw09_stageii.npz,train,628,116,106
KIT,KIT:3,KIT/3/seesaw10_stageii.npz,train,713,133,123
KIT,KIT:3,KIT/3/seesaw_backwards01_stageii.npz,train,972,185,175
KIT,KIT:3,KIT/3/seesaw_backwards02_stageii.npz,train,738,138,128
KIT,KIT:3,KIT/3/seesaw_backwards03_stageii.npz,train,674,125,115
KIT,KIT:3,KIT/3/seesaw_backwards04_stageii.npz,train,1027,196,186
KIT,KIT:3,KIT/3/seesaw_backwards05_stageii.npz,train,743,139,129
KIT,KIT:3,KIT/3/seesaw_backwards06_stageii.npz,train,981,187,177
KIT,KIT:3,KIT/3/seesaw_backwards07_stageii.npz,train,1348,260,250
KIT,KIT:3,KIT/3/seesaw_backwards08_stageii.npz,train,1105,212,202
KIT,KIT:3,KIT/3/seesaw_backwards09_stageii.npz,train,1120,215,205
KIT,KIT:3,KIT/3/seesaw_backwards10_stageii.npz,train,1177,226,216
KIT,KIT:3,KIT/3/slope_down01_stageii.npz,train,533,97,87
KIT,KIT:3,KIT/3/slope_down02_stageii.npz,train,433,77,67
KIT,KIT:3,KIT/3/slope_down03_stageii.npz,train,457,82,72
KIT,KIT:3,KIT/3/slope_down04_stageii.npz,train,583,107,97
KIT,KIT:3,KIT/3/slope_down05_stageii.npz,train,414,73,63
KIT,KIT:3,KIT/3/slope_down06_stageii.npz,train,459,82,72
KIT,KIT:3,KIT/3/slope_down07_stageii.npz,train,453,81,71
KIT,KIT:3,KIT/3/slope_down08_stageii.npz,train,443,79,69
KIT,KIT:3,KIT/3/slope_down09_stageii.npz,train,463,83,73
KIT,KIT:3,KIT/3/slope_down10_stageii.npz,train,482,87,77
KIT,KIT:3,KIT/3/slope_up01_stageii.npz,train,619,114,104
KIT,KIT:3,KIT/3/slope_up02_stageii.npz,train,537,98,88
KIT,KIT:3,KIT/3/slope_up03_stageii.npz,train,448,80,70
KIT,KIT:3,KIT/3/slope_up04_stageii.npz,train,457,82,72
KIT,KIT:3,KIT/3/slope_up05_stageii.npz,train,458,82,72
KIT,KIT:3,KIT/3/slope_up06_stageii.npz,train,608,112,102
KIT,KIT:3,KIT/3/slope_up07_stageii.npz,train,570,105,95
KIT,KIT:3,KIT/3/slope_up08_stageii.npz,train,593,109,99
KIT,KIT:3,KIT/3/slope_up09_stageii.npz,train,506,92,82
KIT,KIT:3,KIT/3/slope_up10_stageii.npz,train,554,101,91
KIT,KIT:3,KIT/3/squat01_stageii.npz,train,461,83,73
KIT,KIT:3,KIT/3/squat02_stageii.npz,train,432,77,67
KIT,KIT:3,KIT/3/squat03_stageii.npz,train,430,77,67
KIT,KIT:3,KIT/3/squat04_stageii.npz,train,545,100,90
KIT,KIT:3,KIT/3/squat05_stageii.npz,train,550,101,91
KIT,KIT:3,KIT/3/step_over_gap01_stageii.npz,train,612,113,103
KIT,KIT:3,KIT/3/step_over_gap02_stageii.npz,train,560,103,93
KIT,KIT:3,KIT/3/step_over_gap03_stageii.npz,train,647,120,110
KIT,KIT:3,KIT/3/step_over_gap04_stageii.npz,train,453,81,71
KIT,KIT:3,KIT/3/step_over_gap05_stageii.npz,train,546,100,90
KIT,KIT:3,KIT/3/step_over_gap06_stageii.npz,train,453,81,71
KIT,KIT:3,KIT/3/step_over_gap07_stageii.npz,train,549,100,90
KIT,KIT:3,KIT/3/step_over_gap08_stageii.npz,train,556,102,92
KIT,KIT:3,KIT/3/step_over_gap09_stageii.npz,train,411,73,63
KIT,KIT:3,KIT/3/step_over_gap10_stageii.npz,train,569,104,94
KIT,KIT:3,KIT/3/step_stones01_stageii.npz,train,943,179,169
KIT,KIT:3,KIT/3/step_stones02_stageii.npz,train,856,162,152
KIT,KIT:3,KIT/3/step_stones03_stageii.npz,train,962,183,173
KIT,KIT:3,KIT/3/step_stones04_stageii.npz,train,914,173,163
KIT,KIT:3,KIT/3/step_stones05_stageii.npz,train,792,149,139
KIT,KIT:3,KIT/3/step_stones06_stageii.npz,train,890,169,159
KIT,KIT:3,KIT/3/step_stones08_stageii.npz,train,795,150,140
KIT,KIT:3,KIT/3/step_stones09_stageii.npz,train,729,136,126
KIT,KIT:3,KIT/3/step_stones10_stageii.npz,train,789,148,138
KIT,KIT:3,KIT/3/stomp_left01_stageii.npz,train,433,77,67
KIT,KIT:3,KIT/3/stomp_left02_stageii.npz,train,426,76,66
KIT,KIT:3,KIT/3/stomp_left03_stageii.npz,train,417,74,64
KIT,KIT:3,KIT/3/stomp_left04_stageii.npz,train,393,69,59
KIT,KIT:3,KIT/3/stomp_left05_stageii.npz,train,454,81,71
KIT,KIT:3,KIT/3/stomp_right01_stageii.npz,train,397,70,60
KIT,KIT:3,KIT/3/stomp_right02_stageii.npz,train,516,94,84
KIT,KIT:3,KIT/3/stomp_right03_stageii.npz,train,424,75,65
KIT,KIT:3,KIT/3/stomp_right04_stageii.npz,train,459,82,72
KIT,KIT:3,KIT/3/stomp_right05_stageii.npz,train,487,88,78
KIT,KIT:3,KIT/3/streching_leg01_stageii.npz,train,931,177,167
KIT,KIT:3,KIT/3/streching_leg02_stageii.npz,train,869,164,154
KIT,KIT:3,KIT/3/streching_leg03_stageii.npz,train,797,150,140
KIT,KIT:3,KIT/3/streching_leg04_stageii.npz,train,888,168,158
KIT,KIT:3,KIT/3/streching_leg05_stageii.npz,train,809,152,142
KIT,KIT:3,KIT/3/streching_leg06_stageii.npz,train,718,134,124
KIT,KIT:3,KIT/3/tennis_forehand_left01_stageii.npz,train,404,71,61
KIT,KIT:3,KIT/3/tennis_forehand_left02_stageii.npz,train,356,62,52
KIT,KIT:3,KIT/3/tennis_forehand_left03_stageii.npz,train,538,98,88
KIT,KIT:3,KIT/3/tennis_forehand_left04_stageii.npz,train,566,104,94
KIT,KIT:3,KIT/3/tennis_forehand_left05_stageii.npz,train,595,110,100
KIT,KIT:3,KIT/3/tennis_forehand_right01_stageii.npz,train,541,99,89
KIT,KIT:3,KIT/3/tennis_forehand_right02_stageii.npz,train,603,111,101
KIT,KIT:3,KIT/3/tennis_forehand_right04_stageii.npz,train,374,65,55
KIT,KIT:3,KIT/3/tennis_forehand_right05_stageii.npz,train,700,131,121
KIT,KIT:3,KIT/3/tennis_smash_left01_stageii.npz,train,578,106,96
KIT,KIT:3,KIT/3/tennis_smash_left02_stageii.npz,train,676,126,116
KIT,KIT:3,KIT/3/tennis_smash_left03_stageii.npz,train,233,37,27
KIT,KIT:3,KIT/3/tennis_smash_left04_stageii.npz,train,571,105,95
KIT,KIT:3,KIT/3/tennis_smash_left05_stageii.npz,train,517,94,84
KIT,KIT:3,KIT/3/tennis_smash_right01_stageii.npz,train,447,80,70
KIT,KIT:3,KIT/3/tennis_smash_right02_stageii.npz,train,562,103,93
KIT,KIT:3,KIT/3/tennis_smash_right03_stageii.npz,train,671,125,115
KIT,KIT:3,KIT/3/tennis_smash_right04_stageii.npz,train,623,115,105
KIT,KIT:3,KIT/3/tennis_smash_right05_stageii.npz,train,591,109,99
KIT,KIT:3,KIT/3/throw_left01_stageii.npz,train,486,88,78
KIT,KIT:3,KIT/3/throw_left02_stageii.npz,train,477,86,76
KIT,KIT:3,KIT/3/throw_left03_stageii.npz,train,503,91,81
KIT,KIT:3,KIT/3/throw_left04_stageii.npz,train,708,132,122
KIT,KIT:3,KIT/3/throw_left05_stageii.npz,train,582,107,97
KIT,KIT:3,KIT/3/throw_right01_stageii.npz,train,522,95,85
KIT,KIT:3,KIT/3/throw_right02_stageii.npz,train,528,96,86
KIT,KIT:3,KIT/3/throw_right03_stageii.npz,train,545,100,90
KIT,KIT:3,KIT/3/throw_right04_stageii.npz,train,596,110,100
KIT,KIT:3,KIT/3/throw_right05_stageii.npz,train,539,98,88
KIT,KIT:3,KIT/3/Transfuse02_stageii.npz,train,2886,568,558
KIT,KIT:3,KIT/3/Transfuse03_stageii.npz,train,2739,538,528
KIT,KIT:3,KIT/3/Transfuse07_stageii.npz,train,2287,448,438
KIT,KIT:3,KIT/3/turn_left01_stageii.npz,train,599,110,100
KIT,KIT:3,KIT/3/turn_left03_stageii.npz,train,672,125,115
KIT,KIT:3,KIT/3/turn_left04_stageii.npz,train,733,137,127
KIT,KIT:3,KIT/3/turn_left05_stageii.npz,train,550,101,91
KIT,KIT:3,KIT/3/turn_left06_stageii.npz,train,439,78,68
KIT,KIT:3,KIT/3/turn_left07_stageii.npz,train,515,94,84
KIT,KIT:3,KIT/3/turn_left08_stageii.npz,train,425,76,66
KIT,KIT:3,KIT/3/turn_left10_stageii.npz,train,562,103,93
KIT,KIT:3,KIT/3/turn_right01_stageii.npz,train,494,89,79
KIT,KIT:3,KIT/3/turn_right02_stageii.npz,train,495,90,80
KIT,KIT:3,KIT/3/turn_right03_stageii.npz,train,519,94,84
KIT,KIT:3,KIT/3/turn_right04_stageii.npz,train,402,71,61
KIT,KIT:3,KIT/3/turn_right05_stageii.npz,train,517,94,84
KIT,KIT:3,KIT/3/turn_right06_stageii.npz,train,446,80,70
KIT,KIT:3,KIT/3/turn_right07_stageii.npz,train,507,92,82
KIT,KIT:3,KIT/3/turn_right08_stageii.npz,train,477,86,76
KIT,KIT:3,KIT/3/turn_right09_stageii.npz,train,477,86,76
KIT,KIT:3,KIT/3/turn_right10_stageii.npz,train,519,94,84
KIT,KIT:3,KIT/3/upstairs01_stageii.npz,train,771,145,135
KIT,KIT:3,KIT/3/upstairs02_stageii.npz,train,567,104,94
KIT,KIT:3,KIT/3/upstairs03_stageii.npz,train,795,150,140
KIT,KIT:3,KIT/3/upstairs04_stageii.npz,train,734,137,127
KIT,KIT:3,KIT/3/upstairs06_stageii.npz,train,614,113,103
KIT,KIT:3,KIT/3/upstairs07_stageii.npz,train,818,154,144
KIT,KIT:3,KIT/3/upstairs08_stageii.npz,train,817,154,144
KIT,KIT:3,KIT/3/upstairs09_stageii.npz,train,652,121,111
KIT,KIT:3,KIT/3/upstairs10_stageii.npz,train,766,144,134
KIT,KIT:3,KIT/3/upstairs11_stageii.npz,train,615,114,104
KIT,KIT:3,KIT/3/upstairs_downstairs01_stageii.npz,train,996,190,180
KIT,KIT:3,KIT/3/upstairs_downstairs02_stageii.npz,train,1139,218,208
KIT,KIT:3,KIT/3/upstairs_downstairs03_stageii.npz,train,824,155,145
KIT,KIT:3,KIT/3/upstairs_downstairs04_stageii.npz,train,1063,203,193
KIT,KIT:3,KIT/3/upstairs_downstairs05_stageii.npz,train,1023,195,185
KIT,KIT:3,KIT/3/upstairs_downstairs06_stageii.npz,train,864,163,153
KIT,KIT:3,KIT/3/upstairs_downstairs07_stageii.npz,train,852,161,151
KIT,KIT:3,KIT/3/upstairs_downstairs08_stageii.npz,train,1171,225,215
KIT,KIT:3,KIT/3/upstairs_downstairs09_stageii.npz,train,1105,212,202
KIT,KIT:3,KIT/3/upstairs_downstairs10_stageii.npz,train,1227,236,226
KIT,KIT:3,KIT/3/walk_6m_straight_line04_stageii.npz,train,742,139,129
KIT,KIT:3,KIT/3/walk_6m_straight_line06_stageii.npz,train,1497,290,280
KIT,KIT:3,KIT/3/walk_with_left_support02_stageii.npz,train,754,141,131
KIT,KIT:3,KIT/3/walk_with_left_support06_FrqONi5_stageii.npz,train,762,143,133
KIT,KIT:3,KIT/3/walk_with_left_support06_stageii.npz,train,762,143,133
KIT,KIT:3,KIT/3/walk_with_left_support_table01_stageii.npz,train,713,133,123
KIT,KIT:3,KIT/3/walk_with_left_support_table08_stageii.npz,train,798,150,140
KIT,KIT:3,KIT/3/walk_with_right_support02_stageii.npz,train,880,167,157
KIT,KIT:3,KIT/3/walk_with_right_support_table02_stageii.npz,train,741,139,129
KIT,KIT:3,KIT/3/walk_with_right_support_table06_stageii.npz,train,773,145,135
KIT,KIT:3,KIT/3/walk_with_support01_stageii.npz,train,516,94,84
KIT,KIT:3,KIT/3/walk_with_support02_stageii.npz,train,675,126,116
KIT,KIT:3,KIT/3/walk_with_support03_stageii.npz,train,726,136,126
KIT,KIT:3,KIT/3/walk_with_support04_stageii.npz,train,674,125,115
KIT,KIT:3,KIT/3/walk_with_support05_stageii.npz,train,487,88,78
KIT,KIT:3,KIT/3/walk_with_support06_stageii.npz,train,597,110,100
KIT,KIT:3,KIT/3/walking_fast02_stageii.npz,train,522,95,85
KIT,KIT:3,KIT/3/walking_fast03_stageii.npz,train,411,73,63
KIT,KIT:3,KIT/3/walking_fast04_stageii.npz,train,431,77,67
KIT,KIT:3,KIT/3/walking_fast05_stageii.npz,train,379,66,56
KIT,KIT:3,KIT/3/walking_fast06_stageii.npz,train,515,94,84
KIT,KIT:3,KIT/3/walking_fast07_stageii.npz,train,497,90,80
KIT,KIT:3,KIT/3/walking_fast08_stageii.npz,train,428,76,66
KIT,KIT:3,KIT/3/walking_fast09_stageii.npz,train,460,83,73
KIT,KIT:3,KIT/3/walking_fast10_stageii.npz,train,431,77,67
KIT,KIT:3,KIT/3/walking_forward_4steps_right_02_stageii.npz,train,507,92,82
KIT,KIT:3,KIT/3/walking_forward_4steps_right_04_stageii.npz,train,552,101,91
KIT,KIT:3,KIT/3/walking_forward_4steps_right_05_stageii.npz,train,465,84,74
KIT,KIT:3,KIT/3/walking_forward_4steps_right_stageii.npz,train,601,111,101
KIT,KIT:3,KIT/3/walking_medium01_stageii.npz,train,318,54,44
KIT,KIT:3,KIT/3/walking_medium02_stageii.npz,train,661,123,113
KIT,KIT:3,KIT/3/walking_medium03_stageii.npz,train,757,142,132
KIT,KIT:3,KIT/3/walking_medium04_stageii.npz,train,529,96,86
KIT,KIT:3,KIT/3/walking_medium05_stageii.npz,train,623,115,105
KIT,KIT:3,KIT/3/walking_medium06_stageii.npz,train,483,87,77
KIT,KIT:3,KIT/3/walking_medium07_stageii.npz,train,596,110,100
KIT,KIT:3,KIT/3/walking_medium08_stageii.npz,train,541,99,89
KIT,KIT:3,KIT/3/walking_medium09_stageii.npz,train,600,111,101
KIT,KIT:3,KIT/3/walking_medium10_stageii.npz,train,392,69,59
KIT,KIT:3,KIT/3/walking_run02_stageii.npz,train,555,102,92
KIT,KIT:3,KIT/3/walking_run03_stageii.npz,train,570,105,95
KIT,KIT:3,KIT/3/walking_run04_stageii.npz,train,407,72,62
KIT,KIT:3,KIT/3/walking_run05_stageii.npz,train,575,106,96
KIT,KIT:3,KIT/3/walking_run06_stageii.npz,train,401,71,61
KIT,KIT:3,KIT/3/walking_slow01_stageii.npz,train,611,113,103
KIT,KIT:3,KIT/3/walking_slow02_stageii.npz,train,588,108,98
KIT,KIT:3,KIT/3/walking_slow03_stageii.npz,train,651,121,111
KIT,KIT:3,KIT/3/walking_slow04_stageii.npz,train,596,110,100
KIT,KIT:3,KIT/3/walking_slow05_stageii.npz,train,659,122,112
KIT,KIT:3,KIT/3/walking_slow06_stageii.npz,train,638,118,108
KIT,KIT:3,KIT/3/walking_slow07_stageii.npz,train,647,120,110
KIT,KIT:3,KIT/3/walking_slow08_stageii.npz,train,654,121,111
KIT,KIT:3,KIT/3/walking_slow09_stageii.npz,train,663,123,113
KIT,KIT:3,KIT/3/walking_slow10_stageii.npz,train,605,112,102
KIT,KIT:3,KIT/3/walking_upstairs01_stageii.npz,train,1544,299,289
KIT,KIT:3,KIT/3/walking_upstairs02_stageii.npz,train,908,172,162
KIT,KIT:3,KIT/3/walking_upstairs03_stageii.npz,train,889,168,158
KIT,KIT:3,KIT/3/walking_upstairs04_stageii.npz,train,1038,198,188
KIT,KIT:3,KIT/3/walking_upstairs05_stageii.npz,train,651,121,111
KIT,KIT:3,KIT/3/walking_upstairs06_stageii.npz,train,784,147,137
KIT,KIT:3,KIT/3/walking_upstairs07_stageii.npz,train,782,147,137
KIT,KIT:3,KIT/3/wave_both01_stageii.npz,train,401,71,61
KIT,KIT:3,KIT/3/wave_both02_stageii.npz,train,395,70,60
KIT,KIT:3,KIT/3/wave_both03_stageii.npz,train,487,88,78
KIT,KIT:3,KIT/3/wave_both04_stageii.npz,train,330,57,47
KIT,KIT:3,KIT/3/wave_both05_stageii.npz,train,425,76,66
KIT,KIT:3,KIT/3/wave_both06_stageii.npz,train,450,81,71
KIT,KIT:3,KIT/3/wave_both07_stageii.npz,train,525,96,86
KIT,KIT:3,KIT/3/wave_both08_stageii.npz,train,552,101,91
KIT,KIT:3,KIT/3/wave_both09_stageii.npz,train,559,102,92
KIT,KIT:3,KIT/3/wave_both10_stageii.npz,train,559,102,92
KIT,KIT:3,KIT/3/wave_both11_stageii.npz,train,732,137,127
KIT,KIT:3,KIT/3/wave_both12_stageii.npz,train,751,141,131
KIT,KIT:3,KIT/3/wave_both13_stageii.npz,train,800,151,141
KIT,KIT:3,KIT/3/wave_both14_stageii.npz,train,955,182,172
KIT,KIT:3,KIT/3/wave_both15_stageii.npz,train,1000,191,181
KIT,KIT:3,KIT/3/wave_left01_stageii.npz,train,427,76,66
KIT,KIT:3,KIT/3/wave_left02_stageii.npz,train,449,80,70
KIT,KIT:3,KIT/3/wave_left03_stageii.npz,train,458,82,72
KIT,KIT:3,KIT/3/wave_left04_stageii.npz,train,494,89,79
KIT,KIT:3,KIT/3/wave_left05_stageii.npz,train,387,68,58
KIT,KIT:3,KIT/3/wave_left06_stageii.npz,train,497,90,80
KIT,KIT:3,KIT/3/wave_left07_stageii.npz,train,520,95,85
KIT,KIT:3,KIT/3/wave_left08_stageii.npz,train,512,93,83
KIT,KIT:3,KIT/3/wave_left09_stageii.npz,train,553,101,91
KIT,KIT:3,KIT/3/wave_left10_stageii.npz,train,541,99,89
KIT,KIT:3,KIT/3/wave_left11_stageii.npz,train,869,164,154
KIT,KIT:3,KIT/3/wave_left12_stageii.npz,train,739,138,128
KIT,KIT:3,KIT/3/wave_left13_stageii.npz,train,761,143,133
KIT,KIT:3,KIT/3/wave_left14_stageii.npz,train,723,135,125
KIT,KIT:3,KIT/3/wave_left15_stageii.npz,train,863,163,153
KIT,KIT:3,KIT/3/wave_right02_stageii.npz,train,402,71,61
KIT,KIT:3,KIT/3/wave_right03_stageii.npz,train,437,78,68
KIT,KIT:3,KIT/3/wave_right04_stageii.npz,train,442,79,69
KIT,KIT:3,KIT/3/wave_right05_stageii.npz,train,348,60,50
KIT,KIT:3,KIT/3/wave_right06_stageii.npz,train,470,85,75
KIT,KIT:3,KIT/3/wave_right07_stageii.npz,train,446,80,70
KIT,KIT:3,KIT/3/wave_right08_stageii.npz,train,523,95,85
KIT,KIT:3,KIT/3/wave_right09_stageii.npz,train,591,109,99
KIT,KIT:3,KIT/3/wave_right11_stageii.npz,train,835,158,148
KIT,KIT:3,KIT/3/wave_right12_stageii.npz,train,851,161,151
KIT,KIT:3,KIT/3/wave_right13_stageii.npz,train,878,166,156
KIT,KIT:3,KIT/3/wave_right14_stageii.npz,train,917,174,164
KIT,KIT:3,KIT/3/wave_right15_stageii.npz,train,909,172,162
KIT,KIT:314,KIT/314/bend_left01_stageii.npz,test,377,66,56
KIT,KIT:314,KIT/314/bend_left02_stageii.npz,test,718,134,124
KIT,KIT:314,KIT/314/bend_left03_stageii.npz,test,552,101,91
KIT,KIT:314,KIT/314/bend_left04_stageii.npz,test,368,64,54
KIT,KIT:314,KIT/314/bend_left05_stageii.npz,test,420,75,65
KIT,KIT:314,KIT/314/bend_left06_stageii.npz,test,411,73,63
KIT,KIT:314,KIT/314/bend_left07_stageii.npz,test,510,93,83
KIT,KIT:314,KIT/314/bend_left08_stageii.npz,test,467,84,74
KIT,KIT:314,KIT/314/bend_left09_stageii.npz,test,341,59,49
KIT,KIT:314,KIT/314/bend_right01_stageii.npz,test,406,72,62
KIT,KIT:314,KIT/314/bend_right02_stageii.npz,test,319,54,44
KIT,KIT:314,KIT/314/bend_right03_stageii.npz,test,467,84,74
KIT,KIT:314,KIT/314/bend_right04_stageii.npz,test,359,62,52
KIT,KIT:314,KIT/314/bend_right05_stageii.npz,test,490,89,79
KIT,KIT:314,KIT/314/bend_right06_stageii.npz,test,419,74,64
KIT,KIT:314,KIT/314/bend_right07_stageii.npz,test,376,66,56
KIT,KIT:314,KIT/314/bend_right08_stageii.npz,test,455,82,72
KIT,KIT:314,KIT/314/go_over_beam01_stageii.npz,test,1087,208,198
KIT,KIT:314,KIT/314/go_over_beam02_stageii.npz,test,766,144,134
KIT,KIT:314,KIT/314/go_over_beam03_stageii.npz,test,802,151,141
KIT,KIT:314,KIT/314/go_over_beam04_stageii.npz,test,773,145,135
KIT,KIT:314,KIT/314/go_over_beam05_stageii.npz,test,642,119,109
KIT,KIT:314,KIT/314/go_over_beam06_stageii.npz,test,728,136,126
KIT,KIT:314,KIT/314/go_over_beam07_stageii.npz,test,676,126,116
KIT,KIT:314,KIT/314/go_over_beam08_stageii.npz,test,731,137,127
KIT,KIT:314,KIT/314/go_over_beam09_stageii.npz,test,663,123,113
KIT,KIT:314,KIT/314/go_over_beam10_stageii.npz,test,574,105,95
KIT,KIT:314,KIT/314/parkour01_stageii.npz,test,1167,224,214
KIT,KIT:314,KIT/314/parkour02_stageii.npz,test,996,190,180
KIT,KIT:314,KIT/314/parkour03_stageii.npz,test,1156,222,212
KIT,KIT:314,KIT/314/parkour04_stageii.npz,test,1103,211,201
KIT,KIT:314,KIT/314/parkour05_stageii.npz,test,997,190,180
KIT,KIT:314,KIT/314/parkour06_stageii.npz,test,1118,214,204
KIT,KIT:314,KIT/314/parkour07_stageii.npz,test,1034,197,187
KIT,KIT:314,KIT/314/parkour08_stageii.npz,test,971,185,175
KIT,KIT:314,KIT/314/parkour09_stageii.npz,test,950,181,171
KIT,KIT:314,KIT/314/parkour10_stageii.npz,test,879,166,156
KIT,KIT:314,KIT/314/run01_stageii.npz,test,104,11,1
KIT,KIT:314,KIT/314/run02_stageii.npz,test,82,7,0
KIT,KIT:314,KIT/314/run03_stageii.npz,test,73,5,0
KIT,KIT:314,KIT/314/run04_stageii.npz,test,78,6,0
KIT,KIT:314,KIT/314/step_over_gap01_stageii.npz,test,578,106,96
KIT,KIT:314,KIT/314/step_over_gap02_stageii.npz,test,556,102,92
KIT,KIT:314,KIT/314/step_over_gap03_stageii.npz,test,431,77,67
KIT,KIT:314,KIT/314/step_over_gap04_stageii.npz,test,607,112,102
KIT,KIT:314,KIT/314/step_over_gap05_stageii.npz,test,448,80,70
KIT,KIT:314,KIT/314/step_over_gap06_stageii.npz,test,406,72,62
KIT,KIT:314,KIT/314/step_over_gap07_stageii.npz,test,437,78,68
KIT,KIT:314,KIT/314/step_over_gap08_stageii.npz,test,443,79,69
KIT,KIT:314,KIT/314/step_over_gap09_stageii.npz,test,465,84,74
KIT,KIT:314,KIT/314/step_over_gap10_stageii.npz,test,447,80,70
KIT,KIT:314,KIT/314/turn_left01_stageii.npz,test,475,86,76
KIT,KIT:314,KIT/314/turn_left02_stageii.npz,test,414,73,63
KIT,KIT:314,KIT/314/turn_left03_stageii.npz,test,400,71,61
KIT,KIT:314,KIT/314/turn_left04_stageii.npz,test,432,77,67
KIT,KIT:314,KIT/314/turn_left05_stageii.npz,test,497,90,80
KIT,KIT:314,KIT/314/turn_left06_stageii.npz,test,478,86,76
KIT,KIT:314,KIT/314/turn_left07_stageii.npz,test,401,71,61
KIT,KIT:314,KIT/314/turn_left08_stageii.npz,test,401,71,61
KIT,KIT:314,KIT/314/turn_left09_stageii.npz,test,443,79,69
KIT,KIT:314,KIT/314/turn_left10_stageii.npz,test,382,67,57
KIT,KIT:314,KIT/314/turn_right01_stageii.npz,test,526,96,86
KIT,KIT:314,KIT/314/turn_right02_stageii.npz,test,608,112,102
KIT,KIT:314,KIT/314/turn_right03_stageii.npz,test,491,89,79
KIT,KIT:314,KIT/314/turn_right04_stageii.npz,test,447,80,70
KIT,KIT:314,KIT/314/turn_right05_stageii.npz,test,423,75,65
KIT,KIT:314,KIT/314/turn_right06_stageii.npz,test,504,91,81
KIT,KIT:314,KIT/314/turn_right07_stageii.npz,test,442,79,69
KIT,KIT:314,KIT/314/turn_right08_stageii.npz,test,420,75,65
KIT,KIT:314,KIT/314/turn_right09_stageii.npz,test,414,73,63
KIT,KIT:314,KIT/314/turn_right10_stageii.npz,test,440,79,69
KIT,KIT:314,KIT/314/turn_right11_stageii.npz,test,443,79,69
KIT,KIT:314,KIT/314/walking_fast01_stageii.npz,test,588,108,98
KIT,KIT:314,KIT/314/walking_fast02_stageii.npz,test,695,130,120
KIT,KIT:314,KIT/314/walking_fast03_stageii.npz,test,579,106,96
KIT,KIT:314,KIT/314/walking_fast04_stageii.npz,test,434,77,67
KIT,KIT:314,KIT/314/walking_fast05_stageii.npz,test,500,91,81
KIT,KIT:314,KIT/314/walking_fast06_stageii.npz,test,453,81,71
KIT,KIT:314,KIT/314/walking_fast07_stageii.npz,test,386,68,58
KIT,KIT:314,KIT/314/walking_fast08_stageii.npz,test,456,82,72
KIT,KIT:314,KIT/314/walking_fast09_stageii.npz,test,610,113,103
KIT,KIT:314,KIT/314/walking_fast10_stageii.npz,test,431,77,67
KIT,KIT:314,KIT/314/walking_medium01_stageii.npz,test,662,123,113
KIT,KIT:314,KIT/314/walking_medium02_stageii.npz,test,583,107,97
KIT,KIT:314,KIT/314/walking_medium03_stageii.npz,test,699,130,120
KIT,KIT:314,KIT/314/walking_medium04_stageii.npz,test,831,157,147
KIT,KIT:314,KIT/314/walking_medium05_stageii.npz,test,795,150,140
KIT,KIT:314,KIT/314/walking_medium06_stageii.npz,test,644,119,109
KIT,KIT:314,KIT/314/walking_medium07_stageii.npz,test,764,143,133
KIT,KIT:314,KIT/314/walking_medium08_stageii.npz,test,682,127,117
KIT,KIT:314,KIT/314/walking_medium09_stageii.npz,test,779,146,136
KIT,KIT:314,KIT/314/walking_medium10_stageii.npz,test,725,136,126
KIT,KIT:314,KIT/314/walking_run01_stageii.npz,test,265,44,34
KIT,KIT:314,KIT/314/walking_run02_stageii.npz,test,166,24,14
KIT,KIT:314,KIT/314/walking_run03_stageii.npz,test,403,71,61
KIT,KIT:314,KIT/314/walking_run04_stageii.npz,test,384,67,57
KIT,KIT:314,KIT/314/walking_run05_stageii.npz,test,451,81,71
KIT,KIT:314,KIT/314/walking_run06_stageii.npz,test,466,84,74
KIT,KIT:314,KIT/314/walking_run08_stageii.npz,test,452,81,71
KIT,KIT:314,KIT/314/walking_run09_stageii.npz,test,436,78,68
KIT,KIT:314,KIT/314/walking_run10_stageii.npz,test,480,87,77
KIT,KIT:314,KIT/314/walking_slow01_stageii.npz,test,978,186,176
KIT,KIT:314,KIT/314/walking_slow02_stageii.npz,test,790,149,139
KIT,KIT:314,KIT/314/walking_slow03_stageii.npz,test,762,143,133
KIT,KIT:314,KIT/314/walking_slow04_stageii.npz,test,711,133,123
KIT,KIT:314,KIT/314/walking_slow05_stageii.npz,test,724,135,125
KIT,KIT:314,KIT/314/walking_slow06_stageii.npz,test,683,127,117
KIT,KIT:314,KIT/314/walking_slow07_stageii.npz,test,794,149,139
KIT,KIT:314,KIT/314/walking_slow08_stageii.npz,test,582,107,97
KIT,KIT:314,KIT/314/walking_slow09_stageii.npz,test,712,133,123
KIT,KIT:314,KIT/314/walking_slow10_stageii.npz,test,811,153,143
KIT,KIT:348,KIT/348/bend_left01_stageii.npz,test,401,71,61
KIT,KIT:348,KIT/348/bend_left02_stageii.npz,test,553,101,91
KIT,KIT:348,KIT/348/bend_left03_stageii.npz,test,548,100,90
KIT,KIT:348,KIT/348/bend_left04_stageii.npz,test,473,85,75
KIT,KIT:348,KIT/348/bend_left05_stageii.npz,test,538,98,88
KIT,KIT:348,KIT/348/bend_left06_stageii.npz,test,538,98,88
KIT,KIT:348,KIT/348/bend_left07_stageii.npz,test,597,110,100
KIT,KIT:348,KIT/348/bend_left08_stageii.npz,test,512,93,83
KIT,KIT:348,KIT/348/bend_left09_stageii.npz,test,503,91,81
KIT,KIT:348,KIT/348/bend_left10_stageii.npz,test,516,94,84
KIT,KIT:348,KIT/348/bend_right01_stageii.npz,test,511,93,83
KIT,KIT:348,KIT/348/bend_right02_stageii.npz,test,502,91,81
KIT,KIT:348,KIT/348/bend_right03_stageii.npz,test,472,85,75
KIT,KIT:348,KIT/348/bend_right04_stageii.npz,test,504,91,81
KIT,KIT:348,KIT/348/bend_right05_stageii.npz,test,524,95,85
KIT,KIT:348,KIT/348/bend_right06_stageii.npz,test,450,81,71
KIT,KIT:348,KIT/348/bend_right07_stageii.npz,test,575,106,96
KIT,KIT:348,KIT/348/bend_right08_stageii.npz,test,452,81,71
KIT,KIT:348,KIT/348/bend_right09_stageii.npz,test,484,87,77
KIT,KIT:348,KIT/348/bend_right10_stageii.npz,test,510,93,83
KIT,KIT:348,KIT/348/go_over_beam01_stageii.npz,test,462,83,73
KIT,KIT:348,KIT/348/go_over_beam02_stageii.npz,test,399,70,60
KIT,KIT:348,KIT/348/go_over_beam03_stageii.npz,test,474,85,75
KIT,KIT:348,KIT/348/go_over_beam04_stageii.npz,test,444,79,69
KIT,KIT:348,KIT/348/go_over_beam05_stageii.npz,test,423,75,65
KIT,KIT:348,KIT/348/go_over_beam06_stageii.npz,test,447,80,70
KIT,KIT:348,KIT/348/go_over_beam07_stageii.npz,test,511,93,83
KIT,KIT:348,KIT/348/go_over_beam08_stageii.npz,test,477,86,76
KIT,KIT:348,KIT/348/go_over_beam09_stageii.npz,test,416,74,64
KIT,KIT:348,KIT/348/parkour01_stageii.npz,test,1212,233,223
KIT,KIT:348,KIT/348/parkour02_stageii.npz,test,1184,227,217
KIT,KIT:348,KIT/348/parkour03_stageii.npz,test,1244,239,229
KIT,KIT:348,KIT/348/parkour04_stageii.npz,test,1035,198,188
KIT,KIT:348,KIT/348/parkour05_stageii.npz,test,1046,200,190
KIT,KIT:348,KIT/348/parkour06_stageii.npz,test,1125,216,206
KIT,KIT:348,KIT/348/run01_stageii.npz,test,111,13,3
KIT,KIT:348,KIT/348/run02_stageii.npz,test,96,10,0
KIT,KIT:348,KIT/348/run03_stageii.npz,test,106,12,2
KIT,KIT:348,KIT/348/run04_stageii.npz,test,97,10,0
KIT,KIT:348,KIT/348/run05_stageii.npz,test,92,9,0
KIT,KIT:348,KIT/348/step_over_gap01_stageii.npz,test,620,115,105
KIT,KIT:348,KIT/348/step_over_gap02_stageii.npz,test,731,137,127
KIT,KIT:348,KIT/348/step_over_gap03_stageii.npz,test,599,110,100
KIT,KIT:348,KIT/348/step_over_gap04_stageii.npz,test,603,111,101
KIT,KIT:348,KIT/348/step_over_gap05_stageii.npz,test,621,115,105
KIT,KIT:348,KIT/348/step_over_gap06_stageii.npz,test,487,88,78
KIT,KIT:348,KIT/348/step_over_gap07_stageii.npz,test,445,80,70
KIT,KIT:348,KIT/348/step_over_gap08_stageii.npz,test,415,74,64
KIT,KIT:348,KIT/348/step_over_gap09_stageii.npz,test,454,81,71
KIT,KIT:348,KIT/348/turn_left01_stageii.npz,test,627,116,106
KIT,KIT:348,KIT/348/turn_left02_stageii.npz,test,626,116,106
KIT,KIT:348,KIT/348/turn_left03_stageii.npz,test,639,118,108
KIT,KIT:348,KIT/348/turn_left04_stageii.npz,test,594,109,99
KIT,KIT:348,KIT/348/turn_left05_stageii.npz,test,619,114,104
KIT,KIT:348,KIT/348/turn_left06_stageii.npz,test,634,117,107
KIT,KIT:348,KIT/348/turn_left07_stageii.npz,test,606,112,102
KIT,KIT:348,KIT/348/turn_left08_stageii.npz,test,618,114,104
KIT,KIT:348,KIT/348/turn_left09_stageii.npz,test,568,104,94
KIT,KIT:348,KIT/348/turn_left10_stageii.npz,test,617,114,104
KIT,KIT:348,KIT/348/turn_right01_stageii.npz,test,650,121,111
KIT,KIT:348,KIT/348/turn_right02_stageii.npz,test,710,133,123
KIT,KIT:348,KIT/348/turn_right03_stageii.npz,test,624,115,105
KIT,KIT:348,KIT/348/turn_right04_stageii.npz,test,667,124,114
KIT,KIT:348,KIT/348/turn_right05_stageii.npz,test,685,128,118
KIT,KIT:348,KIT/348/turn_right06_stageii.npz,test,622,115,105
KIT,KIT:348,KIT/348/turn_right07_stageii.npz,test,658,122,112
KIT,KIT:348,KIT/348/turn_right08_stageii.npz,test,556,102,92
KIT,KIT:348,KIT/348/turn_right09_stageii.npz,test,661,123,113
KIT,KIT:348,KIT/348/turn_right10_stageii.npz,test,642,119,109
KIT,KIT:348,KIT/348/walking_fast01_stageii.npz,test,446,80,70
KIT,KIT:348,KIT/348/walking_fast02_stageii.npz,test,321,55,45
KIT,KIT:348,KIT/348/walking_fast03_stageii.npz,test,306,52,42
KIT,KIT:348,KIT/348/walking_fast04_stageii.npz,test,433,77,67
KIT,KIT:348,KIT/348/walking_fast05_stageii.npz,test,477,86,76
KIT,KIT:348,KIT/348/walking_fast06_stageii.npz,test,440,79,69
KIT,KIT:348,KIT/348/walking_fast07_stageii.npz,test,411,73,63
KIT,KIT:348,KIT/348/walking_fast08_stageii.npz,test,428,76,66
KIT,KIT:348,KIT/348/walking_fast09_stageii.npz,test,333,57,47
KIT,KIT:348,KIT/348/walking_medium01_stageii.npz,test,410,73,63
KIT,KIT:348,KIT/348/walking_medium02_stageii.npz,test,493,89,79
KIT,KIT:348,KIT/348/walking_medium03_stageii.npz,test,432,77,67
KIT,KIT:348,KIT/348/walking_medium04_stageii.npz,test,514,93,83
KIT,KIT:348,KIT/348/walking_medium05_stageii.npz,test,413,73,63
KIT,KIT:348,KIT/348/walking_medium06_stageii.npz,test,441,79,69
KIT,KIT:348,KIT/348/walking_medium07_stageii.npz,test,426,76,66
KIT,KIT:348,KIT/348/walking_medium08_stageii.npz,test,373,65,55
KIT,KIT:348,KIT/348/walking_medium09_stageii.npz,test,552,101,91
KIT,KIT:348,KIT/348/walking_medium10_stageii.npz,test,507,92,82
KIT,KIT:348,KIT/348/walking_run01_stageii.npz,test,371,65,55
KIT,KIT:348,KIT/348/walking_run02_stageii.npz,test,435,78,68
KIT,KIT:348,KIT/348/walking_run03_stageii.npz,test,471,85,75
KIT,KIT:348,KIT/348/walking_run04_stageii.npz,test,404,71,61
KIT,KIT:348,KIT/348/walking_run05_stageii.npz,test,368,64,54
KIT,KIT:348,KIT/348/walking_run06_stageii.npz,test,425,76,66
KIT,KIT:348,KIT/348/walking_run07_stageii.npz,test,453,81,71
KIT,KIT:348,KIT/348/walking_run08_stageii.npz,test,334,57,47
KIT,KIT:348,KIT/348/walking_run09_stageii.npz,test,479,86,76
KIT,KIT:348,KIT/348/walking_run10_stageii.npz,test,418,74,64
KIT,KIT:348,KIT/348/walking_slow01_stageii.npz,test,772,145,135
KIT,KIT:348,KIT/348/walking_slow02_stageii.npz,test,679,126,116
KIT,KIT:348,KIT/348/walking_slow03_stageii.npz,test,719,134,124
KIT,KIT:348,KIT/348/walking_slow04_stageii.npz,test,549,100,90
KIT,KIT:348,KIT/348/walking_slow05_stageii.npz,test,594,109,99
KIT,KIT:348,KIT/348/walking_slow06_stageii.npz,test,643,119,109
KIT,KIT:348,KIT/348/walking_slow07_stageii.npz,test,567,104,94
KIT,KIT:348,KIT/348/walking_slow08_stageii.npz,test,588,108,98
KIT,KIT:348,KIT/348/walking_slow09_stageii.npz,test,620,115,105
KIT,KIT:348,KIT/348/walking_slow10_stageii.npz,test,602,111,101
KIT,KIT:359,KIT/359/bend_left01_stageii.npz,train,427,76,66
KIT,KIT:359,KIT/359/bend_left02_stageii.npz,train,426,76,66
KIT,KIT:359,KIT/359/bend_left03_stageii.npz,train,382,67,57
KIT,KIT:359,KIT/359/bend_left04_stageii.npz,train,424,75,65
KIT,KIT:359,KIT/359/bend_left05_stageii.npz,train,462,83,73
KIT,KIT:359,KIT/359/bend_left06_stageii.npz,train,421,75,65
KIT,KIT:359,KIT/359/bend_left07_stageii.npz,train,469,84,74
KIT,KIT:359,KIT/359/bend_left08_stageii.npz,train,453,81,71
KIT,KIT:359,KIT/359/bend_left09_stageii.npz,train,436,78,68
KIT,KIT:359,KIT/359/bend_left10_stageii.npz,train,461,83,73
KIT,KIT:359,KIT/359/bend_right01_stageii.npz,train,460,83,73
KIT,KIT:359,KIT/359/bend_right02_stageii.npz,train,421,75,65
KIT,KIT:359,KIT/359/bend_right03_stageii.npz,train,445,80,70
KIT,KIT:359,KIT/359/bend_right04_stageii.npz,train,407,72,62
KIT,KIT:359,KIT/359/bend_right05_stageii.npz,train,474,85,75
KIT,KIT:359,KIT/359/bend_right06_stageii.npz,train,484,87,77
KIT,KIT:359,KIT/359/bend_right07_stageii.npz,train,498,90,80
KIT,KIT:359,KIT/359/bend_right08_stageii.npz,train,506,92,82
KIT,KIT:359,KIT/359/bend_right09_stageii.npz,train,438,78,68
KIT,KIT:359,KIT/359/bend_right10_stageii.npz,train,380,67,57
KIT,KIT:359,KIT/359/downstairs01_stageii.npz,train,623,115,105
KIT,KIT:359,KIT/359/downstairs02_stageii.npz,train,621,115,105
KIT,KIT:359,KIT/359/downstairs03_stageii.npz,train,741,139,129
KIT,KIT:359,KIT/359/downstairs04_stageii.npz,train,520,95,85
KIT,KIT:359,KIT/359/downstairs05_stageii.npz,train,592,109,99
KIT,KIT:359,KIT/359/downstairs06_stageii.npz,train,529,96,86
KIT,KIT:359,KIT/359/downstairs07_stageii.npz,train,450,81,71
KIT,KIT:359,KIT/359/downstairs08_stageii.npz,train,550,101,91
KIT,KIT:359,KIT/359/downstairs09_stageii.npz,train,447,80,70
KIT,KIT:359,KIT/359/downstairs10_stageii.npz,train,553,101,91
KIT,KIT:359,KIT/359/go_over_beam01_stageii.npz,train,1027,196,186
KIT,KIT:359,KIT/359/go_over_beam02_stageii.npz,train,856,162,152
KIT,KIT:359,KIT/359/go_over_beam03_stageii.npz,train,950,181,171
KIT,KIT:359,KIT/359/go_over_beam04_stageii.npz,train,1044,199,189
KIT,KIT:359,KIT/359/go_over_beam05_stageii.npz,train,957,182,172
KIT,KIT:359,KIT/359/go_over_beam06_stageii.npz,train,1003,191,181
KIT,KIT:359,KIT/359/go_over_beam07_stageii.npz,train,1004,191,181
KIT,KIT:359,KIT/359/go_over_beam08_stageii.npz,train,996,190,180
KIT,KIT:359,KIT/359/go_over_beam09_stageii.npz,train,1100,211,201
KIT,KIT:359,KIT/359/go_over_beam10_stageii.npz,train,947,180,170
KIT,KIT:359,KIT/359/step_over_gap01_stageii.npz,train,787,148,138
KIT,KIT:359,KIT/359/step_over_gap02_stageii.npz,train,802,151,141
KIT,KIT:359,KIT/359/step_over_gap03_stageii.npz,train,767,144,134
KIT,KIT:359,KIT/359/step_over_gap04_stageii.npz,train,684,127,117
KIT,KIT:359,KIT/359/step_over_gap05_stageii.npz,train,571,105,95
KIT,KIT:359,KIT/359/step_over_gap06_stageii.npz,train,657,122,112
KIT,KIT:359,KIT/359/step_over_gap07_stageii.npz,train,700,131,121
KIT,KIT:359,KIT/359/step_over_gap08_stageii.npz,train,766,144,134
KIT,KIT:359,KIT/359/step_over_gap09_stageii.npz,train,643,119,109
KIT,KIT:359,KIT/359/step_over_gap10_stageii.npz,train,654,121,111
KIT,KIT:359,KIT/359/turn_left01_stageii.npz,train,492,89,79
KIT,KIT:359,KIT/359/turn_left02_stageii.npz,train,504,91,81
KIT,KIT:359,KIT/359/turn_left03_stageii.npz,train,495,90,80
KIT,KIT:359,KIT/359/turn_left04_stageii.npz,train,502,91,81
KIT,KIT:359,KIT/359/turn_left05_stageii.npz,train,598,110,100
KIT,KIT:359,KIT/359/turn_left06_stageii.npz,train,497,90,80
KIT,KIT:359,KIT/359/turn_left07_stageii.npz,train,530,97,87
KIT,KIT:359,KIT/359/turn_left08_stageii.npz,train,499,90,80
KIT,KIT:359,KIT/359/turn_left09_stageii.npz,train,517,94,84
KIT,KIT:359,KIT/359/turn_left10_stageii.npz,train,490,89,79
KIT,KIT:359,KIT/359/turn_right02_stageii.npz,train,566,104,94
KIT,KIT:359,KIT/359/turn_right03_stageii.npz,train,573,105,95
KIT,KIT:359,KIT/359/turn_right04_stageii.npz,train,634,117,107
KIT,KIT:359,KIT/359/turn_right05_stageii.npz,train,475,86,76
KIT,KIT:359,KIT/359/turn_right06_stageii.npz,train,578,106,96
KIT,KIT:359,KIT/359/turn_right07_stageii.npz,train,523,95,85
KIT,KIT:359,KIT/359/turn_right08_stageii.npz,train,548,100,90
KIT,KIT:359,KIT/359/turn_right09_stageii.npz,train,535,98,88
KIT,KIT:359,KIT/359/turn_right10_stageii.npz,train,504,91,81
KIT,KIT:359,KIT/359/upstairs01_stageii.npz,train,709,132,122
KIT,KIT:359,KIT/359/upstairs02_stageii.npz,train,715,134,124
KIT,KIT:359,KIT/359/upstairs03_stageii.npz,train,620,115,105
KIT,KIT:359,KIT/359/upstairs04_stageii.npz,train,677,126,116
KIT,KIT:359,KIT/359/upstairs05_stageii.npz,train,662,123,113
KIT,KIT:359,KIT/359/upstairs06_stageii.npz,train,626,116,106
KIT,KIT:359,KIT/359/upstairs07_stageii.npz,train,714,133,123
KIT,KIT:359,KIT/359/upstairs08_stageii.npz,train,625,116,106
KIT,KIT:359,KIT/359/upstairs09_stageii.npz,train,616,114,104
KIT,KIT:359,KIT/359/upstairs10_stageii.npz,train,647,120,110
KIT,KIT:359,KIT/359/upstairs_downstairs01_stageii.npz,train,953,181,171
KIT,KIT:359,KIT/359/upstairs_downstairs02_stageii.npz,train,1029,196,186
KIT,KIT:359,KIT/359/upstairs_downstairs03_stageii.npz,train,1226,236,226
KIT,KIT:359,KIT/359/upstairs_downstairs04_stageii.npz,train,1250,241,231
KIT,KIT:359,KIT/359/walking_fast01_stageii.npz,train,376,66,56
KIT,KIT:359,KIT/359/walking_fast02_stageii.npz,train,430,77,67
KIT,KIT:359,KIT/359/walking_fast03_stageii.npz,train,411,73,63
KIT,KIT:359,KIT/359/walking_fast04_stageii.npz,train,459,82,72
KIT,KIT:359,KIT/359/walking_fast05_stageii.npz,train,439,78,68
KIT,KIT:359,KIT/359/walking_fast06_stageii.npz,train,418,74,64
KIT,KIT:359,KIT/359/walking_fast07_stageii.npz,train,442,79,69
KIT,KIT:359,KIT/359/walking_fast09_stageii.npz,train,392,69,59
KIT,KIT:359,KIT/359/walking_fast10_stageii.npz,train,442,79,69
KIT,KIT:359,KIT/359/walking_medium01_stageii.npz,train,526,96,86
KIT,KIT:359,KIT/359/walking_medium02_stageii.npz,train,502,91,81
KIT,KIT:359,KIT/359/walking_medium03_stageii.npz,train,527,96,86
KIT,KIT:359,KIT/359/walking_medium04_stageii.npz,train,512,93,83
KIT,KIT:359,KIT/359/walking_medium05_stageii.npz,train,521,95,85
KIT,KIT:359,KIT/359/walking_medium06_stageii.npz,train,407,72,62
KIT,KIT:359,KIT/359/walking_medium07_stageii.npz,train,486,88,78
KIT,KIT:359,KIT/359/walking_medium08_stageii.npz,train,519,94,84
KIT,KIT:359,KIT/359/walking_medium09_stageii.npz,train,463,83,73
KIT,KIT:359,KIT/359/walking_medium10_stageii.npz,train,517,94,84
KIT,KIT:359,KIT/359/walking_run01_stageii.npz,train,552,101,91
KIT,KIT:359,KIT/359/walking_run04_stageii.npz,train,652,121,111
KIT,KIT:359,KIT/359/walking_run05_stageii.npz,train,628,116,106
KIT,KIT:359,KIT/359/walking_run06_stageii.npz,train,516,94,84
KIT,KIT:359,KIT/359/walking_run07_stageii.npz,train,502,91,81
KIT,KIT:359,KIT/359/walking_run08_stageii.npz,train,497,90,80
KIT,KIT:359,KIT/359/walking_run09_stageii.npz,train,454,81,71
KIT,KIT:359,KIT/359/walking_slow01_stageii.npz,train,721,135,125
KIT,KIT:359,KIT/359/walking_slow02_stageii.npz,train,728,136,126
KIT,KIT:359,KIT/359/walking_slow03_stageii.npz,train,630,117,107
KIT,KIT:359,KIT/359/walking_slow04_stageii.npz,train,627,116,106
KIT,KIT:359,KIT/359/walking_slow05_stageii.npz,train,654,121,111
KIT,KIT:359,KIT/359/walking_slow06_stageii.npz,train,535,98,88
KIT,KIT:359,KIT/359/walking_slow07_stageii.npz,train,559,102,92
KIT,KIT:359,KIT/359/walking_slow08_stageii.npz,train,579,106,96
KIT,KIT:359,KIT/359/walking_slow09_stageii.npz,train,620,115,105
KIT,KIT:359,KIT/359/walking_slow10_stageii.npz,train,707,132,122
KIT,KIT:378,KIT/378/push_recovery_back01_stageii.npz,train,401,71,61
KIT,KIT:378,KIT/378/push_recovery_back02_stageii.npz,train,351,61,51
KIT,KIT:378,KIT/378/push_recovery_back04_stageii.npz,train,351,61,51
KIT,KIT:378,KIT/378/push_recovery_back05_stageii.npz,train,326,56,46
KIT,KIT:378,KIT/378/push_recovery_back06_stageii.npz,train,351,61,51
KIT,KIT:378,KIT/378/push_recovery_back07_stageii.npz,train,351,61,51
KIT,KIT:378,KIT/378/push_recovery_back08_stageii.npz,train,351,61,51
KIT,KIT:378,KIT/378/push_recovery_back09_stageii.npz,train,326,56,46
KIT,KIT:378,KIT/378/push_recovery_back10_stageii.npz,train,351,61,51
KIT,KIT:378,KIT/378/push_recovery_front01_stageii.npz,train,901,171,161
KIT,KIT:378,KIT/378/push_recovery_front02_stageii.npz,train,651,121,111
KIT,KIT:378,KIT/378/push_recovery_front03_stageii.npz,train,667,124,114
KIT,KIT:378,KIT/378/push_recovery_front04_stageii.npz,train,701,131,121
KIT,KIT:378,KIT/378/push_recovery_front05_stageii.npz,train,701,131,121
KIT,KIT:378,KIT/378/push_recovery_front06_stageii.npz,train,565,104,94
KIT,KIT:378,KIT/378/push_recovery_front07_stageii.npz,train,701,131,121
KIT,KIT:378,KIT/378/push_recovery_front08_stageii.npz,train,610,113,103
KIT,KIT:378,KIT/378/push_recovery_front09_stageii.npz,train,701,131,121
KIT,KIT:378,KIT/378/push_recovery_left01_stageii.npz,train,1130,217,207
KIT,KIT:378,KIT/378/push_recovery_left02_stageii.npz,train,602,111,101
KIT,KIT:378,KIT/378/push_recovery_left03_stageii.npz,train,692,129,119
KIT,KIT:378,KIT/378/push_recovery_left04_stageii.npz,train,616,114,104
KIT,KIT:378,KIT/378/push_recovery_left05_stageii.npz,train,602,111,101
KIT,KIT:378,KIT/378/push_recovery_left06_stageii.npz,train,651,121,111
KIT,KIT:378,KIT/378/push_recovery_left07_stageii.npz,train,651,121,111
KIT,KIT:378,KIT/378/push_recovery_left08_stageii.npz,train,601,111,101
KIT,KIT:378,KIT/378/push_recovery_left09_stageii.npz,train,601,111,101
KIT,KIT:378,KIT/378/push_recovery_left10_stageii.npz,train,650,121,111
KIT,KIT:378,KIT/378/push_recovery_right01_stageii.npz,train,701,131,121
KIT,KIT:378,KIT/378/push_recovery_right02_stageii.npz,train,701,131,121
KIT,KIT:378,KIT/378/push_recovery_right03_stageii.npz,train,701,131,121
KIT,KIT:378,KIT/378/push_recovery_right04_stageii.npz,train,701,131,121
KIT,KIT:378,KIT/378/push_recovery_right05_stageii.npz,train,651,121,111
KIT,KIT:378,KIT/378/push_recovery_right06_stageii.npz,train,652,121,111
KIT,KIT:378,KIT/378/push_recovery_right07_stageii.npz,train,626,116,106
KIT,KIT:378,KIT/378/push_recovery_right08_stageii.npz,train,601,111,101
KIT,KIT:378,KIT/378/push_recovery_right09_stageii.npz,train,642,119,109
KIT,KIT:378,KIT/378/push_recovery_right10_stageii.npz,train,651,121,111
KIT,KIT:378,KIT/378/push_recovery_stand_back01_stageii.npz,train,311,53,43
KIT,KIT:378,KIT/378/push_recovery_stand_back02_stageii.npz,train,400,71,61
KIT,KIT:378,KIT/378/push_recovery_stand_back03_stageii.npz,train,301,51,41
KIT,KIT:378,KIT/378/push_recovery_stand_back04_stageii.npz,train,351,61,51
KIT,KIT:378,KIT/378/push_recovery_stand_back05_stageii.npz,train,401,71,61
KIT,KIT:378,KIT/378/push_recovery_stand_back06_stageii.npz,train,351,61,51
KIT,KIT:378,KIT/378/push_recovery_stand_back07_stageii.npz,train,401,71,61
KIT,KIT:378,KIT/378/push_recovery_stand_back08_stageii.npz,train,401,71,61
KIT,KIT:378,KIT/378/push_recovery_stand_back09_stageii.npz,train,401,71,61
KIT,KIT:378,KIT/378/push_recovery_stand_back10_stageii.npz,train,401,71,61
KIT,KIT:378,KIT/378/push_recovery_stand_front01_stageii.npz,train,351,61,51
KIT,KIT:378,KIT/378/push_recovery_stand_front02_stageii.npz,train,331,57,47
KIT,KIT:378,KIT/378/push_recovery_stand_front03_stageii.npz,train,401,71,61
KIT,KIT:378,KIT/378/push_recovery_stand_front04_stageii.npz,train,331,57,47
KIT,KIT:378,KIT/378/push_recovery_stand_front05_stageii.npz,train,376,66,56
KIT,KIT:378,KIT/378/push_recovery_stand_front06_stageii.npz,train,376,66,56
KIT,KIT:378,KIT/378/push_recovery_stand_front07_stageii.npz,train,376,66,56
KIT,KIT:378,KIT/378/push_recovery_stand_front08_stageii.npz,train,401,71,61
KIT,KIT:378,KIT/378/push_recovery_stand_front09_stageii.npz,train,355,62,52
KIT,KIT:378,KIT/378/push_recovery_stand_front10_stageii.npz,train,401,71,61
KIT,KIT:378,KIT/378/push_recovery_stand_left01_stageii.npz,train,373,65,55
KIT,KIT:378,KIT/378/push_recovery_stand_left02_stageii.npz,train,401,71,61
KIT,KIT:378,KIT/378/push_recovery_stand_left03_stageii.npz,train,401,71,61
KIT,KIT:378,KIT/378/push_recovery_stand_left04_stageii.npz,train,351,61,51
KIT,KIT:378,KIT/378/push_recovery_stand_left05_stageii.npz,train,376,66,56
KIT,KIT:378,KIT/378/push_recovery_stand_left06_stageii.npz,train,351,61,51
KIT,KIT:378,KIT/378/push_recovery_stand_left07_stageii.npz,train,401,71,61
KIT,KIT:378,KIT/378/push_recovery_stand_left08_stageii.npz,train,311,53,43
KIT,KIT:378,KIT/378/push_recovery_stand_left09_stageii.npz,train,331,57,47
KIT,KIT:378,KIT/378/push_recovery_stand_left10_stageii.npz,train,351,61,51
KIT,KIT:378,KIT/378/push_recovery_stand_right01_stageii.npz,train,302,51,41
KIT,KIT:378,KIT/378/push_recovery_stand_right02_stageii.npz,train,275,46,36
KIT,KIT:378,KIT/378/push_recovery_stand_right03_stageii.npz,train,302,51,41
KIT,KIT:378,KIT/378/push_recovery_stand_right04_stageii.npz,train,260,43,33
KIT,KIT:378,KIT/378/push_recovery_stand_right05_stageii.npz,train,460,83,73
KIT,KIT:378,KIT/378/push_recovery_stand_right06_stageii.npz,train,410,73,63
KIT,KIT:378,KIT/378/push_recovery_stand_right07_stageii.npz,train,369,64,54
KIT,KIT:378,KIT/378/push_recovery_stand_right08_stageii.npz,train,452,81,71
KIT,KIT:378,KIT/378/push_recovery_stand_right09_stageii.npz,train,670,125,115
KIT,KIT:378,KIT/378/push_recovery_stand_right10_stageii.npz,train,530,97,87
KIT,KIT:379,KIT/379/push_recovery_back02_stageii.npz,val,426,76,66
KIT,KIT:379,KIT/379/push_recovery_back03_stageii.npz,val,401,71,61
KIT,KIT:379,KIT/379/push_recovery_back04_stageii.npz,val,376,66,56
KIT,KIT:379,KIT/379/push_recovery_back05_stageii.npz,val,426,76,66
KIT,KIT:379,KIT/379/push_recovery_back06_stageii.npz,val,377,66,56
KIT,KIT:379,KIT/379/push_recovery_back07_stageii.npz,val,401,71,61
KIT,KIT:379,KIT/379/push_recovery_back08_stageii.npz,val,326,56,46
KIT,KIT:379,KIT/379/push_recovery_back09_stageii.npz,val,401,71,61
KIT,KIT:379,KIT/379/push_recovery_back10_stageii.npz,val,401,71,61
KIT,KIT:379,KIT/379/push_recovery_front01_stageii.npz,val,400,71,61
KIT,KIT:379,KIT/379/push_recovery_front03_stageii.npz,val,601,111,101
KIT,KIT:379,KIT/379/push_recovery_front04_stageii.npz,val,649,120,110
KIT,KIT:379,KIT/379/push_recovery_front05_stageii.npz,val,536,98,88
KIT,KIT:379,KIT/379/push_recovery_front06_stageii.npz,val,601,111,101
KIT,KIT:379,KIT/379/push_recovery_front07_stageii.npz,val,500,91,81
KIT,KIT:379,KIT/379/push_recovery_front08_stageii.npz,val,599,110,100
KIT,KIT:379,KIT/379/push_recovery_front09_stageii.npz,val,601,111,101
KIT,KIT:379,KIT/379/push_recovery_front10_stageii.npz,val,626,116,106
KIT,KIT:379,KIT/379/push_recovery_left02_stageii.npz,val,701,131,121
KIT,KIT:379,KIT/379/push_recovery_left03_stageii.npz,val,601,111,101
KIT,KIT:379,KIT/379/push_recovery_left04_stageii.npz,val,601,111,101
KIT,KIT:379,KIT/379/push_recovery_left05_stageii.npz,val,651,121,111
KIT,KIT:379,KIT/379/push_recovery_left06_stageii.npz,val,501,91,81
KIT,KIT:379,KIT/379/push_recovery_left07_stageii.npz,val,601,111,101
KIT,KIT:379,KIT/379/push_recovery_left08_stageii.npz,val,576,106,96
KIT,KIT:379,KIT/379/push_recovery_left09_stageii.npz,val,625,116,106
KIT,KIT:379,KIT/379/push_recovery_left10_stageii.npz,val,501,91,81
KIT,KIT:379,KIT/379/push_recovery_right02_stageii.npz,val,507,92,82
KIT,KIT:379,KIT/379/push_recovery_right03_stageii.npz,val,601,111,101
KIT,KIT:379,KIT/379/push_recovery_right04_stageii.npz,val,476,86,76
KIT,KIT:379,KIT/379/push_recovery_right05_stageii.npz,val,602,111,101
KIT,KIT:379,KIT/379/push_recovery_right06_stageii.npz,val,701,131,121
KIT,KIT:379,KIT/379/push_recovery_right07_stageii.npz,val,601,111,101
KIT,KIT:379,KIT/379/push_recovery_right08_stageii.npz,val,601,111,101
KIT,KIT:379,KIT/379/push_recovery_right09_stageii.npz,val,451,81,71
KIT,KIT:379,KIT/379/push_recovery_right10_stageii.npz,val,500,91,81
KIT,KIT:379,KIT/379/push_recovery_right11_stageii.npz,val,501,91,81
KIT,KIT:379,KIT/379/push_recovery_stand_back01_stageii.npz,val,402,71,61
KIT,KIT:379,KIT/379/push_recovery_stand_back02_stageii.npz,val,351,61,51
KIT,KIT:379,KIT/379/push_recovery_stand_back03_stageii.npz,val,301,51,41
KIT,KIT:379,KIT/379/push_recovery_stand_back04_stageii.npz,val,350,61,51
KIT,KIT:379,KIT/379/push_recovery_stand_back05_stageii.npz,val,253,41,31
KIT,KIT:379,KIT/379/push_recovery_stand_back06_stageii.npz,val,276,46,36
KIT,KIT:379,KIT/379/push_recovery_stand_back07_stageii.npz,val,301,51,41
KIT,KIT:379,KIT/379/push_recovery_stand_back08_stageii.npz,val,301,51,41
KIT,KIT:379,KIT/379/push_recovery_stand_back09_stageii.npz,val,301,51,41
KIT,KIT:379,KIT/379/push_recovery_stand_back10_stageii.npz,val,261,43,33
KIT,KIT:379,KIT/379/push_recovery_stand_front01_stageii.npz,val,351,61,51
KIT,KIT:379,KIT/379/push_recovery_stand_front02_stageii.npz,val,351,61,51
KIT,KIT:379,KIT/379/push_recovery_stand_front04_stageii.npz,val,326,56,46
KIT,KIT:379,KIT/379/push_recovery_stand_front05_stageii.npz,val,301,51,41
KIT,KIT:379,KIT/379/push_recovery_stand_front06_stageii.npz,val,476,86,76
KIT,KIT:379,KIT/379/push_recovery_stand_front07_stageii.npz,val,351,61,51
KIT,KIT:379,KIT/379/push_recovery_stand_front08_stageii.npz,val,351,61,51
KIT,KIT:379,KIT/379/push_recovery_stand_front09_stageii.npz,val,301,51,41
KIT,KIT:379,KIT/379/push_recovery_stand_front10_stageii.npz,val,301,51,41
KIT,KIT:379,KIT/379/push_recovery_stand_left01_stageii.npz,val,451,81,71
KIT,KIT:379,KIT/379/push_recovery_stand_left02_stageii.npz,val,401,71,61
KIT,KIT:379,KIT/379/push_recovery_stand_left03_stageii.npz,val,401,71,61
KIT,KIT:379,KIT/379/push_recovery_stand_left04_stageii.npz,val,451,81,71
KIT,KIT:379,KIT/379/push_recovery_stand_left05_stageii.npz,val,351,61,51
KIT,KIT:379,KIT/379/push_recovery_stand_left06_stageii.npz,val,351,61,51
KIT,KIT:379,KIT/379/push_recovery_stand_left07_stageii.npz,val,351,61,51
KIT,KIT:379,KIT/379/push_recovery_stand_left08_stageii.npz,val,301,51,41
KIT,KIT:379,KIT/379/push_recovery_stand_left09_stageii.npz,val,390,69,59
KIT,KIT:379,KIT/379/push_recovery_stand_left10_stageii.npz,val,276,46,36
KIT,KIT:379,KIT/379/push_recovery_stand_right01_stageii.npz,val,551,101,91
KIT,KIT:379,KIT/379/push_recovery_stand_right02_stageii.npz,val,351,61,51
KIT,KIT:379,KIT/379/push_recovery_stand_right03_stageii.npz,val,351,61,51
KIT,KIT:379,KIT/379/push_recovery_stand_right04_stageii.npz,val,266,44,34
KIT,KIT:379,KIT/379/push_recovery_stand_right05_stageii.npz,val,456,82,72
KIT,KIT:379,KIT/379/push_recovery_stand_right06_stageii.npz,val,301,51,41
KIT,KIT:379,KIT/379/push_recovery_stand_right07_stageii.npz,val,351,61,51
KIT,KIT:379,KIT/379/push_recovery_stand_right08_stageii.npz,val,401,71,61
KIT,KIT:379,KIT/379/push_recovery_stand_right09_stageii.npz,val,326,56,46
KIT,KIT:379,KIT/379/push_recovery_stand_right10_stageii.npz,val,351,61,51
KIT,KIT:379,KIT/379/push_recovery_stand_right11_stageii.npz,val,337,58,48
KIT,KIT:4,KIT/4/RightTurn01_stageii.npz,test,524,95,85
KIT,KIT:4,KIT/4/RightTurn03_stageii.npz,test,487,88,78
KIT,KIT:4,KIT/4/RightTurn04_stageii.npz,test,555,102,92
KIT,KIT:4,KIT/4/RightTurn05_stageii.npz,test,540,99,89
KIT,KIT:4,KIT/4/RightTurn06_stageii.npz,test,474,85,75
KIT,KIT:4,KIT/4/RightTurn07_stageii.npz,test,514,93,83
KIT,KIT:4,KIT/4/RightTurn08_stageii.npz,test,538,98,88
KIT,KIT:4,KIT/4/RightTurn09_stageii.npz,test,482,87,77
KIT,KIT:4,KIT/4/RightTurn10_stageii.npz,test,512,93,83
KIT,KIT:4,KIT/4/WalkInClockwiseCircle01_stageii.npz,test,633,117,107
KIT,KIT:4,KIT/4/WalkInClockwiseCircle02_stageii.npz,test,767,144,134
KIT,KIT:4,KIT/4/WalkInClockwiseCircle03_stageii.npz,test,764,143,133
KIT,KIT:4,KIT/4/WalkInClockwiseCircle04_stageii.npz,test,764,143,133
KIT,KIT:4,KIT/4/WalkInClockwiseCircle05_stageii.npz,test,774,145,135
KIT,KIT:4,KIT/4/WalkInClockwiseCircle06_stageii.npz,test,829,156,146
KIT,KIT:4,KIT/4/WalkInClockwiseCircle07_stageii.npz,test,806,152,142
KIT,KIT:4,KIT/4/WalkInClockwiseCircle08_stageii.npz,test,829,156,146
KIT,KIT:4,KIT/4/WalkInClockwiseCircle09_stageii.npz,test,726,136,126
KIT,KIT:4,KIT/4/WalkInClockwiseCircle10_stageii.npz,test,778,146,136
KIT,KIT:4,KIT/4/WalkInCounterClockwiseCircle01_stageii.npz,test,909,172,162
KIT,KIT:4,KIT/4/WalkInCounterClockwiseCircle02_stageii.npz,test,896,170,160
KIT,KIT:4,KIT/4/WalkInCounterClockwiseCircle03_stageii.npz,test,785,148,138
KIT,KIT:4,KIT/4/WalkInCounterClockwiseCircle04_stageii.npz,test,846,160,150
KIT,KIT:4,KIT/4/WalkInCounterClockwiseCircle06_stageii.npz,test,844,159,149
KIT,KIT:4,KIT/4/WalkInCounterClockwiseCircle07_stageii.npz,test,764,143,133
KIT,KIT:4,KIT/4/WalkInCounterClockwiseCircle08_stageii.npz,test,860,163,153
KIT,KIT:4,KIT/4/WalkInCounterClockwiseCircle09_stageii.npz,test,743,139,129
KIT,KIT:4,KIT/4/WalkInCounterClockwiseCircle10_stageii.npz,test,613,113,103
KIT,KIT:4,KIT/4/WalkingStraightBackwards01_stageii.npz,test,624,115,105
KIT,KIT:4,KIT/4/WalkingStraightBackwards02_stageii.npz,test,551,101,91
KIT,KIT:4,KIT/4/WalkingStraightBackwards03_stageii.npz,test,639,118,108
KIT,KIT:4,KIT/4/WalkingStraightBackwards04_stageii.npz,test,566,104,94
KIT,KIT:4,KIT/4/WalkingStraightBackwards05_stageii.npz,test,544,99,89
KIT,KIT:4,KIT/4/WalkingStraightBackwards06_stageii.npz,test,588,108,98
KIT,KIT:4,KIT/4/WalkingStraightBackwards07_stageii.npz,test,540,99,89
KIT,KIT:4,KIT/4/WalkingStraightBackwards08_stageii.npz,test,441,79,69
KIT,KIT:4,KIT/4/WalkingStraightBackwards09_stageii.npz,test,552,101,91
KIT,KIT:4,KIT/4/WalkingStraightForward01_stageii.npz,test,378,66,56
KIT,KIT:4,KIT/4/WalkingStraightForward02_stageii.npz,test,531,97,87
KIT,KIT:4,KIT/4/WalkingStraightForward03_stageii.npz,test,569,104,94
KIT,KIT:4,KIT/4/WalkingStraightForward04_stageii.npz,test,566,104,94
KIT,KIT:4,KIT/4/WalkingStraightForward05_stageii.npz,test,589,108,98
KIT,KIT:4,KIT/4/WalkingStraightForward06_stageii.npz,test,616,114,104
KIT,KIT:4,KIT/4/WalkingStraightForward07_stageii.npz,test,580,107,97
KIT,KIT:4,KIT/4/WalkingStraightForward08_stageii.npz,test,620,115,105
KIT,KIT:4,KIT/4/WalkingStraightForward09_stageii.npz,test,630,117,107
KIT,KIT:423,KIT/423/downstairs01_stageii.npz,train,521,95,85
KIT,KIT:423,KIT/423/downstairs02_stageii.npz,train,594,109,99
KIT,KIT:423,KIT/423/downstairs03_stageii.npz,train,562,103,93
KIT,KIT:423,KIT/423/downstairs04_stageii.npz,train,599,110,100
KIT,KIT:423,KIT/423/downstairs05_stageii.npz,train,553,101,91
KIT,KIT:423,KIT/423/downstairs06_stageii.npz,train,635,118,108
KIT,KIT:423,KIT/423/downstairs07_stageii.npz,train,658,122,112
KIT,KIT:423,KIT/423/downstairs08_stageii.npz,train,686,128,118
KIT,KIT:423,KIT/423/downstairs09_stageii.npz,train,602,111,101
KIT,KIT:423,KIT/423/downstairs10_stageii.npz,train,564,103,93
KIT,KIT:423,KIT/423/go_over_beam01_stageii.npz,train,754,141,131
KIT,KIT:423,KIT/423/go_over_beam02_stageii.npz,train,685,128,118
KIT,KIT:423,KIT/423/go_over_beam03_stageii.npz,train,610,113,103
KIT,KIT:423,KIT/423/go_over_beam04_stageii.npz,train,893,169,159
KIT,KIT:423,KIT/423/go_over_beam05_stageii.npz,train,773,145,135
KIT,KIT:423,KIT/423/go_over_beam06_stageii.npz,train,851,161,151
KIT,KIT:423,KIT/423/go_over_beam07_stageii.npz,train,654,121,111
KIT,KIT:423,KIT/423/go_over_beam08_stageii.npz,train,789,148,138
KIT,KIT:423,KIT/423/go_over_beam09_stageii.npz,train,745,140,130
KIT,KIT:423,KIT/423/go_over_beam10_stageii.npz,train,849,160,150
KIT,KIT:423,KIT/423/upstairs01_stageii.npz,train,732,137,127
KIT,KIT:423,KIT/423/upstairs02_stageii.npz,train,874,165,155
KIT,KIT:423,KIT/423/upstairs04_stageii.npz,train,716,134,124
KIT,KIT:423,KIT/423/upstairs05_stageii.npz,train,511,93,83
KIT,KIT:423,KIT/423/upstairs07_stageii.npz,train,569,104,94
KIT,KIT:423,KIT/423/upstairs08_stageii.npz,train,537,98,88
KIT,KIT:423,KIT/423/upstairs09_stageii.npz,train,574,105,95
KIT,KIT:423,KIT/423/upstairs10_stageii.npz,train,555,102,92
KIT,KIT:423,KIT/423/upstairs_downstairs01_stageii.npz,train,959,182,172
KIT,KIT:423,KIT/423/upstairs_downstairs02_stageii.npz,train,930,177,167
KIT,KIT:423,KIT/423/upstairs_downstairs03_stageii.npz,train,1090,209,199
KIT,KIT:423,KIT/423/upstairs_downstairs04_stageii.npz,train,1089,208,198
KIT,KIT:423,KIT/423/upstairs_downstairs05_stageii.npz,train,1042,199,189
KIT,KIT:423,KIT/423/upstairs_downstairs06_stageii.npz,train,1107,212,202
KIT,KIT:424,KIT/424/bend_left01_stageii.npz,train,580,107,97
KIT,KIT:424,KIT/424/bend_left02_stageii.npz,train,479,86,76
KIT,KIT:424,KIT/424/bend_left03_stageii.npz,train,687,128,118
KIT,KIT:424,KIT/424/bend_left04_stageii.npz,train,405,72,62
KIT,KIT:424,KIT/424/bend_left05_stageii.npz,train,670,125,115
KIT,KIT:424,KIT/424/bend_left06_stageii.npz,train,435,78,68
KIT,KIT:424,KIT/424/bend_left07_stageii.npz,train,615,114,104
KIT,KIT:424,KIT/424/bend_left08_stageii.npz,train,532,97,87
KIT,KIT:424,KIT/424/bend_left09_stageii.npz,train,580,107,97
KIT,KIT:424,KIT/424/bend_left10_stageii.npz,train,596,110,100
KIT,KIT:424,KIT/424/bend_right01_stageii.npz,train,615,114,104
KIT,KIT:424,KIT/424/bend_right02_stageii.npz,train,613,113,103
KIT,KIT:424,KIT/424/bend_right03_stageii.npz,train,614,113,103
KIT,KIT:424,KIT/424/bend_right04_stageii.npz,train,539,98,88
KIT,KIT:424,KIT/424/bend_right05_stageii.npz,train,598,110,100
KIT,KIT:424,KIT/424/bend_right06_stageii.npz,train,533,97,87
KIT,KIT:424,KIT/424/bend_right07_stageii.npz,train,601,111,101
KIT,KIT:424,KIT/424/bend_right08_stageii.npz,train,855,162,152
KIT,KIT:424,KIT/424/bend_right09_stageii.npz,train,598,110,100
KIT,KIT:424,KIT/424/bend_right10_stageii.npz,train,620,115,105
KIT,KIT:424,KIT/424/downstairs01_stageii.npz,train,826,156,146
KIT,KIT:424,KIT/424/downstairs02_stageii.npz,train,747,140,130
KIT,KIT:424,KIT/424/downstairs03_stageii.npz,train,459,82,72
KIT,KIT:424,KIT/424/downstairs04_stageii.npz,train,526,96,86
KIT,KIT:424,KIT/424/downstairs05_stageii.npz,train,428,76,66
KIT,KIT:424,KIT/424/downstairs06_stageii.npz,train,663,123,113
KIT,KIT:424,KIT/424/downstairs07_stageii.npz,train,536,98,88
KIT,KIT:424,KIT/424/downstairs08_stageii.npz,train,612,113,103
KIT,KIT:424,KIT/424/downstairs09_stageii.npz,train,546,100,90
KIT,KIT:424,KIT/424/downstairs10_stageii.npz,train,680,127,117
KIT,KIT:424,KIT/424/parkour01_stageii.npz,train,1063,203,193
KIT,KIT:424,KIT/424/parkour02_stageii.npz,train,1490,289,279
KIT,KIT:424,KIT/424/parkour03_stageii.npz,train,1377,266,256
KIT,KIT:424,KIT/424/parkour04_stageii.npz,train,1403,271,261
KIT,KIT:424,KIT/424/parkour05_stageii.npz,train,1389,268,258
KIT,KIT:424,KIT/424/parkour06_stageii.npz,train,1171,225,215
KIT,KIT:424,KIT/424/parkour07_stageii.npz,train,1288,248,238
KIT,KIT:424,KIT/424/parkour08_stageii.npz,train,1121,215,205
KIT,KIT:424,KIT/424/parkour09_stageii.npz,train,1191,229,219
KIT,KIT:424,KIT/424/parkour10_stageii.npz,train,1009,192,182
KIT,KIT:424,KIT/424/run01_stageii.npz,train,108,12,2
KIT,KIT:424,KIT/424/run02_stageii.npz,train,110,13,3
KIT,KIT:424,KIT/424/run03_stageii.npz,train,106,12,2
KIT,KIT:424,KIT/424/run04_stageii.npz,train,88,8,0
KIT,KIT:424,KIT/424/run05_stageii.npz,train,82,7,0
KIT,KIT:424,KIT/424/seesaw01_stageii.npz,train,875,166,156
KIT,KIT:424,KIT/424/seesaw02_stageii.npz,train,803,151,141
KIT,KIT:424,KIT/424/seesaw03_stageii.npz,train,733,137,127
KIT,KIT:424,KIT/424/seesaw04_stageii.npz,train,819,154,144
KIT,KIT:424,KIT/424/seesaw05_stageii.npz,train,814,153,143
KIT,KIT:424,KIT/424/seesaw06_stageii.npz,train,716,134,124
KIT,KIT:424,KIT/424/seesaw07_stageii.npz,train,675,126,116
KIT,KIT:424,KIT/424/seesaw08_stageii.npz,train,632,117,107
KIT,KIT:424,KIT/424/seesaw09_stageii.npz,train,600,111,101
KIT,KIT:424,KIT/424/seesaw10_stageii.npz,train,601,111,101
KIT,KIT:424,KIT/424/seesaw_backwards01_stageii.npz,train,724,135,125
KIT,KIT:424,KIT/424/seesaw_backwards02_stageii.npz,train,872,165,155
KIT,KIT:424,KIT/424/seesaw_backwards03_stageii.npz,train,876,166,156
KIT,KIT:424,KIT/424/seesaw_backwards04_stageii.npz,train,830,157,147
KIT,KIT:424,KIT/424/seesaw_backwards05_stageii.npz,train,872,165,155
KIT,KIT:424,KIT/424/seesaw_backwards06_stageii.npz,train,1030,197,187
KIT,KIT:424,KIT/424/seesaw_backwards07_stageii.npz,train,941,179,169
KIT,KIT:424,KIT/424/seesaw_backwards08_stageii.npz,train,1068,204,194
KIT,KIT:424,KIT/424/seesaw_backwards09_stageii.npz,train,1004,191,181
KIT,KIT:424,KIT/424/seesaw_backwards10_stageii.npz,train,1047,200,190
KIT,KIT:424,KIT/424/step_over_gap01_stageii.npz,train,625,116,106
KIT,KIT:424,KIT/424/step_over_gap02_stageii.npz,train,607,112,102
KIT,KIT:424,KIT/424/step_over_gap03_stageii.npz,train,646,120,110
KIT,KIT:424,KIT/424/step_over_gap04_stageii.npz,train,627,116,106
KIT,KIT:424,KIT/424/step_over_gap05_stageii.npz,train,520,95,85
KIT,KIT:424,KIT/424/step_over_gap06_stageii.npz,train,594,109,99
KIT,KIT:424,KIT/424/step_over_gap07_stageii.npz,train,519,94,84
KIT,KIT:424,KIT/424/step_over_gap08_stageii.npz,train,543,99,89
KIT,KIT:424,KIT/424/step_over_gap09_stageii.npz,train,474,85,75
KIT,KIT:424,KIT/424/step_over_gap10_stageii.npz,train,523,95,85
KIT,KIT:424,KIT/424/step_stones01_stageii.npz,train,1418,274,264
KIT,KIT:424,KIT/424/step_stones02_stageii.npz,train,952,181,171
KIT,KIT:424,KIT/424/step_stones03_stageii.npz,train,1184,227,217
KIT,KIT:424,KIT/424/step_stones04_stageii.npz,train,1224,235,225
KIT,KIT:424,KIT/424/step_stones05_stageii.npz,train,866,164,154
KIT,KIT:424,KIT/424/step_stones06_stageii.npz,train,1105,212,202
KIT,KIT:424,KIT/424/step_stones07_stageii.npz,train,1125,216,206
KIT,KIT:424,KIT/424/step_stones08_stageii.npz,train,719,134,124
KIT,KIT:424,KIT/424/step_stones09_stageii.npz,train,613,113,103
KIT,KIT:424,KIT/424/step_stones10_stageii.npz,train,790,149,139
KIT,KIT:424,KIT/424/turn_left01_stageii.npz,train,513,93,83
KIT,KIT:424,KIT/424/turn_left02_stageii.npz,train,490,89,79
KIT,KIT:424,KIT/424/turn_left03_stageii.npz,train,655,122,112
KIT,KIT:424,KIT/424/turn_left04_stageii.npz,train,635,118,108
KIT,KIT:424,KIT/424/turn_left05_stageii.npz,train,717,134,124
KIT,KIT:424,KIT/424/turn_left06_stageii.npz,train,717,134,124
KIT,KIT:424,KIT/424/turn_left07_stageii.npz,train,723,135,125
KIT,KIT:424,KIT/424/turn_left08_stageii.npz,train,591,109,99
KIT,KIT:424,KIT/424/turn_left09_stageii.npz,train,617,114,104
KIT,KIT:424,KIT/424/turn_left10_stageii.npz,train,642,119,109
KIT,KIT:424,KIT/424/turn_right01_stageii.npz,train,641,119,109
KIT,KIT:424,KIT/424/turn_right02_stageii.npz,train,515,94,84
KIT,KIT:424,KIT/424/turn_right03_stageii.npz,train,565,104,94
KIT,KIT:424,KIT/424/turn_right04_stageii.npz,train,570,105,95
KIT,KIT:424,KIT/424/turn_right05_stageii.npz,train,587,108,98
KIT,KIT:424,KIT/424/turn_right06_stageii.npz,train,600,111,101
KIT,KIT:424,KIT/424/turn_right07_stageii.npz,train,650,121,111
KIT,KIT:424,KIT/424/turn_right08_stageii.npz,train,608,112,102
KIT,KIT:424,KIT/424/turn_right09_stageii.npz,train,611,113,103
KIT,KIT:424,KIT/424/turn_right10_stageii.npz,train,580,107,97
KIT,KIT:424,KIT/424/upstairs01_stageii.npz,train,837,158,148
KIT,KIT:424,KIT/424/upstairs02_stageii.npz,train,615,114,104
KIT,KIT:424,KIT/424/upstairs03_stageii.npz,train,669,124,114
KIT,KIT:424,KIT/424/upstairs04_stageii.npz,train,689,128,118
KIT,KIT:424,KIT/424/upstairs05_stageii.npz,train,698,130,120
KIT,KIT:424,KIT/424/upstairs06_stageii.npz,train,619,114,104
KIT,KIT:424,KIT/424/upstairs07_stageii.npz,train,524,95,85
KIT,KIT:424,KIT/424/upstairs08_stageii.npz,train,581,107,97
KIT,KIT:424,KIT/424/upstairs09_stageii.npz,train,570,105,95
KIT,KIT:424,KIT/424/upstairs10_stageii.npz,train,630,117,107
KIT,KIT:424,KIT/424/upstairs_downstairs01_stageii.npz,train,1089,208,198
KIT,KIT:424,KIT/424/upstairs_downstairs02_stageii.npz,train,1101,211,201
KIT,KIT:424,KIT/424/upstairs_downstairs03_stageii.npz,train,870,165,155
KIT,KIT:424,KIT/424/upstairs_downstairs04_stageii.npz,train,1011,193,183
KIT,KIT:424,KIT/424/walking_fast01_stageii.npz,train,494,89,79
KIT,KIT:424,KIT/424/walking_fast02_stageii.npz,train,592,109,99
KIT,KIT:424,KIT/424/walking_fast03_stageii.npz,train,547,100,90
KIT,KIT:424,KIT/424/walking_fast04_stageii.npz,train,664,123,113
KIT,KIT:424,KIT/424/walking_fast05_stageii.npz,train,371,65,55
KIT,KIT:424,KIT/424/walking_fast06_stageii.npz,train,545,100,90
KIT,KIT:424,KIT/424/walking_fast07_stageii.npz,train,426,76,66
KIT,KIT:424,KIT/424/walking_fast08_stageii.npz,train,497,90,80
KIT,KIT:424,KIT/424/walking_fast09_stageii.npz,train,365,64,54
KIT,KIT:424,KIT/424/walking_fast10_stageii.npz,train,434,77,67
KIT,KIT:424,KIT/424/walking_medium01_stageii.npz,train,700,131,121
KIT,KIT:424,KIT/424/walking_medium02_stageii.npz,train,631,117,107
KIT,KIT:424,KIT/424/walking_medium03_stageii.npz,train,575,106,96
KIT,KIT:424,KIT/424/walking_medium04_stageii.npz,train,612,113,103
KIT,KIT:424,KIT/424/walking_medium05_stageii.npz,train,590,109,99
KIT,KIT:424,KIT/424/walking_medium06_stageii.npz,train,578,106,96
KIT,KIT:424,KIT/424/walking_medium07_stageii.npz,train,566,104,94
KIT,KIT:424,KIT/424/walking_medium08_stageii.npz,train,495,90,80
KIT,KIT:424,KIT/424/walking_medium09_stageii.npz,train,596,110,100
KIT,KIT:424,KIT/424/walking_medium10_stageii.npz,train,649,120,110
KIT,KIT:424,KIT/424/walking_run01_stageii.npz,train,394,69,59
KIT,KIT:424,KIT/424/walking_run02_stageii.npz,train,319,54,44
KIT,KIT:424,KIT/424/walking_run03_stageii.npz,train,382,67,57
KIT,KIT:424,KIT/424/walking_run04_stageii.npz,train,398,70,60
KIT,KIT:424,KIT/424/walking_run05_stageii.npz,train,405,72,62
KIT,KIT:424,KIT/424/walking_run06_stageii.npz,train,454,81,71
KIT,KIT:424,KIT/424/walking_run07_stageii.npz,train,372,65,55
KIT,KIT:424,KIT/424/walking_run08_stageii.npz,train,534,97,87
KIT,KIT:424,KIT/424/walking_run09_stageii.npz,train,429,76,66
KIT,KIT:424,KIT/424/walking_run10_stageii.npz,train,467,84,74
KIT,KIT:424,KIT/424/walking_slow01_stageii.npz,train,857,162,152
KIT,KIT:424,KIT/424/walking_slow02_stageii.npz,train,903,171,161
KIT,KIT:424,KIT/424/walking_slow03_stageii.npz,train,833,157,147
KIT,KIT:424,KIT/424/walking_slow04_stageii.npz,train,848,160,150
KIT,KIT:424,KIT/424/walking_slow05_stageii.npz,train,843,159,149
KIT,KIT:424,KIT/424/walking_slow06_stageii.npz,train,835,158,148
KIT,KIT:424,KIT/424/walking_slow07_stageii.npz,train,803,151,141
KIT,KIT:424,KIT/424/walking_slow08_stageii.npz,train,858,162,152
KIT,KIT:424,KIT/424/walking_slow09_stageii.npz,train,846,160,150
KIT,KIT:424,KIT/424/walking_slow10_stageii.npz,train,883,167,157
KIT,KIT:425,KIT/425/bend_left01_stageii.npz,train,513,93,83
KIT,KIT:425,KIT/425/bend_left02_stageii.npz,train,446,80,70
KIT,KIT:425,KIT/425/bend_left03_stageii.npz,train,446,80,70
KIT,KIT:425,KIT/425/bend_left04_stageii.npz,train,513,93,83
KIT,KIT:425,KIT/425/bend_left05_stageii.npz,train,364,63,53
KIT,KIT:425,KIT/425/bend_left06_stageii.npz,train,429,76,66
KIT,KIT:425,KIT/425/bend_left07_stageii.npz,train,421,75,65
KIT,KIT:425,KIT/425/bend_left08_stageii.npz,train,681,127,117
KIT,KIT:425,KIT/425/bend_left09_stageii.npz,train,521,95,85
KIT,KIT:425,KIT/425/bend_left10_stageii.npz,train,508,92,82
KIT,KIT:425,KIT/425/bend_right01_stageii.npz,train,557,102,92
KIT,KIT:425,KIT/425/bend_right02_stageii.npz,train,453,81,71
KIT,KIT:425,KIT/425/bend_right03_stageii.npz,train,581,107,97
KIT,KIT:425,KIT/425/bend_right04_stageii.npz,train,477,86,76
KIT,KIT:425,KIT/425/bend_right05_stageii.npz,train,433,77,67
KIT,KIT:425,KIT/425/bend_right06_stageii.npz,train,718,134,124
KIT,KIT:425,KIT/425/bend_right07_stageii.npz,train,455,82,72
KIT,KIT:425,KIT/425/downstairs_01_stageii.npz,train,548,100,90
KIT,KIT:425,KIT/425/downstairs_02_stageii.npz,train,534,97,87
KIT,KIT:425,KIT/425/downstairs_03_stageii.npz,train,851,161,151
KIT,KIT:425,KIT/425/downstairs_04_stageii.npz,train,494,89,79
KIT,KIT:425,KIT/425/downstairs_05_stageii.npz,train,471,85,75
KIT,KIT:425,KIT/425/downstairs_06_stageii.npz,train,584,107,97
KIT,KIT:425,KIT/425/downstairs_07_stageii.npz,train,447,80,70
KIT,KIT:425,KIT/425/downstairs_08_stageii.npz,train,478,86,76
KIT,KIT:425,KIT/425/downstairs_09_stageii.npz,train,516,94,84
KIT,KIT:425,KIT/425/downstairs_10_stageii.npz,train,545,100,90
KIT,KIT:425,KIT/425/downstairs_11_stageii.npz,train,551,101,91
KIT,KIT:425,KIT/425/go_over_beam01_stageii.npz,train,924,175,165
KIT,KIT:425,KIT/425/go_over_beam02_stageii.npz,train,910,173,163
KIT,KIT:425,KIT/425/go_over_beam03_stageii.npz,train,833,157,147
KIT,KIT:425,KIT/425/go_over_beam05_stageii.npz,train,750,141,131
KIT,KIT:425,KIT/425/go_over_beam07_stageii.npz,train,755,142,132
KIT,KIT:425,KIT/425/go_over_beam09_stageii.npz,train,706,132,122
KIT,KIT:425,KIT/425/go_over_beam10_stageii.npz,train,671,125,115
KIT,KIT:425,KIT/425/go_over_beam11_stageii.npz,train,759,142,132
KIT,KIT:425,KIT/425/go_over_beam12_stageii.npz,train,793,149,139
KIT,KIT:425,KIT/425/pour_and_mixing_different_speeds_01_stageii.npz,train,1777,346,336
KIT,KIT:425,KIT/425/pour_and_mixing_different_speeds_02_stageii.npz,train,1206,232,222
KIT,KIT:425,KIT/425/pour_and_mixing_normal_speed_01_stageii.npz,train,1715,334,324
KIT,KIT:425,KIT/425/pour_and_mixing_normal_speed_02_stageii.npz,train,1792,349,339
KIT,KIT:425,KIT/425/push_from_behind_01_stageii.npz,train,1001,191,181
KIT,KIT:425,KIT/425/push_from_behind_02_stageii.npz,train,865,164,154
KIT,KIT:425,KIT/425/push_from_behind_03_stageii.npz,train,769,144,134
KIT,KIT:425,KIT/425/push_from_behind_04_stageii.npz,train,876,166,156
KIT,KIT:425,KIT/425/push_from_behind_05_stageii.npz,train,783,147,137
KIT,KIT:425,KIT/425/push_from_behind_06_stageii.npz,train,743,139,129
KIT,KIT:425,KIT/425/push_from_behind_08_stageii.npz,train,982,187,177
KIT,KIT:425,KIT/425/push_from_behind_09_stageii.npz,train,1088,208,198
KIT,KIT:425,KIT/425/push_from_behind_10_stageii.npz,train,1090,209,199
KIT,KIT:425,KIT/425/push_from_behind_11_stageii.npz,train,989,188,178
KIT,KIT:425,KIT/425/push_from_the_right_side_01_stageii.npz,train,975,186,176
KIT,KIT:425,KIT/425/push_from_the_right_side_02_stageii.npz,train,600,111,101
KIT,KIT:425,KIT/425/push_from_the_right_side_03_stageii.npz,train,962,183,173
KIT,KIT:425,KIT/425/push_from_the_right_side_04_stageii.npz,train,622,115,105
KIT,KIT:425,KIT/425/push_from_the_right_side_05_stageii.npz,train,701,131,121
KIT,KIT:425,KIT/425/push_from_the_right_side_06_stageii.npz,train,651,121,111
KIT,KIT:425,KIT/425/push_from_the_right_side_09_stageii.npz,train,523,95,85
KIT,KIT:425,KIT/425/push_from_the_right_side_10_stageii.npz,train,566,104,94
KIT,KIT:425,KIT/425/push_from_the_right_side_11_stageii.npz,train,673,125,115
KIT,KIT:425,KIT/425/push_from_the_right_side_12_stageii.npz,train,699,130,120
KIT,KIT:425,KIT/425/push_from_the_right_side_13_stageii.npz,train,479,86,76
KIT,KIT:425,KIT/425/put_objects_in_mixing_bowl_02_stageii.npz,train,1813,353,343
KIT,KIT:425,KIT/425/step_over_gap01_stageii.npz,train,625,116,106
KIT,KIT:425,KIT/425/step_over_gap02_stageii.npz,train,525,96,86
KIT,KIT:425,KIT/425/step_over_gap03_stageii.npz,train,620,115,105
KIT,KIT:425,KIT/425/step_over_gap04_stageii.npz,train,537,98,88
KIT,KIT:425,KIT/425/step_over_gap05_stageii.npz,train,568,104,94
KIT,KIT:425,KIT/425/step_over_gap06_stageii.npz,train,517,94,84
KIT,KIT:425,KIT/425/turn_left01_stageii.npz,train,563,103,93
KIT,KIT:425,KIT/425/turn_left02_stageii.npz,train,565,104,94
KIT,KIT:425,KIT/425/turn_left03_stageii.npz,train,579,106,96
KIT,KIT:425,KIT/425/turn_left04_stageii.npz,train,411,73,63
KIT,KIT:425,KIT/425/turn_left05_stageii.npz,train,494,89,79
KIT,KIT:425,KIT/425/turn_left06_stageii.npz,train,487,88,78
KIT,KIT:425,KIT/425/turn_left07_stageii.npz,train,477,86,76
KIT,KIT:425,KIT/425/turn_left08_stageii.npz,train,479,86,76
KIT,KIT:425,KIT/425/turn_right01_stageii.npz,train,566,104,94
KIT,KIT:425,KIT/425/turn_right02_stageii.npz,train,609,112,102
KIT,KIT:425,KIT/425/turn_right03_stageii.npz,train,568,104,94
KIT,KIT:425,KIT/425/turn_right04_stageii.npz,train,599,110,100
KIT,KIT:425,KIT/425/turn_right05_stageii.npz,train,608,112,102
KIT,KIT:425,KIT/425/turn_right06_stageii.npz,train,547,100,90
KIT,KIT:425,KIT/425/turn_right07_stageii.npz,train,617,114,104
KIT,KIT:425,KIT/425/upstairs_01_stageii.npz,train,805,152,142
KIT,KIT:425,KIT/425/upstairs_02_stageii.npz,train,775,146,136
KIT,KIT:425,KIT/425/upstairs_03_stageii.npz,train,743,139,129
KIT,KIT:425,KIT/425/upstairs_04_stageii.npz,train,799,150,140
KIT,KIT:425,KIT/425/upstairs_06_stageii.npz,train,753,141,131
KIT,KIT:425,KIT/425/upstairs_07_stageii.npz,train,757,142,132
KIT,KIT:425,KIT/425/upstairs_08_stageii.npz,train,765,144,134
KIT,KIT:425,KIT/425/upstairs_09_stageii.npz,train,787,148,138
KIT,KIT:425,KIT/425/upstairs_10_stageii.npz,train,657,122,112
KIT,KIT:425,KIT/425/upstairs_11_stageii.npz,train,652,121,111
KIT,KIT:425,KIT/425/walking_01_stageii.npz,train,660,123,113
KIT,KIT:425,KIT/425/walking_02_stageii.npz,train,621,115,105
KIT,KIT:425,KIT/425/walking_03_stageii.npz,train,583,107,97
KIT,KIT:425,KIT/425/walking_04_stageii.npz,train,546,100,90
KIT,KIT:425,KIT/425/walking_05_stageii.npz,train,562,103,93
KIT,KIT:425,KIT/425/walking_06_stageii.npz,train,520,95,85
KIT,KIT:425,KIT/425/walking_07_stageii.npz,train,601,111,101
KIT,KIT:425,KIT/425/walking_08_stageii.npz,train,578,106,96
KIT,KIT:425,KIT/425/walking_09_stageii.npz,train,599,110,100
KIT,KIT:425,KIT/425/walking_10_stageii.npz,train,577,106,96
KIT,KIT:425,KIT/425/walking_11_stageii.npz,train,681,127,117
KIT,KIT:425,KIT/425/walking_fast01_stageii.npz,train,477,86,76
KIT,KIT:425,KIT/425/walking_fast02_stageii.npz,train,422,75,65
KIT,KIT:425,KIT/425/walking_fast03_stageii.npz,train,324,55,45
KIT,KIT:425,KIT/425/walking_fast04_stageii.npz,train,473,85,75
KIT,KIT:425,KIT/425/walking_fast05_stageii.npz,train,364,63,53
KIT,KIT:425,KIT/425/walking_fast06_stageii.npz,train,419,74,64
KIT,KIT:425,KIT/425/walking_fast07_stageii.npz,train,493,89,79
KIT,KIT:425,KIT/425/walking_medium01_stageii.npz,train,469,84,74
KIT,KIT:425,KIT/425/walking_medium02_stageii.npz,train,432,77,67
KIT,KIT:425,KIT/425/walking_medium03_stageii.npz,train,455,82,72
KIT,KIT:425,KIT/425/walking_medium04_stageii.npz,train,488,88,78
KIT,KIT:425,KIT/425/walking_medium05_stageii.npz,train,381,67,57
KIT,KIT:425,KIT/425/walking_medium06_stageii.npz,train,553,101,91
KIT,KIT:425,KIT/425/walking_medium07_stageii.npz,train,517,94,84
KIT,KIT:425,KIT/425/walking_medium08_stageii.npz,train,484,87,77
KIT,KIT:425,KIT/425/walking_medium09_stageii.npz,train,485,88,78
KIT,KIT:425,KIT/425/walking_slow01_stageii.npz,train,572,105,95
KIT,KIT:425,KIT/425/walking_slow02_stageii.npz,train,654,121,111
KIT,KIT:425,KIT/425/walking_slow04_stageii.npz,train,614,113,103
KIT,KIT:425,KIT/425/walking_slow05_stageii.npz,train,569,104,94
KIT,KIT:425,KIT/425/walking_slow07_stageii.npz,train,538,98,88
KIT,KIT:425,KIT/425/walking_slow08_stageii.npz,train,512,93,83
KIT,KIT:425,KIT/425/walking_slow09_stageii.npz,train,472,85,75
KIT,KIT:425,KIT/425/walking_slow10_stageii.npz,train,653,121,111
KIT,KIT:425,KIT/425/walking_slow11_stageii.npz,train,511,93,83
KIT,KIT:441,KIT/441/castBox01_stageii.npz,val,1086,208,198
KIT,KIT:441,KIT/441/castBox02_stageii.npz,val,1002,191,181
KIT,KIT:441,KIT/441/castBox03_stageii.npz,val,1014,193,183
KIT,KIT:441,KIT/441/castBox04_stageii.npz,val,1170,225,215
KIT,KIT:441,KIT/441/castBox05_stageii.npz,val,713,133,123
KIT,KIT:441,KIT/441/conversation01_stageii.npz,val,5946,1180,1170
KIT,KIT:441,KIT/441/conversation02_stageii.npz,val,4427,876,866
KIT,KIT:441,KIT/441/conversation03_stageii.npz,val,3278,646,636
KIT,KIT:441,KIT/441/conversation04_stageii.npz,val,3878,766,756
KIT,KIT:441,KIT/441/drinking02_stageii.npz,val,2307,452,442
KIT,KIT:441,KIT/441/drinking03_stageii.npz,val,1830,357,347
KIT,KIT:441,KIT/441/drinking04_stageii.npz,val,1719,334,324
KIT,KIT:441,KIT/441/drinking05_stageii.npz,val,1399,270,260
KIT,KIT:441,KIT/441/HighFive01_stageii.npz,val,812,153,143
KIT,KIT:441,KIT/441/HighFive02_stageii.npz,val,887,168,158
KIT,KIT:441,KIT/441/HighFive03_stageii.npz,val,1961,383,373
KIT,KIT:441,KIT/441/HighFive05_stageii.npz,val,1216,234,224
KIT,KIT:441,KIT/441/PizzaDelivery01_stageii.npz,val,1826,356,346
KIT,KIT:441,KIT/441/PizzaDelivery02_stageii.npz,val,1448,280,270
KIT,KIT:441,KIT/441/PizzaDelivery03_stageii.npz,val,2374,465,455
KIT,KIT:441,KIT/441/PizzaDelivery04_stageii.npz,val,2261,443,433
KIT,KIT:441,KIT/441/PizzaDelivery05_stageii.npz,val,3001,591,581
KIT,KIT:441,KIT/441/synchron01_stageii.npz,val,898,170,160
KIT,KIT:441,KIT/441/synchron02_stageii.npz,val,1100,211,201
KIT,KIT:441,KIT/441/synchron03_stageii.npz,val,1173,225,215
KIT,KIT:441,KIT/441/synchron04_stageii.npz,val,1138,218,208
KIT,KIT:441,KIT/441/synchron05_stageii.npz,val,1209,232,222
KIT,KIT:442,KIT/442/Aufstehen01_stageii.npz,train,460,83,73
KIT,KIT:442,KIT/442/Aufstehen02_stageii.npz,train,333,57,47
KIT,KIT:442,KIT/442/Aufstehen03_stageii.npz,train,479,86,76
KIT,KIT:442,KIT/442/Aufstehen04_stageii.npz,train,430,77,67
KIT,KIT:442,KIT/442/Aufstehen05_stageii.npz,train,496,90,80
KIT,KIT:442,KIT/442/Bouncen01_stageii.npz,train,576,106,96
KIT,KIT:442,KIT/442/Bouncen02_stageii.npz,train,589,108,98
KIT,KIT:442,KIT/442/Bouncen03_stageii.npz,train,796,150,140
KIT,KIT:442,KIT/442/castBox01_stageii.npz,train,1086,208,198
KIT,KIT:442,KIT/442/castBox02_stageii.npz,train,1002,191,181
KIT,KIT:442,KIT/442/castBox03_stageii.npz,train,1014,193,183
KIT,KIT:442,KIT/442/castBox04_stageii.npz,train,1170,225,215
KIT,KIT:442,KIT/442/castBox05_stageii.npz,train,713,133,123
KIT,KIT:442,KIT/442/conversation01_stageii.npz,train,5946,1180,1170
KIT,KIT:442,KIT/442/conversation02_stageii.npz,train,4427,876,866
KIT,KIT:442,KIT/442/conversation03_stageii.npz,train,3278,646,636
KIT,KIT:442,KIT/442/conversation04_stageii.npz,train,3878,766,756
KIT,KIT:442,KIT/442/Drehung01_stageii.npz,train,569,104,94
KIT,KIT:442,KIT/442/Drehung02_stageii.npz,train,509,92,82
KIT,KIT:442,KIT/442/Drehung03_stageii.npz,train,573,105,95
KIT,KIT:442,KIT/442/Dreischritte01_stageii.npz,train,677,126,116
KIT,KIT:442,KIT/442/Dreischritte02_stageii.npz,train,540,99,89
KIT,KIT:442,KIT/442/drinking01_stageii.npz,train,1464,283,273
KIT,KIT:442,KIT/442/drinking02_stageii.npz,train,2307,452,442
KIT,KIT:442,KIT/442/drinking03_stageii.npz,train,1830,357,347
KIT,KIT:442,KIT/442/drinking04_stageii.npz,train,1719,334,324
KIT,KIT:442,KIT/442/drinking05_stageii.npz,train,1399,270,260
KIT,KIT:442,KIT/442/ErschreckenderHerrBischof01_stageii.npz,train,647,120,110
KIT,KIT:442,KIT/442/ErschreckenderHerrBischof02_stageii.npz,train,806,152,142
KIT,KIT:442,KIT/442/ErschreckenderHerrBischof03_stageii.npz,train,597,110,100
KIT,KIT:442,KIT/442/HighFive01_stageii.npz,train,812,153,143
KIT,KIT:442,KIT/442/HighFive02_stageii.npz,train,887,168,158
KIT,KIT:442,KIT/442/HighFive03_stageii.npz,train,1961,383,373
KIT,KIT:442,KIT/442/HighFive05_stageii.npz,train,1216,234,224
KIT,KIT:442,KIT/442/HinUndSchuhbinden01_stageii.npz,train,525,96,86
KIT,KIT:442,KIT/442/HinUndSchuhbinden02_stageii.npz,train,529,96,86
KIT,KIT:442,KIT/442/HinUndSchuhbinden03_stageii.npz,train,629,116,106
KIT,KIT:442,KIT/442/Kopfschulterkniefuss01_stageii.npz,train,796,150,140
KIT,KIT:442,KIT/442/Kopfschulterkniefuss02_stageii.npz,train,882,167,157
KIT,KIT:442,KIT/442/Kopfschulterkniefuss03_stageii.npz,train,849,160,150
KIT,KIT:442,KIT/442/PizzaDelivery01_stageii.npz,train,1826,356,346
KIT,KIT:442,KIT/442/PizzaDelivery02_stageii.npz,train,1448,280,270
KIT,KIT:442,KIT/442/PizzaDelivery03_stageii.npz,train,2374,465,455
KIT,KIT:442,KIT/442/PizzaDelivery04_stageii.npz,train,2261,443,433
KIT,KIT:442,KIT/442/PizzaDelivery05_stageii.npz,train,3001,591,581
KIT,KIT:442,KIT/442/Punch01_stageii.npz,train,577,106,96
KIT,KIT:442,KIT/442/Salutieren01_stageii.npz,train,444,79,69
KIT,KIT:442,KIT/442/Salutieren02_stageii.npz,train,413,73,63
KIT,KIT:442,KIT/442/synchron01_stageii.npz,train,898,170,160
KIT,KIT:442,KIT/442/synchron02_stageii.npz,train,1100,211,201
KIT,KIT:442,KIT/442/synchron03_stageii.npz,train,1173,225,215
KIT,KIT:442,KIT/442/synchron04_stageii.npz,train,1138,218,208
KIT,KIT:442,KIT/442/synchron05_stageii.npz,train,1209,232,222
KIT,KIT:471,KIT/471/Push_Hard01_stageii.npz,test,913,173,163
KIT,KIT:471,KIT/471/Push_Hard02_stageii.npz,test,872,165,155
KIT,KIT:471,KIT/471/Push_Hard03_stageii.npz,test,1021,195,185
KIT,KIT:471,KIT/471/Push_Medium01_stageii.npz,test,766,144,134
KIT,KIT:471,KIT/471/Push_Medium02_stageii.npz,test,1008,192,182
KIT,KIT:471,KIT/471/Push_Medium03_stageii.npz,test,846,160,150
KIT,KIT:471,KIT/471/Push_Medium04_stageii.npz,test,1498,290,280
KIT,KIT:471,KIT/471/Push_Soft01_stageii.npz,test,867,164,154
KIT,KIT:471,KIT/471/Push_Soft02_stageii.npz,test,1067,204,194
KIT,KIT:471,KIT/471/Push_Soft03_stageii.npz,test,1425,276,266
KIT,KIT:513,KIT/513/balance_on_beam01_stageii.npz,train,726,136,126
KIT,KIT:513,KIT/513/balance_on_beam02_stageii.npz,train,774,145,135
KIT,KIT:513,KIT/513/balance_on_beam03_stageii.npz,train,552,101,91
KIT,KIT:513,KIT/513/balance_on_beam04_stageii.npz,train,520,95,85
KIT,KIT:513,KIT/513/balance_on_beam05_stageii.npz,train,574,105,95
KIT,KIT:513,KIT/513/balance_on_beam06_stageii.npz,train,682,127,117
KIT,KIT:513,KIT/513/balance_on_beam07_stageii.npz,train,662,123,113
KIT,KIT:513,KIT/513/balance_on_beam08_stageii.npz,train,699,130,120
KIT,KIT:513,KIT/513/balance_on_beam09_stageii.npz,train,658,122,112
KIT,KIT:513,KIT/513/balance_on_beam10_stageii.npz,train,755,142,132
KIT,KIT:513,KIT/513/balance_on_beam11_stageii.npz,train,662,123,113
KIT,KIT:513,KIT/513/downstairs01_stageii.npz,train,421,75,65
KIT,KIT:513,KIT/513/downstairs02_stageii.npz,train,379,66,56
KIT,KIT:513,KIT/513/downstairs03_stageii.npz,train,504,91,81
KIT,KIT:513,KIT/513/downstairs04_stageii.npz,train,418,74,64
KIT,KIT:513,KIT/513/downstairs05_stageii.npz,train,327,56,46
KIT,KIT:513,KIT/513/downstairs06_stageii.npz,train,303,51,41
KIT,KIT:513,KIT/513/downstairs07_stageii.npz,train,348,60,50
KIT,KIT:513,KIT/513/downstairs08_stageii.npz,train,313,53,43
KIT,KIT:513,KIT/513/downstairs_b01_stageii.npz,train,462,83,73
KIT,KIT:513,KIT/513/downstairs_b02_stageii.npz,train,365,64,54
KIT,KIT:513,KIT/513/downstairs_b03_stageii.npz,train,337,58,48
KIT,KIT:513,KIT/513/evasion01_stageii.npz,train,620,115,105
KIT,KIT:513,KIT/513/evasion02_stageii.npz,train,405,72,62
KIT,KIT:513,KIT/513/evasion03_stageii.npz,train,336,58,48
KIT,KIT:513,KIT/513/evasion04_stageii.npz,train,326,56,46
KIT,KIT:513,KIT/513/evasion05_stageii.npz,train,391,69,59
KIT,KIT:513,KIT/513/evasion06_stageii.npz,train,581,107,97
KIT,KIT:513,KIT/513/evasion07_stageii.npz,train,442,79,69
KIT,KIT:513,KIT/513/evasion08_stageii.npz,train,474,85,75
KIT,KIT:513,KIT/513/kick01_stageii.npz,train,1155,222,212
KIT,KIT:513,KIT/513/kick02_stageii.npz,train,413,73,63
KIT,KIT:513,KIT/513/kick03_stageii.npz,train,591,109,99
KIT,KIT:513,KIT/513/kick04_stageii.npz,train,571,105,95
KIT,KIT:513,KIT/513/kick05_stageii.npz,train,665,124,114
KIT,KIT:513,KIT/513/kick06_stageii.npz,train,604,111,101
KIT,KIT:513,KIT/513/kick07_stageii.npz,train,605,112,102
KIT,KIT:513,KIT/513/kick09_stageii.npz,train,766,144,134
KIT,KIT:513,KIT/513/parkour01_stageii.npz,train,1132,217,207
KIT,KIT:513,KIT/513/parkour02_stageii.npz,train,999,190,180
KIT,KIT:513,KIT/513/parkour03_stageii.npz,train,1085,208,198
KIT,KIT:513,KIT/513/parkour04_stageii.npz,train,874,165,155
KIT,KIT:513,KIT/513/Push_Behind_Hard01_stageii.npz,train,818,154,144
KIT,KIT:513,KIT/513/Push_Behind_Hard02_stageii.npz,train,626,116,106
KIT,KIT:513,KIT/513/Push_Behind_Hard03_stageii.npz,train,561,103,93
KIT,KIT:513,KIT/513/Push_Behind_Medium02_stageii.npz,train,563,103,93
KIT,KIT:513,KIT/513/Push_Behind_Medium03_stageii.npz,train,821,155,145
KIT,KIT:513,KIT/513/Push_Behind_Soft01_stageii.npz,train,415,74,64
KIT,KIT:513,KIT/513/Push_Behind_Soft02_stageii.npz,train,581,107,97
KIT,KIT:513,KIT/513/Push_Behind_Soft03_stageii.npz,train,864,163,153
KIT,KIT:513,KIT/513/Push_Front_Hard01_stageii.npz,train,654,121,111
KIT,KIT:513,KIT/513/Push_Front_Hard03_stageii.npz,train,428,76,66
KIT,KIT:513,KIT/513/Push_Front_Medium02_stageii.npz,train,578,106,96
KIT,KIT:513,KIT/513/Push_Front_Medium03_stageii.npz,train,563,103,93
KIT,KIT:513,KIT/513/Push_Front_Soft01_stageii.npz,train,557,102,92
KIT,KIT:513,KIT/513/Push_Front_Soft03_stageii.npz,train,473,85,75
KIT,KIT:513,KIT/513/Push_Left_Hard01_stageii.npz,train,906,172,162
KIT,KIT:513,KIT/513/Push_Left_Hard02_stageii.npz,train,931,177,167
KIT,KIT:513,KIT/513/Push_Left_Hard03_stageii.npz,train,1047,200,190
KIT,KIT:513,KIT/513/Push_Left_Medium01_stageii.npz,train,876,166,156
KIT,KIT:513,KIT/513/Push_Left_Medium02_stageii.npz,train,1165,224,214
KIT,KIT:513,KIT/513/Push_Left_Medium03_stageii.npz,train,757,142,132
KIT,KIT:513,KIT/513/Push_Left_Soft01_stageii.npz,train,871,165,155
KIT,KIT:513,KIT/513/Push_Left_Soft02_stageii.npz,train,1121,215,205
KIT,KIT:513,KIT/513/Push_Left_Soft03_stageii.npz,train,1005,192,182
KIT,KIT:513,KIT/513/Push_Right_Hard01_stageii.npz,train,593,109,99
KIT,KIT:513,KIT/513/Push_Right_Hard02_stageii.npz,train,605,112,102
KIT,KIT:513,KIT/513/Push_Right_Hard03_stageii.npz,train,957,182,172
KIT,KIT:513,KIT/513/Push_Right_Medium01_stageii.npz,train,1007,192,182
KIT,KIT:513,KIT/513/Push_Right_Medium02_stageii.npz,train,817,154,144
KIT,KIT:513,KIT/513/Push_Right_Medium03_stageii.npz,train,691,129,119
KIT,KIT:513,KIT/513/Push_Right_Soft01_stageii.npz,train,777,146,136
KIT,KIT:513,KIT/513/Push_Right_Soft03_stageii.npz,train,676,126,116
KIT,KIT:513,KIT/513/seesaw_down01_stageii.npz,train,742,139,129
KIT,KIT:513,KIT/513/seesaw_down02_stageii.npz,train,716,134,124
KIT,KIT:513,KIT/513/seesaw_down03_stageii.npz,train,761,143,133
KIT,KIT:513,KIT/513/seesaw_down04_stageii.npz,train,655,122,112
KIT,KIT:513,KIT/513/seesaw_down05_stageii.npz,train,726,136,126
KIT,KIT:513,KIT/513/seesaw_down06_stageii.npz,train,841,159,149
KIT,KIT:513,KIT/513/seesaw_down07_stageii.npz,train,708,132,122
KIT,KIT:513,KIT/513/seesaw_down08_stageii.npz,train,808,152,142
KIT,KIT:513,KIT/513/seesaw_down09_stageii.npz,train,626,116,106
KIT,KIT:513,KIT/513/seesaw_down10_stageii.npz,train,667,124,114
KIT,KIT:513,KIT/513/seesaw_up01_stageii.npz,train,1193,229,219
KIT,KIT:513,KIT/513/seesaw_up02_stageii.npz,train,704,131,121
KIT,KIT:513,KIT/513/seesaw_up03_stageii.npz,train,904,171,161
KIT,KIT:513,KIT/513/seesaw_up04_stageii.npz,train,836,158,148
KIT,KIT:513,KIT/513/seesaw_up05_stageii.npz,train,767,144,134
KIT,KIT:513,KIT/513/seesaw_up06_stageii.npz,train,1062,203,193
KIT,KIT:513,KIT/513/seesaw_up07_stageii.npz,train,1159,222,212
KIT,KIT:513,KIT/513/seesaw_up08_stageii.npz,train,1024,195,185
KIT,KIT:513,KIT/513/seesaw_up09_stageii.npz,train,1186,228,218
KIT,KIT:513,KIT/513/seesaw_up10_stageii.npz,train,916,174,164
KIT,KIT:513,KIT/513/slope_down01_stageii.npz,train,592,109,99
KIT,KIT:513,KIT/513/slope_down02_stageii.npz,train,455,82,72
KIT,KIT:513,KIT/513/slope_down03_stageii.npz,train,624,115,105
KIT,KIT:513,KIT/513/slope_down04_stageii.npz,train,520,95,85
KIT,KIT:513,KIT/513/slope_down05_stageii.npz,train,612,113,103
KIT,KIT:513,KIT/513/slope_down06_stageii.npz,train,575,106,96
KIT,KIT:513,KIT/513/slope_down07_stageii.npz,train,674,125,115
KIT,KIT:513,KIT/513/slope_down08_stageii.npz,train,704,131,121
KIT,KIT:513,KIT/513/slope_down09_stageii.npz,train,611,113,103
KIT,KIT:513,KIT/513/slope_up01_stageii.npz,train,536,98,88
KIT,KIT:513,KIT/513/slope_up02_stageii.npz,train,794,149,139
KIT,KIT:513,KIT/513/slope_up03_stageii.npz,train,534,97,87
KIT,KIT:513,KIT/513/slope_up04_stageii.npz,train,738,138,128
KIT,KIT:513,KIT/513/slope_up05_stageii.npz,train,538,98,88
KIT,KIT:513,KIT/513/slope_up06_stageii.npz,train,613,113,103
KIT,KIT:513,KIT/513/slope_up07_stageii.npz,train,659,122,112
KIT,KIT:513,KIT/513/slope_up08_stageii.npz,train,420,75,65
KIT,KIT:513,KIT/513/slope_up09_stageii.npz,train,468,84,74
KIT,KIT:513,KIT/513/slope_up10_stageii.npz,train,676,126,116
KIT,KIT:513,KIT/513/step_stones01_stageii.npz,train,733,137,127
KIT,KIT:513,KIT/513/step_stones02_stageii.npz,train,828,156,146
KIT,KIT:513,KIT/513/step_stones03_stageii.npz,train,552,101,91
KIT,KIT:513,KIT/513/step_stones04_stageii.npz,train,704,131,121
KIT,KIT:513,KIT/513/step_stones05_stageii.npz,train,922,175,165
KIT,KIT:513,KIT/513/step_stones06_stageii.npz,train,661,123,113
KIT,KIT:513,KIT/513/step_stones07_stageii.npz,train,589,108,98
KIT,KIT:513,KIT/513/step_stones08_stageii.npz,train,1211,233,223
KIT,KIT:513,KIT/513/turn_left01_stageii.npz,train,709,132,122
KIT,KIT:513,KIT/513/turn_left02_stageii.npz,train,727,136,126
KIT,KIT:513,KIT/513/turn_left03_stageii.npz,train,634,117,107
KIT,KIT:513,KIT/513/turn_left04_stageii.npz,train,682,127,117
KIT,KIT:513,KIT/513/turn_left05_stageii.npz,train,718,134,124
KIT,KIT:513,KIT/513/turn_left06_stageii.npz,train,640,119,109
KIT,KIT:513,KIT/513/turn_left07_stageii.npz,train,671,125,115
KIT,KIT:513,KIT/513/turn_left08_stageii.npz,train,572,105,95
KIT,KIT:513,KIT/513/turn_left09_stageii.npz,train,552,101,91
KIT,KIT:513,KIT/513/turn_right01_stageii.npz,train,642,119,109
KIT,KIT:513,KIT/513/turn_right02_stageii.npz,train,629,116,106
KIT,KIT:513,KIT/513/turn_right03_stageii.npz,train,541,99,89
KIT,KIT:513,KIT/513/turn_right04_stageii.npz,train,692,129,119
KIT,KIT:513,KIT/513/turn_right05_stageii.npz,train,575,106,96
KIT,KIT:513,KIT/513/turn_right06_stageii.npz,train,718,134,124
KIT,KIT:513,KIT/513/turn_right07_stageii.npz,train,753,141,131
KIT,KIT:513,KIT/513/turn_right08_stageii.npz,train,835,158,148
KIT,KIT:513,KIT/513/turn_right09_stageii.npz,train,650,121,111
KIT,KIT:513,KIT/513/turn_right10_stageii.npz,train,539,98,88
KIT,KIT:513,KIT/513/upstairs01_stageii.npz,train,831,157,147
KIT,KIT:513,KIT/513/upstairs02_stageii.npz,train,674,125,115
KIT,KIT:513,KIT/513/upstairs03_stageii.npz,train,478,86,76
KIT,KIT:513,KIT/513/upstairs04_stageii.npz,train,848,160,150
KIT,KIT:513,KIT/513/upstairs05_stageii.npz,train,637,118,108
KIT,KIT:513,KIT/513/upstairs06_stageii.npz,train,481,87,77
KIT,KIT:513,KIT/513/upstairs07_stageii.npz,train,531,97,87
KIT,KIT:513,KIT/513/upstairs_downstairs01_stageii.npz,train,717,134,124
KIT,KIT:513,KIT/513/upstairs_downstairs02_stageii.npz,train,753,141,131
KIT,KIT:513,KIT/513/upstairs_downstairs03_stageii.npz,train,703,131,121
KIT,KIT:513,KIT/513/upstairs_downstairs04_stageii.npz,train,679,126,116
KIT,KIT:513,KIT/513/upstairs_downstairs05_stageii.npz,train,612,113,103
KIT,KIT:513,KIT/513/upstairs_downstairs06_stageii.npz,train,680,127,117
KIT,KIT:551,KIT/551/cup01_stageii.npz,train,1008,192,182
KIT,KIT:551,KIT/551/cup02_stageii.npz,train,788,148,138
KIT,KIT:551,KIT/551/cup03_stageii.npz,train,455,82,72
KIT,KIT:551,KIT/551/cup04_stageii.npz,train,360,63,53
KIT,KIT:551,KIT/551/cup05_stageii.npz,train,820,155,145
KIT,KIT:551,KIT/551/cup06_stageii.npz,train,798,150,140
KIT,KIT:551,KIT/551/cup07_stageii.npz,train,474,85,75
KIT,KIT:551,KIT/551/cup_in_bowl01_stageii.npz,train,901,171,161
KIT,KIT:551,KIT/551/cup_in_bowl02_stageii.npz,train,866,164,154
KIT,KIT:551,KIT/551/cup_in_bowl03_stageii.npz,train,726,136,126
KIT,KIT:551,KIT/551/cup_in_bowl04_stageii.npz,train,513,93,83
KIT,KIT:551,KIT/551/cutting_banana01_stageii.npz,train,1231,237,227
KIT,KIT:551,KIT/551/cutting_banana02_stageii.npz,train,1115,214,204
KIT,KIT:551,KIT/551/cutting_banana_b_03_stageii.npz,train,1094,209,199
KIT,KIT:551,KIT/551/cutting_banana_b_04_stageii.npz,train,807,152,142
KIT,KIT:551,KIT/551/cutting_cucumber01_stageii.npz,train,1261,243,233
KIT,KIT:551,KIT/551/cutting_cucumber03_stageii.npz,train,1040,199,189
KIT,KIT:551,KIT/551/cutting_cucumber04_stageii.npz,train,1213,233,223
KIT,KIT:551,KIT/551/cutting_zucchini01_stageii.npz,train,1019,194,184
KIT,KIT:551,KIT/551/cutting_zucchini02_stageii.npz,train,980,187,177
KIT,KIT:551,KIT/551/cutting_zucchini03_stageii.npz,train,920,175,165
KIT,KIT:551,KIT/551/drink01_stageii.npz,train,1398,270,260
KIT,KIT:551,KIT/551/drink03_stageii.npz,train,702,131,121
KIT,KIT:551,KIT/551/drink04_stageii.npz,train,1389,268,258
KIT,KIT:551,KIT/551/drink05_stageii.npz,train,877,166,156
KIT,KIT:551,KIT/551/drink06_stageii.npz,train,569,104,94
KIT,KIT:551,KIT/551/egg_whisk01_stageii.npz,train,950,181,171
KIT,KIT:551,KIT/551/egg_whisk02_stageii.npz,train,875,166,156
KIT,KIT:551,KIT/551/egg_whisk03_stageii.npz,train,863,163,153
KIT,KIT:551,KIT/551/egg_whisk04_stageii.npz,train,467,84,74
KIT,KIT:551,KIT/551/egg_whisk05_stageii.npz,train,449,80,70
KIT,KIT:551,KIT/551/egg_whisk06_stageii.npz,train,943,179,169
KIT,KIT:551,KIT/551/knife01_stageii.npz,train,1005,192,182
KIT,KIT:551,KIT/551/knife02_stageii.npz,train,663,123,113
KIT,KIT:551,KIT/551/knife03_stageii.npz,train,395,70,60
KIT,KIT:551,KIT/551/knife04_stageii.npz,train,931,177,167
KIT,KIT:551,KIT/551/knife05_stageii.npz,train,693,129,119
KIT,KIT:551,KIT/551/knife06_stageii.npz,train,441,79,69
KIT,KIT:551,KIT/551/mixing_bowl_big01_stageii.npz,train,683,127,117
KIT,KIT:551,KIT/551/mixing_bowl_big02_stageii.npz,train,713,133,123
KIT,KIT:551,KIT/551/mixing_bowl_big03_stageii.npz,train,691,129,119
KIT,KIT:551,KIT/551/mixing_bowl_big04_stageii.npz,train,777,146,136
KIT,KIT:551,KIT/551/mixing_bowl_big05_stageii.npz,train,612,113,103
KIT,KIT:551,KIT/551/mixing_bowl_big06_stageii.npz,train,605,112,102
KIT,KIT:551,KIT/551/mixing_bowl_big_and_sponge_big01_stageii.npz,train,797,150,140
KIT,KIT:551,KIT/551/mixing_bowl_big_and_sponge_big03_stageii.npz,train,629,116,106
KIT,KIT:551,KIT/551/mixing_bowl_big_and_sponge_big04_stageii.npz,train,540,99,89
KIT,KIT:551,KIT/551/mixing_bowl_big_and_sponge_big05_stageii.npz,train,574,105,95
KIT,KIT:551,KIT/551/mixing_bowl_big_and_sponge_big06_stageii.npz,train,611,113,103
KIT,KIT:551,KIT/551/mixing_cooking_spoon01_stageii.npz,train,1372,265,255
KIT,KIT:551,KIT/551/mixing_cooking_spoon03_stageii.npz,train,803,151,141
KIT,KIT:551,KIT/551/mixing_egg_whisk01_stageii.npz,train,1163,223,213
KIT,KIT:551,KIT/551/mixing_egg_whisk02_stageii.npz,train,740,139,129
KIT,KIT:551,KIT/551/mixing_small_with_egg_whisk01_stageii.npz,train,1080,207,197
KIT,KIT:551,KIT/551/pour01_stageii.npz,train,1329,256,246
KIT,KIT:551,KIT/551/pour02_stageii.npz,train,831,157,147
KIT,KIT:551,KIT/551/pour03_stageii.npz,train,464,83,73
KIT,KIT:551,KIT/551/pour04_stageii.npz,train,1494,289,279
KIT,KIT:551,KIT/551/pour05_stageii.npz,train,791,149,139
KIT,KIT:551,KIT/551/pour06_stageii.npz,train,479,86,76
KIT,KIT:551,KIT/551/sponge_big01_stageii.npz,train,856,162,152
KIT,KIT:551,KIT/551/sponge_big02_stageii.npz,train,708,132,122
KIT,KIT:551,KIT/551/sponge_big03_stageii.npz,train,368,64,54
KIT,KIT:551,KIT/551/sponge_big04_stageii.npz,train,487,88,78
KIT,KIT:551,KIT/551/sponge_big05_stageii.npz,train,609,112,102
KIT,KIT:551,KIT/551/sponge_big06_stageii.npz,train,958,182,172
KIT,KIT:551,KIT/551/sponge_big07_stageii.npz,train,392,69,59
KIT,KIT:551,KIT/551/sponge_big_and_mixing_bowl_big01_stageii.npz,train,614,113,103
KIT,KIT:551,KIT/551/sponge_big_and_mixing_bowl_big02_stageii.npz,train,781,147,137
KIT,KIT:551,KIT/551/sponge_big_and_mixing_bowl_big03_stageii.npz,train,906,172,162
KIT,KIT:551,KIT/551/sponge_big_and_mixing_bowl_big04_stageii.npz,train,469,84,74
KIT,KIT:551,KIT/551/sponge_big_and_mixing_bowl_big05_stageii.npz,train,794,149,139
KIT,KIT:551,KIT/551/sponge_in_bowl01_stageii.npz,train,794,149,139
KIT,KIT:551,KIT/551/sponge_in_bowl02_stageii.npz,train,507,92,82
KIT,KIT:572,KIT/572/bow_deep01_stageii.npz,train,352,61,51
KIT,KIT:572,KIT/572/bow_deep02_stageii.npz,train,401,71,61
KIT,KIT:572,KIT/572/bow_deep03_stageii.npz,train,448,80,70
KIT,KIT:572,KIT/572/bow_deep04_stageii.npz,train,401,71,61
KIT,KIT:572,KIT/572/bow_deep05_stageii.npz,train,402,71,61
KIT,KIT:572,KIT/572/bow_slight01_stageii.npz,train,400,71,61
KIT,KIT:572,KIT/572/bow_slight02_stageii.npz,train,400,71,61
KIT,KIT:572,KIT/572/bow_slight03_stageii.npz,train,501,91,81
KIT,KIT:572,KIT/572/bow_slight04_stageii.npz,train,450,81,71
KIT,KIT:572,KIT/572/bow_slight05_stageii.npz,train,400,71,61
KIT,KIT:572,KIT/572/dance_chacha01_stageii.npz,train,826,156,146
KIT,KIT:572,KIT/572/dance_chacha02_stageii.npz,train,961,183,173
KIT,KIT:572,KIT/572/dance_chacha03_stageii.npz,train,1107,212,202
KIT,KIT:572,KIT/572/dance_chacha04_stageii.npz,train,871,165,155
KIT,KIT:572,KIT/572/dance_chacha05_stageii.npz,train,905,172,162
KIT,KIT:572,KIT/572/dance_chacha06_stageii.npz,train,1161,223,213
KIT,KIT:572,KIT/572/dance_chacha07_stageii.npz,train,1203,231,221
KIT,KIT:572,KIT/572/dance_chacha08_stageii.npz,train,1225,236,226
KIT,KIT:572,KIT/572/dance_chacha09_stageii.npz,train,1198,230,220
KIT,KIT:572,KIT/572/dance_chacha10_stageii.npz,train,1220,235,225
KIT,KIT:572,KIT/572/dance_chacha11_stageii.npz,train,1934,377,367
KIT,KIT:572,KIT/572/dance_chacha12_stageii.npz,train,1969,384,374
KIT,KIT:572,KIT/572/dance_chacha13_stageii.npz,train,1716,334,324
KIT,KIT:572,KIT/572/dance_chacha14_stageii.npz,train,1790,349,339
KIT,KIT:572,KIT/572/dance_chacha15_stageii.npz,train,1669,324,314
KIT,KIT:572,KIT/572/dance_chacha16_stageii.npz,train,1926,376,366
KIT,KIT:572,KIT/572/dance_waltz00_stageii.npz,train,709,132,122
KIT,KIT:572,KIT/572/dance_waltz03_stageii.npz,train,807,152,142
KIT,KIT:572,KIT/572/dance_waltz04_stageii.npz,train,643,119,109
KIT,KIT:572,KIT/572/dance_waltz05_stageii.npz,train,779,146,136
KIT,KIT:572,KIT/572/dance_waltz06_stageii.npz,train,1073,205,195
KIT,KIT:572,KIT/572/dance_waltz07_stageii.npz,train,1118,214,204
KIT,KIT:572,KIT/572/dance_waltz08_stageii.npz,train,1249,240,230
KIT,KIT:572,KIT/572/dance_waltz09_stageii.npz,train,1277,246,236
KIT,KIT:572,KIT/572/dance_waltz10_stageii.npz,train,1282,247,237
KIT,KIT:572,KIT/572/dance_waltz11_stageii.npz,train,2138,418,408
KIT,KIT:572,KIT/572/dance_waltz12_stageii.npz,train,2349,460,450
KIT,KIT:572,KIT/572/dance_waltz13_stageii.npz,train,2186,428,418
KIT,KIT:572,KIT/572/dance_waltz14_stageii.npz,train,2245,440,430
KIT,KIT:572,KIT/572/dance_waltz15_stageii.npz,train,2050,401,391
KIT,KIT:572,KIT/572/dance_waltz_01_stageii.npz,train,925,176,166
KIT,KIT:572,KIT/572/dance_waltz_02_stageii.npz,train,904,171,161
KIT,KIT:572,KIT/572/golf_drive01_stageii.npz,train,619,114,104
KIT,KIT:572,KIT/572/golf_drive02_stageii.npz,train,622,115,105
KIT,KIT:572,KIT/572/golf_drive03_stageii.npz,train,502,91,81
KIT,KIT:572,KIT/572/golf_drive04_stageii.npz,train,709,132,122
KIT,KIT:572,KIT/572/golf_drive05_stageii.npz,train,811,153,143
KIT,KIT:572,KIT/572/golf_drive06_stageii.npz,train,727,136,126
KIT,KIT:572,KIT/572/golf_putting01_stageii.npz,train,713,133,123
KIT,KIT:572,KIT/572/golf_putting02_stageii.npz,train,589,108,98
KIT,KIT:572,KIT/572/golf_putting03_stageii.npz,train,554,101,91
KIT,KIT:572,KIT/572/golf_putting04_stageii.npz,train,584,107,97
KIT,KIT:572,KIT/572/golf_putting05_stageii.npz,train,585,108,98
KIT,KIT:572,KIT/572/guitar_left01_stageii.npz,train,713,133,123
KIT,KIT:572,KIT/572/guitar_left02_stageii.npz,train,674,125,115
KIT,KIT:572,KIT/572/guitar_left03_stageii.npz,train,562,103,93
KIT,KIT:572,KIT/572/guitar_left04_stageii.npz,train,593,109,99
KIT,KIT:572,KIT/572/guitar_left05_stageii.npz,train,519,94,84
KIT,KIT:572,KIT/572/guitar_left06_stageii.npz,train,502,91,81
KIT,KIT:572,KIT/572/guitar_left07_stageii.npz,train,495,90,80
KIT,KIT:572,KIT/572/guitar_left08_stageii.npz,train,607,112,102
KIT,KIT:572,KIT/572/guitar_left09_stageii.npz,train,549,100,90
KIT,KIT:572,KIT/572/guitar_left10_stageii.npz,train,570,105,95
KIT,KIT:572,KIT/572/guitar_left11_stageii.npz,train,601,111,101
KIT,KIT:572,KIT/572/guitar_left12_stageii.npz,train,585,108,98
KIT,KIT:572,KIT/572/guitar_left13_stageii.npz,train,750,141,131
KIT,KIT:572,KIT/572/guitar_left14_stageii.npz,train,666,124,114
KIT,KIT:572,KIT/572/guitar_left15_stageii.npz,train,744,139,129
KIT,KIT:572,KIT/572/guitar_left16_stageii.npz,train,732,137,127
KIT,KIT:572,KIT/572/guitar_left17_stageii.npz,train,700,131,121
KIT,KIT:572,KIT/572/guitar_left18_stageii.npz,train,703,131,121
KIT,KIT:572,KIT/572/guitar_right01_stageii.npz,train,536,98,88
KIT,KIT:572,KIT/572/guitar_right02_stageii.npz,train,591,109,99
KIT,KIT:572,KIT/572/guitar_right03_stageii.npz,train,528,96,86
KIT,KIT:572,KIT/572/guitar_right04_stageii.npz,train,584,107,97
KIT,KIT:572,KIT/572/guitar_right05_stageii.npz,train,582,107,97
KIT,KIT:572,KIT/572/guitar_right06_stageii.npz,train,650,121,111
KIT,KIT:572,KIT/572/guitar_right07_stageii.npz,train,654,121,111
KIT,KIT:572,KIT/572/guitar_right08_stageii.npz,train,631,117,107
KIT,KIT:572,KIT/572/guitar_right09_stageii.npz,train,607,112,102
KIT,KIT:572,KIT/572/guitar_right10_stageii.npz,train,679,126,116
KIT,KIT:572,KIT/572/guitar_right11_stageii.npz,train,842,159,149
KIT,KIT:572,KIT/572/guitar_right12_stageii.npz,train,842,159,149
KIT,KIT:572,KIT/572/guitar_right13_stageii.npz,train,888,168,158
KIT,KIT:572,KIT/572/guitar_right14_stageii.npz,train,919,174,164
KIT,KIT:572,KIT/572/guitar_right15_stageii.npz,train,843,159,149
KIT,KIT:572,KIT/572/jump_back01_stageii.npz,train,451,81,71
KIT,KIT:572,KIT/572/jump_back02_stageii.npz,train,588,108,98
KIT,KIT:572,KIT/572/jump_back03_stageii.npz,train,553,101,91
KIT,KIT:572,KIT/572/jump_back04_stageii.npz,train,519,94,84
KIT,KIT:572,KIT/572/jump_back05_stageii.npz,train,424,75,65
KIT,KIT:572,KIT/572/jump_forward01_stageii.npz,train,490,89,79
KIT,KIT:572,KIT/572/jump_forward02_stageii.npz,train,440,79,69
KIT,KIT:572,KIT/572/jump_forward03_stageii.npz,train,493,89,79
KIT,KIT:572,KIT/572/jump_forward04_stageii.npz,train,512,93,83
KIT,KIT:572,KIT/572/jump_forward05_stageii.npz,train,551,101,91
KIT,KIT:572,KIT/572/jump_left01_stageii.npz,train,502,91,81
KIT,KIT:572,KIT/572/jump_left02_stageii.npz,train,523,95,85
KIT,KIT:572,KIT/572/jump_left03_stageii.npz,train,568,104,94
KIT,KIT:572,KIT/572/jump_left04_stageii.npz,train,824,155,145
KIT,KIT:572,KIT/572/jump_left05_stageii.npz,train,487,88,78
KIT,KIT:572,KIT/572/jump_right01_stageii.npz,train,590,109,99
KIT,KIT:572,KIT/572/jump_right02_stageii.npz,train,498,90,80
KIT,KIT:572,KIT/572/jump_right03_stageii.npz,train,528,96,86
KIT,KIT:572,KIT/572/jump_right04_stageii.npz,train,541,99,89
KIT,KIT:572,KIT/572/jump_right05_stageii.npz,train,573,105,95
KIT,KIT:572,KIT/572/jump_up01_stageii.npz,train,571,105,95
KIT,KIT:572,KIT/572/jump_up02_stageii.npz,train,593,109,99
KIT,KIT:572,KIT/572/jump_up03_stageii.npz,train,585,108,98
KIT,KIT:572,KIT/572/jump_up04_stageii.npz,train,597,110,100
KIT,KIT:572,KIT/572/jump_up05_stageii.npz,train,692,129,119
KIT,KIT:572,KIT/572/kick_high_left01_stageii.npz,train,514,93,83
KIT,KIT:572,KIT/572/kick_high_left02_stageii.npz,train,676,126,116
KIT,KIT:572,KIT/572/kick_high_left03_stageii.npz,train,601,111,101
KIT,KIT:572,KIT/572/kick_high_left04_stageii.npz,train,580,107,97
KIT,KIT:572,KIT/572/kick_high_left05_stageii.npz,train,659,122,112
KIT,KIT:572,KIT/572/kick_high_right01_stageii.npz,train,500,91,81
KIT,KIT:572,KIT/572/kick_high_right02_stageii.npz,train,500,91,81
KIT,KIT:572,KIT/572/kick_high_right03_stageii.npz,train,599,110,100
KIT,KIT:572,KIT/572/kick_high_right04_stageii.npz,train,509,92,82
KIT,KIT:572,KIT/572/kick_high_right05_stageii.npz,train,450,81,71
KIT,KIT:572,KIT/572/kick_low_left01_stageii.npz,train,507,92,82
KIT,KIT:572,KIT/572/kick_low_left02_stageii.npz,train,514,93,83
KIT,KIT:572,KIT/572/kick_low_left03_stageii.npz,train,544,99,89
KIT,KIT:572,KIT/572/kick_low_left04_stageii.npz,train,513,93,83
KIT,KIT:572,KIT/572/kick_low_left05_stageii.npz,train,552,101,91
KIT,KIT:572,KIT/572/kick_low_right01_stageii.npz,train,443,79,69
KIT,KIT:572,KIT/572/kick_low_right02_stageii.npz,train,463,83,73
KIT,KIT:572,KIT/572/kick_low_right03_stageii.npz,train,477,86,76
KIT,KIT:572,KIT/572/kick_low_right04_stageii.npz,train,502,91,81
KIT,KIT:572,KIT/572/kick_low_right05_stageii.npz,train,501,91,81
KIT,KIT:572,KIT/572/punch_left01_stageii.npz,train,624,115,105
KIT,KIT:572,KIT/572/punch_left02_stageii.npz,train,692,129,119
KIT,KIT:572,KIT/572/punch_left04_stageii.npz,train,658,122,112
KIT,KIT:572,KIT/572/punch_left05_stageii.npz,train,646,120,110
KIT,KIT:572,KIT/572/punch_right01_stageii.npz,train,474,85,75
KIT,KIT:572,KIT/572/punch_right02_stageii.npz,train,544,99,89
KIT,KIT:572,KIT/572/punch_right03_stageii.npz,train,570,105,95
KIT,KIT:572,KIT/572/punch_right04_stageii.npz,train,611,113,103
KIT,KIT:572,KIT/572/punch_right05_stageii.npz,train,668,124,114
KIT,KIT:572,KIT/572/punsh_left03_stageii.npz,train,616,114,104
KIT,KIT:572,KIT/572/squat01_stageii.npz,train,435,78,68
KIT,KIT:572,KIT/572/squat02_stageii.npz,train,530,97,87
KIT,KIT:572,KIT/572/squat03_stageii.npz,train,501,91,81
KIT,KIT:572,KIT/572/squat04_stageii.npz,train,543,99,89
KIT,KIT:572,KIT/572/squat05_stageii.npz,train,494,89,79
KIT,KIT:572,KIT/572/stir_left01_stageii.npz,train,528,96,86
KIT,KIT:572,KIT/572/stir_left02_stageii.npz,train,488,88,78
KIT,KIT:572,KIT/572/stir_left03_stageii.npz,train,526,96,86
KIT,KIT:572,KIT/572/stir_left04_stageii.npz,train,556,102,92
KIT,KIT:572,KIT/572/stir_left05_stageii.npz,train,516,94,84
KIT,KIT:572,KIT/572/stir_left06_stageii.npz,train,519,94,84
KIT,KIT:572,KIT/572/stir_left07_stageii.npz,train,592,109,99
KIT,KIT:572,KIT/572/stir_left08_stageii.npz,train,649,120,110
KIT,KIT:572,KIT/572/stir_left09_stageii.npz,train,615,114,104
KIT,KIT:572,KIT/572/stir_left10_stageii.npz,train,679,126,116
KIT,KIT:572,KIT/572/stir_left11_stageii.npz,train,647,120,110
KIT,KIT:572,KIT/572/stir_left12_stageii.npz,train,920,175,165
KIT,KIT:572,KIT/572/stir_left13_stageii.npz,train,993,189,179
KIT,KIT:572,KIT/572/stir_left14_stageii.npz,train,1040,199,189
KIT,KIT:572,KIT/572/stir_left15_stageii.npz,train,994,189,179
KIT,KIT:572,KIT/572/stir_left16_stageii.npz,train,950,181,171
KIT,KIT:572,KIT/572/stir_right01_stageii.npz,train,491,89,79
KIT,KIT:572,KIT/572/stir_right02_stageii.npz,train,501,91,81
KIT,KIT:572,KIT/572/stir_right03_stageii.npz,train,436,78,68
KIT,KIT:572,KIT/572/stir_right04_stageii.npz,train,447,80,70
KIT,KIT:572,KIT/572/stir_right05_stageii.npz,train,463,83,73
KIT,KIT:572,KIT/572/stir_right06_stageii.npz,train,512,93,83
KIT,KIT:572,KIT/572/stir_right07_stageii.npz,train,552,101,91
KIT,KIT:572,KIT/572/stir_right08_stageii.npz,train,534,97,87
KIT,KIT:572,KIT/572/stir_right09_stageii.npz,train,541,99,89
KIT,KIT:572,KIT/572/stir_right10_stageii.npz,train,540,99,89
KIT,KIT:572,KIT/572/stir_right11_stageii.npz,train,894,169,159
KIT,KIT:572,KIT/572/stir_right12_stageii.npz,train,910,173,163
KIT,KIT:572,KIT/572/stir_right13_stageii.npz,train,931,177,167
KIT,KIT:572,KIT/572/stir_right14_stageii.npz,train,949,180,170
KIT,KIT:572,KIT/572/stir_right15_stageii.npz,train,991,189,179
KIT,KIT:572,KIT/572/stomp_left01_stageii.npz,train,479,86,76
KIT,KIT:572,KIT/572/stomp_left02_stageii.npz,train,406,72,62
KIT,KIT:572,KIT/572/stomp_left03_stageii.npz,train,474,85,75
KIT,KIT:572,KIT/572/stomp_left04_stageii.npz,train,507,92,82
KIT,KIT:572,KIT/572/stomp_left05_stageii.npz,train,460,83,73
KIT,KIT:572,KIT/572/stomp_right01_stageii.npz,train,490,89,79
KIT,KIT:572,KIT/572/stomp_right02_stageii.npz,train,535,98,88
KIT,KIT:572,KIT/572/stomp_right03_stageii.npz,train,531,97,87
KIT,KIT:572,KIT/572/stomp_right04_stageii.npz,train,528,96,86
KIT,KIT:572,KIT/572/stomp_right05_stageii.npz,train,463,83,73
KIT,KIT:572,KIT/572/tennis_forehand_left01_stageii.npz,train,564,103,93
KIT,KIT:572,KIT/572/tennis_forehand_left02_stageii.npz,train,624,115,105
KIT,KIT:572,KIT/572/tennis_forehand_left03_stageii.npz,train,693,129,119
KIT,KIT:572,KIT/572/tennis_forehand_left04_stageii.npz,train,489,88,78
KIT,KIT:572,KIT/572/tennis_forehand_left05_stageii.npz,train,619,114,104
KIT,KIT:572,KIT/572/tennis_forehand_right01_stageii.npz,train,577,106,96
KIT,KIT:572,KIT/572/tennis_forehand_right02_stageii.npz,train,701,131,121
KIT,KIT:572,KIT/572/tennis_forehand_right03_stageii.npz,train,622,115,105
KIT,KIT:572,KIT/572/tennis_forehand_right04_stageii.npz,train,664,123,113
KIT,KIT:572,KIT/572/tennis_forehand_right05_stageii.npz,train,589,108,98
KIT,KIT:572,KIT/572/tennis_smash_left01_stageii.npz,train,864,163,153
KIT,KIT:572,KIT/572/tennis_smash_left02_stageii.npz,train,665,124,114
KIT,KIT:572,KIT/572/tennis_smash_left03_stageii.npz,train,861,163,153
KIT,KIT:572,KIT/572/tennis_smash_left04_stageii.npz,train,700,131,121
KIT,KIT:572,KIT/572/tennis_smash_left05_stageii.npz,train,701,131,121
KIT,KIT:572,KIT/572/tennis_smash_right01_stageii.npz,train,685,128,118
KIT,KIT:572,KIT/572/tennis_smash_right02_stageii.npz,train,631,117,107
KIT,KIT:572,KIT/572/tennis_smash_right03_stageii.npz,train,696,130,120
KIT,KIT:572,KIT/572/tennis_smash_right04_stageii.npz,train,774,145,135
KIT,KIT:572,KIT/572/tennis_smash_right05_stageii.npz,train,727,136,126
KIT,KIT:572,KIT/572/throw_left01_stageii.npz,train,607,112,102
KIT,KIT:572,KIT/572/throw_left02_stageii.npz,train,358,62,52
KIT,KIT:572,KIT/572/throw_left03_stageii.npz,train,343,59,49
KIT,KIT:572,KIT/572/throw_left04_stageii.npz,train,399,70,60
KIT,KIT:572,KIT/572/throw_left05_stageii.npz,train,402,71,61
KIT,KIT:572,KIT/572/throw_right01_stageii.npz,train,447,80,70
KIT,KIT:572,KIT/572/throw_right02_stageii.npz,train,271,45,35
KIT,KIT:572,KIT/572/throw_right03_stageii.npz,train,355,62,52
KIT,KIT:572,KIT/572/throw_right04_stageii.npz,train,443,79,69
KIT,KIT:572,KIT/572/throw_right05_stageii.npz,train,369,64,54
KIT,KIT:572,KIT/572/violin_left01_stageii.npz,train,610,113,103
KIT,KIT:572,KIT/572/violin_left02_stageii.npz,train,663,123,113
KIT,KIT:572,KIT/572/violin_left03_stageii.npz,train,667,124,114
KIT,KIT:572,KIT/572/violin_left04_stageii.npz,train,719,134,124
KIT,KIT:572,KIT/572/violin_left05_stageii.npz,train,697,130,120
KIT,KIT:572,KIT/572/violin_left06_stageii.npz,train,665,124,114
KIT,KIT:572,KIT/572/violin_left07_stageii.npz,train,745,140,130
KIT,KIT:572,KIT/572/violin_left08_stageii.npz,train,752,141,131
KIT,KIT:572,KIT/572/violin_left09_stageii.npz,train,756,142,132
KIT,KIT:572,KIT/572/violin_left10_stageii.npz,train,736,138,128
KIT,KIT:572,KIT/572/violin_left11_stageii.npz,train,999,190,180
KIT,KIT:572,KIT/572/violin_left12_stageii.npz,train,1000,191,181
KIT,KIT:572,KIT/572/violin_left13_stageii.npz,train,1028,196,186
KIT,KIT:572,KIT/572/violin_left14_stageii.npz,train,1040,199,189
KIT,KIT:572,KIT/572/violin_left15_stageii.npz,train,1019,194,184
KIT,KIT:572,KIT/572/violin_right01_stageii.npz,train,598,110,100
KIT,KIT:572,KIT/572/violin_right02_stageii.npz,train,649,120,110
KIT,KIT:572,KIT/572/violin_right03_stageii.npz,train,743,139,129
KIT,KIT:572,KIT/572/violin_right04_stageii.npz,train,651,121,111
KIT,KIT:572,KIT/572/violin_right05_stageii.npz,train,679,126,116
KIT,KIT:572,KIT/572/violin_right06_stageii.npz,train,751,141,131
KIT,KIT:572,KIT/572/violin_right07_stageii.npz,train,784,147,137
KIT,KIT:572,KIT/572/violin_right08_stageii.npz,train,763,143,133
KIT,KIT:572,KIT/572/violin_right09_stageii.npz,train,722,135,125
KIT,KIT:572,KIT/572/violin_right10_stageii.npz,train,754,141,131
KIT,KIT:572,KIT/572/violin_right11_stageii.npz,train,1224,235,225
KIT,KIT:572,KIT/572/violin_right12_stageii.npz,train,1087,208,198
KIT,KIT:572,KIT/572/violin_right13_stageii.npz,train,1251,241,231
KIT,KIT:572,KIT/572/violin_right14_stageii.npz,train,1231,237,227
KIT,KIT:572,KIT/572/violin_right15_stageii.npz,train,1133,217,207
KIT,KIT:572,KIT/572/violin_right16_stageii.npz,train,1055,202,192
KIT,KIT:572,KIT/572/wave_both01_stageii.npz,train,553,101,91
KIT,KIT:572,KIT/572/wave_both02_stageii.npz,train,583,107,97
KIT,KIT:572,KIT/572/wave_both03_stageii.npz,train,705,132,122
KIT,KIT:572,KIT/572/wave_both04_stageii.npz,train,656,122,112
KIT,KIT:572,KIT/572/wave_both05_stageii.npz,train,713,133,123
KIT,KIT:572,KIT/572/wave_both06_stageii.npz,train,741,139,129
KIT,KIT:572,KIT/572/wave_both07_stageii.npz,train,910,173,163
KIT,KIT:572,KIT/572/wave_both08_stageii.npz,train,896,170,160
KIT,KIT:572,KIT/572/wave_both09_stageii.npz,train,796,150,140
KIT,KIT:572,KIT/572/wave_both10_stageii.npz,train,838,158,148
KIT,KIT:572,KIT/572/wave_both11_stageii.npz,train,1053,201,191
KIT,KIT:572,KIT/572/wave_both12_stageii.npz,train,1140,219,209
KIT,KIT:572,KIT/572/wave_both13_stageii.npz,train,1125,216,206
KIT,KIT:572,KIT/572/wave_both14_stageii.npz,train,1104,211,201
KIT,KIT:572,KIT/572/wave_both15_stageii.npz,train,1010,193,183
KIT,KIT:572,KIT/572/wave_left01_stageii.npz,train,814,153,143
KIT,KIT:572,KIT/572/wave_left02_stageii.npz,train,543,99,89
KIT,KIT:572,KIT/572/wave_left03_stageii.npz,train,624,115,105
KIT,KIT:572,KIT/572/wave_left04_stageii.npz,train,582,107,97
KIT,KIT:572,KIT/572/wave_left05_stageii.npz,train,622,115,105
KIT,KIT:572,KIT/572/wave_left06_stageii.npz,train,589,108,98
KIT,KIT:572,KIT/572/wave_left07_stageii.npz,train,691,129,119
KIT,KIT:572,KIT/572/wave_left08_stageii.npz,train,762,143,133
KIT,KIT:572,KIT/572/wave_left09_stageii.npz,train,758,142,132
KIT,KIT:572,KIT/572/wave_left10_stageii.npz,train,572,105,95
KIT,KIT:572,KIT/572/wave_left11_stageii.npz,train,572,105,95
KIT,KIT:572,KIT/572/wave_left12_stageii.npz,train,883,167,157
KIT,KIT:572,KIT/572/wave_left13_stageii.npz,train,858,162,152
KIT,KIT:572,KIT/572/wave_left14_stageii.npz,train,923,175,165
KIT,KIT:572,KIT/572/wave_left15_stageii.npz,train,907,172,162
KIT,KIT:572,KIT/572/wave_left16_stageii.npz,train,906,172,162
KIT,KIT:572,KIT/572/wave_right01_stageii.npz,train,576,106,96
KIT,KIT:572,KIT/572/wave_right02_stageii.npz,train,499,90,80
KIT,KIT:572,KIT/572/wave_right03_stageii.npz,train,658,122,112
KIT,KIT:572,KIT/572/wave_right04_stageii.npz,train,598,110,100
KIT,KIT:572,KIT/572/wave_right05_stageii.npz,train,571,105,95
KIT,KIT:572,KIT/572/wave_right06_stageii.npz,train,726,136,126
KIT,KIT:572,KIT/572/wave_right07_stageii.npz,train,700,131,121
KIT,KIT:572,KIT/572/wave_right08_stageii.npz,train,639,118,108
KIT,KIT:572,KIT/572/wave_right09_stageii.npz,train,735,138,128
KIT,KIT:572,KIT/572/wave_right10_stageii.npz,train,734,137,127
KIT,KIT:572,KIT/572/wave_right11_stageii.npz,train,890,169,159
KIT,KIT:572,KIT/572/wave_right12_stageii.npz,train,1068,204,194
KIT,KIT:572,KIT/572/wave_right13_stageii.npz,train,993,189,179
KIT,KIT:572,KIT/572/wave_right14_stageii.npz,train,1045,200,190
KIT,KIT:572,KIT/572/wave_right15_stageii.npz,train,990,189,179
KIT,KIT:572,KIT/572/wipe_circular_left01_stageii.npz,train,429,76,66
KIT,KIT:572,KIT/572/wipe_circular_left02_stageii.npz,train,533,97,87
KIT,KIT:572,KIT/572/wipe_circular_left03_stageii.npz,train,500,91,81
KIT,KIT:572,KIT/572/wipe_circular_left04_stageii.npz,train,475,86,76
KIT,KIT:572,KIT/572/wipe_circular_left05_stageii.npz,train,496,90,80
KIT,KIT:572,KIT/572/wipe_circular_left06_stageii.npz,train,617,114,104
KIT,KIT:572,KIT/572/wipe_circular_left07_stageii.npz,train,658,122,112
KIT,KIT:572,KIT/572/wipe_circular_left08_stageii.npz,train,659,122,112
KIT,KIT:572,KIT/572/wipe_circular_left09_stageii.npz,train,676,126,116
KIT,KIT:572,KIT/572/wipe_circular_left10_stageii.npz,train,726,136,126
KIT,KIT:572,KIT/572/wipe_circular_left11_stageii.npz,train,657,122,112
KIT,KIT:572,KIT/572/wipe_circular_left12_stageii.npz,train,769,144,134
KIT,KIT:572,KIT/572/wipe_circular_left13_stageii.npz,train,912,173,163
KIT,KIT:572,KIT/572/wipe_circular_left14_stageii.npz,train,955,182,172
KIT,KIT:572,KIT/572/wipe_circular_left15_stageii.npz,train,932,177,167
KIT,KIT:572,KIT/572/wipe_circular_left16_stageii.npz,train,1018,194,184
KIT,KIT:572,KIT/572/wipe_circular_right01_stageii.npz,train,510,93,83
KIT,KIT:572,KIT/572/wipe_circular_right02_stageii.npz,train,528,96,86
KIT,KIT:572,KIT/572/wipe_circular_right03_stageii.npz,train,491,89,79
KIT,KIT:572,KIT/572/wipe_circular_right04_stageii.npz,train,557,102,92
KIT,KIT:572,KIT/572/wipe_circular_right05_stageii.npz,train,527,96,86
KIT,KIT:572,KIT/572/wipe_circular_right06_stageii.npz,train,577,106,96
KIT,KIT:572,KIT/572/wipe_circular_right07_stageii.npz,train,529,96,86
KIT,KIT:572,KIT/572/wipe_circular_right08_stageii.npz,train,592,109,99
KIT,KIT:572,KIT/572/wipe_circular_right09_stageii.npz,train,641,119,109
KIT,KIT:572,KIT/572/wipe_circular_right10_stageii.npz,train,625,116,106
KIT,KIT:576,KIT/576/MarcusS_AdrianM05_stageii.npz,train,26363,5263,5253
KIT,KIT:576,KIT/576/MarcusS_AdrianM09_stageii.npz,train,7498,1490,1480
KIT,KIT:576,KIT/576/MarcusS_AdrianM11_stageii.npz,train,11761,2343,2333
KIT,KIT:576,KIT/576/MarcusS_AdrianM12_stageii.npz,train,22817,4554,4544
KIT,KIT:6,KIT/6/LeftTurn01_1_stageii.npz,val,611,113,103
KIT,KIT:6,KIT/6/LeftTurn02_1_stageii.npz,val,527,96,86
KIT,KIT:6,KIT/6/LeftTurn03_1_stageii.npz,val,546,100,90
KIT,KIT:6,KIT/6/LeftTurn04_1_stageii.npz,val,501,91,81
KIT,KIT:6,KIT/6/LeftTurn05_1_stageii.npz,val,500,91,81
KIT,KIT:6,KIT/6/LeftTurn06_1_stageii.npz,val,507,92,82
KIT,KIT:6,KIT/6/LeftTurn07_1_stageii.npz,val,484,87,77
KIT,KIT:6,KIT/6/LeftTurn08_1_stageii.npz,val,524,95,85
KIT,KIT:6,KIT/6/LeftTurn09_1_stageii.npz,val,559,102,92
KIT,KIT:6,KIT/6/LeftTurn10_1_stageii.npz,val,500,91,81
KIT,KIT:6,KIT/6/RightTurn01_1_stageii.npz,val,508,92,82
KIT,KIT:6,KIT/6/RightTurn02_1_stageii.npz,val,504,91,81
KIT,KIT:6,KIT/6/RightTurn03_1_stageii.npz,val,513,93,83
KIT,KIT:6,KIT/6/RightTurn04_1_stageii.npz,val,517,94,84
KIT,KIT:6,KIT/6/RightTurn05_1_stageii.npz,val,505,92,82
KIT,KIT:6,KIT/6/RightTurn06_1_stageii.npz,val,475,86,76
KIT,KIT:6,KIT/6/RightTurn07_1_stageii.npz,val,525,96,86
KIT,KIT:6,KIT/6/RightTurn08_1_stageii.npz,val,534,97,87
KIT,KIT:6,KIT/6/RightTurn09_1_stageii.npz,val,519,94,84
KIT,KIT:6,KIT/6/RightTurn10_1_stageii.npz,val,520,95,85
KIT,KIT:6,KIT/6/WalkInClockwiseCircle01_1_stageii.npz,val,706,132,122
KIT,KIT:6,KIT/6/WalkInClockwiseCircle02_1_stageii.npz,val,765,144,134
KIT,KIT:6,KIT/6/WalkInClockwiseCircle03_1_stageii.npz,val,715,134,124
KIT,KIT:6,KIT/6/WalkInClockwiseCircle04_1_stageii.npz,val,729,136,126
KIT,KIT:6,KIT/6/WalkInClockwiseCircle05_1_stageii.npz,val,734,137,127
KIT,KIT:6,KIT/6/WalkInClockwiseCircle06_1_stageii.npz,val,735,138,128
KIT,KIT:6,KIT/6/WalkInClockwiseCircle07_1_stageii.npz,val,718,134,124
KIT,KIT:6,KIT/6/WalkInClockwiseCircle08_1_stageii.npz,val,729,136,126
KIT,KIT:6,KIT/6/WalkInClockwiseCircle09_stageii.npz,val,704,131,121
KIT,KIT:6,KIT/6/WalkInClockwiseCircle10_stageii.npz,val,724,135,125
KIT,KIT:6,KIT/6/WalkInCounterClockwiseCircle01_1_stageii.npz,val,821,155,145
KIT,KIT:6,KIT/6/WalkInCounterClockwiseCircle02_1_stageii.npz,val,750,141,131
KIT,KIT:6,KIT/6/WalkInCounterClockwiseCircle03_1_stageii.npz,val,729,136,126
KIT,KIT:6,KIT/6/WalkInCounterClockwiseCircle04_1_stageii.npz,val,793,149,139
KIT,KIT:6,KIT/6/WalkInCounterClockwiseCircle05_1_stageii.npz,val,693,129,119
KIT,KIT:6,KIT/6/WalkInCounterClockwiseCircle06_1_stageii.npz,val,697,130,120
KIT,KIT:6,KIT/6/WalkInCounterClockwiseCircle07_1_stageii.npz,val,764,143,133
KIT,KIT:6,KIT/6/WalkInCounterClockwiseCircle08_1_stageii.npz,val,741,139,129
KIT,KIT:6,KIT/6/WalkInCounterClockwiseCircle09_1_stageii.npz,val,739,138,128
KIT,KIT:6,KIT/6/WalkInCounterClockwiseCircle10_1_stageii.npz,val,680,127,117
KIT,KIT:6,KIT/6/WalkingStraightBackwards01_stageii.npz,val,458,82,72
KIT,KIT:6,KIT/6/WalkingStraightBackwards02_stageii.npz,val,499,90,80
KIT,KIT:6,KIT/6/WalkingStraightBackwards03_stageii.npz,val,513,93,83
KIT,KIT:6,KIT/6/WalkingStraightBackwards04_stageii.npz,val,527,96,86
KIT,KIT:6,KIT/6/WalkingStraightBackwards05_stageii.npz,val,530,97,87
KIT,KIT:6,KIT/6/WalkingStraightBackwards06_stageii.npz,val,525,96,86
KIT,KIT:6,KIT/6/WalkingStraightBackwards07_stageii.npz,val,472,85,75
KIT,KIT:6,KIT/6/WalkingStraightBackwards08_stageii.npz,val,485,88,78
KIT,KIT:6,KIT/6/WalkingStraightBackwards09_stageii.npz,val,510,93,83
KIT,KIT:6,KIT/6/WalkingStraightBackwards10_stageii.npz,val,491,89,79
KIT,KIT:63,KIT/63/Chris3MSeminar_Cal_08_stageii.npz,train,259,42,32
KIT,KIT:674,KIT/674/dry_back01_stageii.npz,train,1392,269,259
KIT,KIT:674,KIT/674/dry_front01_stageii.npz,train,1403,271,261
KIT,KIT:674,KIT/674/dry_front02_stageii.npz,train,1312,253,243
KIT,KIT:674,KIT/674/dry_front03_stageii.npz,train,1239,238,228
KIT,KIT:674,KIT/674/dry_front04_stageii.npz,train,1380,267,257
KIT,KIT:674,KIT/674/dry_front05_stageii.npz,train,1743,339,329
KIT,KIT:674,KIT/674/dry_front08_stageii.npz,train,1046,200,190
KIT,KIT:674,KIT/674/dry_head01_stageii.npz,train,1109,212,202
KIT,KIT:674,KIT/674/dry_head02_stageii.npz,train,964,183,173
KIT,KIT:674,KIT/674/dry_head03_stageii.npz,train,891,169,159
KIT,KIT:674,KIT/674/dry_head04_stageii.npz,train,1036,198,188
KIT,KIT:674,KIT/674/dry_head05_stageii.npz,train,1383,267,257
KIT,KIT:674,KIT/674/shower_back01_stageii.npz,train,880,167,157
KIT,KIT:674,KIT/674/shower_front01_stageii.npz,train,858,162,152
KIT,KIT:674,KIT/674/shower_front02_stageii.npz,train,848,160,150
KIT,KIT:674,KIT/674/shower_head01_stageii.npz,train,823,155,145
KIT,KIT:674,KIT/674/shower_head02_stageii.npz,train,864,163,153
KIT,KIT:674,KIT/674/shower_head03_stageii.npz,train,909,172,162
KIT,KIT:674,KIT/674/shower_head04_stageii.npz,train,890,169,159
KIT,KIT:674,KIT/674/shower_head05_stageii.npz,train,924,175,165
KIT,KIT:674,KIT/674/shower_left_arm01_stageii.npz,train,1685,328,318
KIT,KIT:674,KIT/674/shower_left_arm02_stageii.npz,train,1164,223,213
KIT,KIT:674,KIT/674/shower_left_arm03_stageii.npz,train,1118,214,204
KIT,KIT:674,KIT/674/shower_left_arm04_stageii.npz,train,221,35,25
KIT,KIT:674,KIT/674/shower_left_arm05_stageii.npz,train,1013,193,183
KIT,KIT:674,KIT/674/shower_left_arm06_stageii.npz,train,1050,201,191
KIT,KIT:674,KIT/674/shower_left_arm07_stageii.npz,train,976,186,176
KIT,KIT:674,KIT/674/shower_left_arm08_stageii.npz,train,1035,198,188
KIT,KIT:674,KIT/674/shower_left_arm09_stageii.npz,train,1230,237,227
KIT,KIT:674,KIT/674/shower_left_arm10_stageii.npz,train,1217,234,224
KIT,KIT:674,KIT/674/shower_left_arm11_stageii.npz,train,1216,234,224
KIT,KIT:674,KIT/674/shower_left_arm12_stageii.npz,train,1226,236,226
KIT,KIT:674,KIT/674/shower_left_arm13_stageii.npz,train,1340,259,249
KIT,KIT:674,KIT/674/shower_left_arm14_stageii.npz,train,1235,238,228
KIT,KIT:674,KIT/674/shower_left_arm15_stageii.npz,train,1308,252,242
KIT,KIT:674,KIT/674/shower_right_arm01_stageii.npz,train,989,188,178
KIT,KIT:674,KIT/674/shower_right_arm02_stageii.npz,train,1018,194,184
KIT,KIT:674,KIT/674/shower_right_arm03_stageii.npz,train,799,150,140
KIT,KIT:674,KIT/674/shower_right_arm04_stageii.npz,train,869,164,154
KIT,KIT:674,KIT/674/shower_right_arm05_stageii.npz,train,1001,191,181
KIT,KIT:674,KIT/674/shower_right_arm06_stageii.npz,train,844,159,149
KIT,KIT:674,KIT/674/shower_right_arm07_stageii.npz,train,902,171,161
KIT,KIT:674,KIT/674/shower_right_arm08_stageii.npz,train,803,151,141
KIT,KIT:674,KIT/674/shower_right_arm09_stageii.npz,train,828,156,146
KIT,KIT:674,KIT/674/shower_right_arm10_stageii.npz,train,1038,198,188
KIT,KIT:674,KIT/674/shower_right_arm11_stageii.npz,train,936,178,168
KIT,KIT:674,KIT/674/shower_right_arm12_stageii.npz,train,935,178,168
KIT,KIT:674,KIT/674/shower_right_arm13_stageii.npz,train,953,181,171
KIT,KIT:674,KIT/674/shower_right_arm14_stageii.npz,train,983,187,177
KIT,KIT:674,KIT/674/shower_right_arm15_stageii.npz,train,882,167,157
KIT,KIT:674,KIT/674/wash_back01_stageii.npz,train,5784,1147,1137
KIT,KIT:674,KIT/674/wash_back02_stageii.npz,train,7353,1461,1451
KIT,KIT:674,KIT/674/wash_back03_stageii.npz,train,7359,1462,1452
KIT,KIT:674,KIT/674/wash_back04_stageii.npz,train,8252,1641,1631
KIT,KIT:674,KIT/674/wash_back05_stageii.npz,train,7335,1458,1448
KIT,KIT:674,KIT/674/wash_front01_stageii.npz,train,9027,1796,1786
KIT,KIT:674,KIT/674/wash_front02_stageii.npz,train,8668,1724,1714
KIT,KIT:674,KIT/674/wash_front03_stageii.npz,train,5497,1090,1080
KIT,KIT:674,KIT/674/wash_front04_stageii.npz,train,8065,1604,1594
KIT,KIT:674,KIT/674/wash_front05_stageii.npz,train,8949,1780,1770
KIT,KIT:674,KIT/674/wash_head01_stageii.npz,train,6693,1329,1319
KIT,KIT:674,KIT/674/wash_head02_stageii.npz,train,5677,1126,1116
KIT,KIT:674,KIT/674/wash_head03_stageii.npz,train,7208,1432,1422
KIT,KIT:674,KIT/674/wash_head04_stageii.npz,train,5359,1062,1052
KIT,KIT:674,KIT/674/wash_head05_stageii.npz,train,5304,1051,1041
KIT,KIT:674,KIT/674/wipe_back01_stageii.npz,train,1113,213,203
KIT,KIT:674,KIT/674/wipe_front01_stageii.npz,train,1038,198,188
KIT,KIT:674,KIT/674/wipe_left_arm01_stageii.npz,train,1058,202,192
KIT,KIT:674,KIT/674/wipe_right_arm01_stageii.npz,train,1002,191,181
KIT,KIT:675,KIT/675/double_pour_and_mixing03_stageii.npz,val,2413,473,463
KIT,KIT:675,KIT/675/double_pour_and_mixing11_stageii.npz,val,2983,587,577
KIT,KIT:675,KIT/675/dry_left_arm_05_stageii.npz,val,3218,634,624
KIT,KIT:675,KIT/675/dry_left_arm_08_stageii.npz,val,2010,393,383
KIT,KIT:675,KIT/675/dry_left_arm_12_stageii.npz,val,2200,431,421
KIT,KIT:675,KIT/675/dry_right_arm_004_stageii.npz,val,2208,432,422
KIT,KIT:675,KIT/675/dry_right_arm_005_stageii.npz,val,2330,457,447
KIT,KIT:675,KIT/675/dry_right_arm_010_stageii.npz,val,2086,408,398
KIT,KIT:675,KIT/675/dry_right_arm_014_stageii.npz,val,2010,393,383
KIT,KIT:675,KIT/675/dry_right_arm_015_stageii.npz,val,2331,457,447
KIT,KIT:675,KIT/675/Experiment3a_04_stageii.npz,val,6719,1334,1324
KIT,KIT:675,KIT/675/walk_slow_with_handrail_table_beam_right09_stageii.npz,val,1672,325,315
KIT,KIT:675,KIT/675/walk_with_handrail_beam_right01_stageii.npz,val,504,91,81
KIT,KIT:675,KIT/675/walk_with_handrail_beam_right03_stageii.npz,val,537,98,88
KIT,KIT:675,KIT/675/walk_with_handrail_left01_stageii.npz,val,462,83,73
KIT,KIT:675,KIT/675/walk_with_handrail_left02_stageii.npz,val,540,99,89
KIT,KIT:675,KIT/675/walk_with_handrail_left04_stageii.npz,val,529,96,86
KIT,KIT:675,KIT/675/walk_with_handrail_right03_stageii.npz,val,339,58,48
KIT,KIT:675,KIT/675/walk_with_handrail_right05_stageii.npz,val,389,68,58
KIT,KIT:675,KIT/675/walk_with_handrail_right07_stageii.npz,val,383,67,57
KIT,KIT:675,KIT/675/walk_with_handrail_table_beam_left01_stageii.npz,val,615,114,104
KIT,KIT:675,KIT/675/walk_with_handrail_table_beam_left02_stageii.npz,val,746,140,130
KIT,KIT:675,KIT/675/walk_with_handrail_table_beam_left04_stageii.npz,val,579,106,96
KIT,KIT:675,KIT/675/walk_with_handrail_table_beam_right03_stageii.npz,val,847,160,150
KIT,KIT:675,KIT/675/walk_with_handrail_table_beam_right07_stageii.npz,val,827,156,146
KIT,KIT:675,KIT/675/walk_with_handrail_table_right005_stageii.npz,val,504,91,81
KIT,KIT:675,KIT/675/walk_with_handrail_table_right007_stageii.npz,val,685,128,118
KIT,KIT:675,KIT/675/walk_with_handrail_table_right009_stageii.npz,val,571,105,95
KIT,KIT:675,KIT/675/walk_with_table_left03_stageii.npz,val,711,133,123
KIT,KIT:675,KIT/675/walk_with_table_left04_stageii.npz,val,630,117,107
KIT,KIT:675,KIT/675/walk_with_table_left09_stageii.npz,val,695,130,120
KIT,KIT:675,KIT/675/walk_with_table_right05_stageii.npz,val,764,143,133
KIT,KIT:675,KIT/675/wash_left_arm_03_stageii.npz,val,6718,1334,1324
KIT,KIT:675,KIT/675/wash_left_arm_05_stageii.npz,val,7611,1513,1503
KIT,KIT:675,KIT/675/wash_right_arm_05_stageii.npz,val,7541,1499,1489
KIT,KIT:7,KIT/7/LeftTurn01_stageii.npz,val,563,103,93
KIT,KIT:7,KIT/7/LeftTurn02_stageii.npz,val,547,100,90
KIT,KIT:7,KIT/7/LeftTurn03_stageii.npz,val,536,98,88
KIT,KIT:7,KIT/7/LeftTurn04_stageii.npz,val,599,110,100
KIT,KIT:7,KIT/7/LeftTurn05_stageii.npz,val,540,99,89
KIT,KIT:7,KIT/7/LeftTurn06_stageii.npz,val,535,98,88
KIT,KIT:7,KIT/7/LeftTurn07_stageii.npz,val,512,93,83
KIT,KIT:7,KIT/7/LeftTurn08_stageii.npz,val,514,93,83
KIT,KIT:7,KIT/7/LeftTurn09_stageii.npz,val,550,101,91
KIT,KIT:7,KIT/7/LeftTurn10_stageii.npz,val,523,95,85
KIT,KIT:7,KIT/7/RightTurn01_stageii.npz,val,547,100,90
KIT,KIT:7,KIT/7/RightTurn02_stageii.npz,val,523,95,85
KIT,KIT:7,KIT/7/RightTurn03_stageii.npz,val,557,102,92
KIT,KIT:7,KIT/7/RightTurn04_stageii.npz,val,544,99,89
KIT,KIT:7,KIT/7/RightTurn05_stageii.npz,val,537,98,88
KIT,KIT:7,KIT/7/RightTurn06_stageii.npz,val,525,96,86
KIT,KIT:7,KIT/7/RightTurn07_stageii.npz,val,504,91,81
KIT,KIT:7,KIT/7/RightTurn08_stageii.npz,val,565,104,94
KIT,KIT:7,KIT/7/RightTurn09_stageii.npz,val,498,90,80
KIT,KIT:7,KIT/7/RightTurn10_stageii.npz,val,611,113,103
KIT,KIT:7,KIT/7/WalkInClockwiseCircle01_stageii.npz,val,877,166,156
KIT,KIT:7,KIT/7/WalkInClockwiseCircle02_stageii.npz,val,721,135,125
KIT,KIT:7,KIT/7/WalkInClockwiseCircle03_stageii.npz,val,744,139,129
KIT,KIT:7,KIT/7/WalkInClockwiseCircle04_stageii.npz,val,712,133,123
KIT,KIT:7,KIT/7/WalkInClockwiseCircle05_stageii.npz,val,747,140,130
KIT,KIT:7,KIT/7/WalkInClockwiseCircle06_stageii.npz,val,732,137,127
KIT,KIT:7,KIT/7/WalkInClockwiseCircle07_stageii.npz,val,742,139,129
KIT,KIT:7,KIT/7/WalkInClockwiseCircle08_stageii.npz,val,751,141,131
KIT,KIT:7,KIT/7/WalkInClockwiseCircle09_stageii.npz,val,740,139,129
KIT,KIT:7,KIT/7/WalkInClockwiseCircle10_stageii.npz,val,726,136,126
KIT,KIT:7,KIT/7/WalkInCounterClockwiseCircle01_stageii.npz,val,750,141,131
KIT,KIT:7,KIT/7/WalkInCounterClockwiseCircle02_stageii.npz,val,716,134,124
KIT,KIT:7,KIT/7/WalkInCounterClockwiseCircle03_stageii.npz,val,723,135,125
KIT,KIT:7,KIT/7/WalkInCounterClockwiseCircle04_stageii.npz,val,722,135,125
KIT,KIT:7,KIT/7/WalkInCounterClockwiseCircle05_stageii.npz,val,727,136,126
KIT,KIT:7,KIT/7/WalkInCounterClockwiseCircle06_stageii.npz,val,727,136,126
KIT,KIT:7,KIT/7/WalkInCounterClockwiseCircle07_stageii.npz,val,740,139,129
KIT,KIT:7,KIT/7/WalkInCounterClockwiseCircle08_stageii.npz,val,727,136,126
KIT,KIT:7,KIT/7/WalkInCounterClockwiseCircle09_stageii.npz,val,747,140,130
KIT,KIT:7,KIT/7/WalkInCounterClockwiseCircle10_stageii.npz,val,721,135,125
KIT,KIT:7,KIT/7/WalkingStraightBackwards01_stageii.npz,val,520,95,85
KIT,KIT:7,KIT/7/WalkingStraightBackwards02_stageii.npz,val,579,106,96
KIT,KIT:7,KIT/7/WalkingStraightBackwards03_stageii.npz,val,594,109,99
KIT,KIT:7,KIT/7/WalkingStraightBackwards04_stageii.npz,val,552,101,91
KIT,KIT:7,KIT/7/WalkingStraightBackwards05_stageii.npz,val,560,103,93
KIT,KIT:7,KIT/7/WalkingStraightBackwards06_stageii.npz,val,579,106,96
KIT,KIT:7,KIT/7/WalkingStraightBackwards07_stageii.npz,val,559,102,92
KIT,KIT:7,KIT/7/WalkingStraightBackwards08_stageii.npz,val,497,90,80
KIT,KIT:7,KIT/7/WalkingStraightBackwards09_stageii.npz,val,538,98,88
KIT,KIT:7,KIT/7/WalkingStraightBackwards10_stageii.npz,val,526,96,86
KIT,KIT:7,KIT/7/WalkingStraightForwards01_stageii.npz,val,556,102,92
KIT,KIT:7,KIT/7/WalkingStraightForwards02_stageii.npz,val,523,95,85
KIT,KIT:7,KIT/7/WalkingStraightForwards03_stageii.npz,val,528,96,86
KIT,KIT:7,KIT/7/WalkingStraightForwards04_stageii.npz,val,580,107,97
KIT,KIT:7,KIT/7/WalkingStraightForwards05_stageii.npz,val,565,104,94
KIT,KIT:7,KIT/7/WalkingStraightForwards06_stageii.npz,val,563,103,93
KIT,KIT:7,KIT/7/WalkingStraightForwards07_stageii.npz,val,604,111,101
KIT,KIT:7,KIT/7/WalkingStraightForwards08_stageii.npz,val,539,98,88
KIT,KIT:7,KIT/7/WalkingStraightForwards09_stageii.npz,val,527,96,86
KIT,KIT:7,KIT/7/WalkingStraightForwards10_stageii.npz,val,561,103,93
KIT,KIT:725,KIT/725/Trial_02_stageii.npz,test,3419,674,664
KIT,KIT:8,KIT/8/RightTurn01_stageii.npz,test,540,99,89
KIT,KIT:8,KIT/8/RightTurn02_stageii.npz,test,514,93,83
KIT,KIT:8,KIT/8/RightTurn03_stageii.npz,test,550,101,91
KIT,KIT:8,KIT/8/RightTurn04_stageii.npz,test,567,104,94
KIT,KIT:8,KIT/8/RightTurn05_stageii.npz,test,498,90,80
KIT,KIT:8,KIT/8/RightTurn06_stageii.npz,test,512,93,83
KIT,KIT:8,KIT/8/RightTurn07_stageii.npz,test,499,90,80
KIT,KIT:8,KIT/8/RightTurn08_stageii.npz,test,505,92,82
KIT,KIT:8,KIT/8/RightTurn09_stageii.npz,test,582,107,97
KIT,KIT:8,KIT/8/RightTurn10_stageii.npz,test,514,93,83
KIT,KIT:8,KIT/8/WalkInClockwiseCircle01_stageii.npz,test,812,153,143
KIT,KIT:8,KIT/8/WalkInClockwiseCircle02_stageii.npz,test,821,155,145
KIT,KIT:8,KIT/8/WalkInClockwiseCircle03_stageii.npz,test,769,144,134
KIT,KIT:8,KIT/8/WalkInClockwiseCircle04_stageii.npz,test,795,150,140
KIT,KIT:8,KIT/8/WalkInClockwiseCircle05_stageii.npz,test,794,149,139
KIT,KIT:8,KIT/8/WalkInClockwiseCircle06_stageii.npz,test,766,144,134
KIT,KIT:8,KIT/8/WalkInClockwiseCircle07_stageii.npz,test,810,153,143
KIT,KIT:8,KIT/8/WalkInClockwiseCircle08_stageii.npz,test,782,147,137
KIT,KIT:8,KIT/8/WalkInClockwiseCircle09_stageii.npz,test,826,156,146
KIT,KIT:8,KIT/8/WalkInClockwiseCircle10_stageii.npz,test,755,142,132
KIT,KIT:8,KIT/8/WalkInCounterClockwiseCircle01_stageii.npz,test,846,160,150
KIT,KIT:8,KIT/8/WalkInCounterClockwiseCircle02_stageii.npz,test,745,140,130
KIT,KIT:8,KIT/8/WalkInCounterClockwiseCircle03_stageii.npz,test,663,123,113
KIT,KIT:8,KIT/8/WalkInCounterClockwiseCircle04_stageii.npz,test,794,149,139
KIT,KIT:8,KIT/8/WalkInCounterClockwiseCircle05_stageii.npz,test,796,150,140
KIT,KIT:8,KIT/8/WalkInCounterClockwiseCircle06_stageii.npz,test,852,161,151
KIT,KIT:8,KIT/8/WalkInCounterClockwiseCircle07_stageii.npz,test,789,148,138
KIT,KIT:8,KIT/8/WalkInCounterClockwiseCircle08_stageii.npz,test,793,149,139
KIT,KIT:8,KIT/8/WalkInCounterClockwiseCircle09_stageii.npz,test,780,147,137
KIT,KIT:8,KIT/8/WalkInCounterClockwiseCircle10_stageii.npz,test,766,144,134
KIT,KIT:8,KIT/8/WalkingStraightBackwards01_stageii.npz,test,709,132,122
KIT,KIT:8,KIT/8/WalkingStraightBackwards02_stageii.npz,test,551,101,91
KIT,KIT:8,KIT/8/WalkingStraightBackwards03_stageii.npz,test,577,106,96
KIT,KIT:8,KIT/8/WalkingStraightBackwards04_stageii.npz,test,539,98,88
KIT,KIT:8,KIT/8/WalkingStraightBackwards05_stageii.npz,test,579,106,96
KIT,KIT:8,KIT/8/WalkingStraightBackwards06_stageii.npz,test,617,114,104
KIT,KIT:8,KIT/8/WalkingStraightBackwards07_stageii.npz,test,614,113,103
KIT,KIT:8,KIT/8/WalkingStraightBackwards08_stageii.npz,test,589,108,98
KIT,KIT:8,KIT/8/WalkingStraightBackwards09_stageii.npz,test,619,114,104
KIT,KIT:8,KIT/8/WalkingStraightBackwards10_1_stageii.npz,test,588,108,98
KIT,KIT:8,KIT/8/WalkingStraightForwards01_stageii.npz,test,543,99,89
KIT,KIT:8,KIT/8/WalkingStraightForwards02_stageii.npz,test,554,101,91
KIT,KIT:8,KIT/8/WalkingStraightForwards03_stageii.npz,test,559,102,92
KIT,KIT:8,KIT/8/WalkingStraightForwards04_stageii.npz,test,570,105,95
KIT,KIT:8,KIT/8/WalkingStraightForwards05_stageii.npz,test,617,114,104
KIT,KIT:8,KIT/8/WalkingStraightForwards06_stageii.npz,test,552,101,91
KIT,KIT:8,KIT/8/WalkingStraightForwards07_stageii.npz,test,608,112,102
KIT,KIT:8,KIT/8/WalkingStraightForwards08_stageii.npz,test,515,94,84
KIT,KIT:8,KIT/8/WalkingStraightForwards09_stageii.npz,test,639,118,108
KIT,KIT:8,KIT/8/WalkingStraightForwards10_stageii.npz,test,629,116,106
KIT,KIT:9,KIT/9/bend_left01_stageii.npz,train,579,106,96
KIT,KIT:9,KIT/9/bend_left02_stageii.npz,train,521,95,85
KIT,KIT:9,KIT/9/bend_left03_stageii.npz,train,527,96,86
KIT,KIT:9,KIT/9/bend_left04_stageii.npz,train,559,102,92
KIT,KIT:9,KIT/9/bend_left05_stageii.npz,train,517,94,84
KIT,KIT:9,KIT/9/bend_left06_stageii.npz,train,510,93,83
KIT,KIT:9,KIT/9/bend_left07_stageii.npz,train,536,98,88
KIT,KIT:9,KIT/9/bend_left08_stageii.npz,train,525,96,86
KIT,KIT:9,KIT/9/bend_left09_stageii.npz,train,499,90,80
KIT,KIT:9,KIT/9/bend_left10_stageii.npz,train,594,109,99
KIT,KIT:9,KIT/9/bend_right01_stageii.npz,train,503,91,81
KIT,KIT:9,KIT/9/bend_right02_stageii.npz,train,573,105,95
KIT,KIT:9,KIT/9/bend_right03_stageii.npz,train,494,89,79
KIT,KIT:9,KIT/9/bend_right04_stageii.npz,train,447,80,70
KIT,KIT:9,KIT/9/bend_right05_stageii.npz,train,528,96,86
KIT,KIT:9,KIT/9/bend_right06_stageii.npz,train,561,103,93
KIT,KIT:9,KIT/9/bend_right07_stageii.npz,train,526,96,86
KIT,KIT:9,KIT/9/bend_right08_stageii.npz,train,500,91,81
KIT,KIT:9,KIT/9/bend_right09_stageii.npz,train,513,93,83
KIT,KIT:9,KIT/9/bend_right10_stageii.npz,train,569,104,94
KIT,KIT:9,KIT/9/LeftTurn01_stageii.npz,train,598,110,100
KIT,KIT:9,KIT/9/LeftTurn02_stageii.npz,train,543,99,89
KIT,KIT:9,KIT/9/LeftTurn03_stageii.npz,train,493,89,79
KIT,KIT:9,KIT/9/LeftTurn04_stageii.npz,train,565,104,94
KIT,KIT:9,KIT/9/LeftTurn05_stageii.npz,train,468,84,74
KIT,KIT:9,KIT/9/LeftTurn06_stageii.npz,train,482,87,77
KIT,KIT:9,KIT/9/LeftTurn07_stageii.npz,train,474,85,75
KIT,KIT:9,KIT/9/LeftTurn08_stageii.npz,train,549,100,90
KIT,KIT:9,KIT/9/LeftTurn09_stageii.npz,train,546,100,90
KIT,KIT:9,KIT/9/LeftTurn10_stageii.npz,train,583,107,97
KIT,KIT:9,KIT/9/RightTurn01_stageii.npz,train,533,97,87
KIT,KIT:9,KIT/9/RightTurn02_stageii.npz,train,517,94,84
KIT,KIT:9,KIT/9/RightTurn03_stageii.npz,train,556,102,92
KIT,KIT:9,KIT/9/RightTurn04_stageii.npz,train,493,89,79
KIT,KIT:9,KIT/9/RightTurn05_stageii.npz,train,543,99,89
KIT,KIT:9,KIT/9/RightTurn06_stageii.npz,train,418,74,64
KIT,KIT:9,KIT/9/RightTurn07_stageii.npz,train,380,67,57
KIT,KIT:9,KIT/9/RightTurn08_stageii.npz,train,488,88,78
KIT,KIT:9,KIT/9/RightTurn09_stageii.npz,train,428,76,66
KIT,KIT:9,KIT/9/RightTurn10_stageii.npz,train,421,75,65
KIT,KIT:9,KIT/9/run01_stageii.npz,train,91,9,0
KIT,KIT:9,KIT/9/run02_stageii.npz,train,108,12,2
KIT,KIT:9,KIT/9/run03_stageii.npz,train,102,11,1
KIT,KIT:9,KIT/9/run04_stageii.npz,train,95,10,0
KIT,KIT:9,KIT/9/run05_stageii.npz,train,99,10,0
KIT,KIT:9,KIT/9/step_over_gap01_stageii.npz,train,584,107,97
KIT,KIT:9,KIT/9/step_over_gap02_stageii.npz,train,555,102,92
KIT,KIT:9,KIT/9/step_over_gap03_stageii.npz,train,566,104,94
KIT,KIT:9,KIT/9/step_over_gap04_stageii.npz,train,568,104,94
KIT,KIT:9,KIT/9/step_over_gap05_stageii.npz,train,555,102,92
KIT,KIT:9,KIT/9/step_over_gap06_stageii.npz,train,550,101,91
KIT,KIT:9,KIT/9/step_over_gap07_stageii.npz,train,515,94,84
KIT,KIT:9,KIT/9/step_over_gap08_stageii.npz,train,588,108,98
KIT,KIT:9,KIT/9/step_over_gap09_stageii.npz,train,537,98,88
KIT,KIT:9,KIT/9/step_over_gap10_stageii.npz,train,558,102,92
KIT,KIT:9,KIT/9/step_over_gap11_stageii.npz,train,710,133,123
KIT,KIT:9,KIT/9/turn_left01_stageii.npz,train,547,100,90
KIT,KIT:9,KIT/9/turn_left02_stageii.npz,train,551,101,91
KIT,KIT:9,KIT/9/turn_left03_stageii.npz,train,485,88,78
KIT,KIT:9,KIT/9/turn_left04_stageii.npz,train,462,83,73
KIT,KIT:9,KIT/9/turn_left05_stageii.npz,train,519,94,84
KIT,KIT:9,KIT/9/turn_left06_stageii.npz,train,584,107,97
KIT,KIT:9,KIT/9/turn_left07_stageii.npz,train,535,98,88
KIT,KIT:9,KIT/9/turn_left08_stageii.npz,train,590,109,99
KIT,KIT:9,KIT/9/turn_left09_stageii.npz,train,552,101,91
KIT,KIT:9,KIT/9/turn_left10_stageii.npz,train,525,96,86
KIT,KIT:9,KIT/9/WalkInClockwiseCircle01_stageii.npz,train,948,180,170
KIT,KIT:9,KIT/9/WalkInClockwiseCircle02_stageii.npz,train,827,156,146
KIT,KIT:9,KIT/9/WalkInClockwiseCircle03_stageii.npz,train,844,159,149
KIT,KIT:9,KIT/9/WalkInClockwiseCircle04_stageii.npz,train,861,163,153
KIT,KIT:9,KIT/9/WalkInClockwiseCircle05_stageii.npz,train,874,165,155
KIT,KIT:9,KIT/9/WalkInClockwiseCircle06_stageii.npz,train,832,157,147
KIT,KIT:9,KIT/9/WalkInClockwiseCircle07_stageii.npz,train,827,156,146
KIT,KIT:9,KIT/9/WalkInClockwiseCircle08_stageii.npz,train,858,162,152
KIT,KIT:9,KIT/9/WalkInClockwiseCircle09_stageii.npz,train,782,147,137
KIT,KIT:9,KIT/9/WalkInClockwiseCircle10_stageii.npz,train,837,158,148
KIT,KIT:9,KIT/9/WalkInCounterClockwiseCircle01_stageii.npz,train,861,163,153
KIT,KIT:9,KIT/9/WalkInCounterClockwiseCircle02_stageii.npz,train,771,145,135
KIT,KIT:9,KIT/9/WalkInCounterClockwiseCircle03_stageii.npz,train,802,151,141
KIT,KIT:9,KIT/9/WalkInCounterClockwiseCircle04_stageii.npz,train,798,150,140
KIT,KIT:9,KIT/9/WalkInCounterClockwiseCircle05_stageii.npz,train,833,157,147
KIT,KIT:9,KIT/9/WalkInCounterClockwiseCircle06_stageii.npz,train,852,161,151
KIT,KIT:9,KIT/9/WalkInCounterClockwiseCircle07_stageii.npz,train,857,162,152
KIT,KIT:9,KIT/9/WalkInCounterClockwiseCircle08_stageii.npz,train,780,147,137
KIT,KIT:9,KIT/9/WalkInCounterClockwiseCircle09_stageii.npz,train,841,159,149
KIT,KIT:9,KIT/9/WalkInCounterClockwiseCircle10_stageii.npz,train,819,154,144
KIT,KIT:9,KIT/9/walking_medium01_stageii.npz,train,547,100,90
KIT,KIT:9,KIT/9/walking_medium02_stageii.npz,train,587,108,98
KIT,KIT:9,KIT/9/walking_medium03_stageii.npz,train,508,92,82
KIT,KIT:9,KIT/9/walking_medium04_stageii.npz,train,541,99,89
KIT,KIT:9,KIT/9/walking_medium05_stageii.npz,train,457,82,72
KIT,KIT:9,KIT/9/walking_medium06_stageii.npz,train,555,102,92
KIT,KIT:9,KIT/9/walking_medium07_stageii.npz,train,543,99,89
KIT,KIT:9,KIT/9/walking_medium08_stageii.npz,train,489,88,78
KIT,KIT:9,KIT/9/walking_medium09_stageii.npz,train,554,101,91
KIT,KIT:9,KIT/9/walking_medium10_stageii.npz,train,485,88,78
KIT,KIT:9,KIT/9/walking_run01_stageii.npz,train,482,87,77
KIT,KIT:9,KIT/9/walking_run02_stageii.npz,train,372,65,55
KIT,KIT:9,KIT/9/walking_run03_stageii.npz,train,318,54,44
KIT,KIT:9,KIT/9/walking_run04_stageii.npz,train,385,68,58
KIT,KIT:9,KIT/9/walking_run05_stageii.npz,train,456,82,72
KIT,KIT:9,KIT/9/walking_run06_stageii.npz,train,337,58,48
KIT,KIT:9,KIT/9/walking_run07_stageii.npz,train,400,71,61
KIT,KIT:9,KIT/9/walking_run08_stageii.npz,train,420,75,65
KIT,KIT:9,KIT/9/walking_run09_stageii.npz,train,416,74,64
KIT,KIT:9,KIT/9/walking_run10_stageii.npz,train,419,74,64
KIT,KIT:9,KIT/9/walking_slow01_stageii.npz,train,624,115,105
KIT,KIT:9,KIT/9/walking_slow02_stageii.npz,train,797,150,140
KIT,KIT:9,KIT/9/walking_slow03_stageii.npz,train,776,146,136
KIT,KIT:9,KIT/9/walking_slow04_stageii.npz,train,765,144,134
KIT,KIT:9,KIT/9/walking_slow05_stageii.npz,train,676,126,116
KIT,KIT:9,KIT/9/walking_slow06_stageii.npz,train,761,143,133
KIT,KIT:9,KIT/9/walking_slow07_stageii.npz,train,684,127,117
KIT,KIT:9,KIT/9/walking_slow08_stageii.npz,train,878,166,156
KIT,KIT:9,KIT/9/walking_slow09_stageii.npz,train,910,173,163
KIT,KIT:9,KIT/9/walking_slow10_stageii.npz,train,741,139,129
KIT,KIT:9,KIT/9/WalkingStraightBackwards01_stageii.npz,train,510,93,83
KIT,KIT:9,KIT/9/WalkingStraightBackwards02_stageii.npz,train,479,86,76
KIT,KIT:9,KIT/9/WalkingStraightBackwards03_stageii.npz,train,490,89,79
KIT,KIT:9,KIT/9/WalkingStraightBackwards04_stageii.npz,train,484,87,77
KIT,KIT:9,KIT/9/WalkingStraightBackwards05_stageii.npz,train,477,86,76
KIT,KIT:9,KIT/9/WalkingStraightBackwards06_stageii.npz,train,492,89,79
KIT,KIT:9,KIT/9/WalkingStraightBackwards07_stageii.npz,train,530,97,87
KIT,KIT:9,KIT/9/WalkingStraightBackwards09_stageii.npz,train,455,82,72
KIT,KIT:9,KIT/9/WalkingStraightBackwards10_stageii.npz,train,455,82,72
KIT,KIT:9,KIT/9/WalkingStraightForwards01_stageii.npz,train,787,148,138
KIT,KIT:9,KIT/9/WalkingStraightForwards02_stageii.npz,train,707,132,122
KIT,KIT:9,KIT/9/WalkingStraightForwards03_stageii.npz,train,637,118,108
KIT,KIT:9,KIT/9/WalkingStraightForwards04_stageii.npz,train,627,116,106
KIT,KIT:9,KIT/9/WalkingStraightForwards05_stageii.npz,train,538,98,88
KIT,KIT:9,KIT/9/WalkingStraightForwards06_stageii.npz,train,418,74,64
KIT,KIT:9,KIT/9/WalkingStraightForwards07_stageii.npz,train,505,92,82
KIT,KIT:9,KIT/9/WalkingStraightForwards08_stageii.npz,train,595,110,100
KIT,KIT:9,KIT/9/WalkingStraightForwards09_stageii.npz,train,517,94,84
KIT,KIT:9,KIT/9/WalkingStraightForwards10_stageii.npz,train,501,91,81
KIT,KIT:912,KIT/912/912_3_01_stageii.npz,train,1965,384,374
KIT,KIT:912,KIT/912/912_3_02_stageii.npz,train,2070,405,395
KIT,KIT:912,KIT/912/912_3_03_stageii.npz,train,1270,245,235
KIT,KIT:912,KIT/912/912_3_04_stageii.npz,train,1222,235,225
KIT,KIT:912,KIT/912/912_3_05_stageii.npz,train,1098,210,200
KIT,KIT:912,KIT/912/912_3_06_stageii.npz,train,1281,247,237
KIT,KIT:912,KIT/912/912_3_07_stageii.npz,train,1669,324,314
KIT,KIT:912,KIT/912/912_3_08_stageii.npz,train,1467,284,274
KIT,KIT:912,KIT/912/912_3_09_stageii.npz,train,1601,311,301
KIT,KIT:912,KIT/912/912_3_10_stageii.npz,train,2086,408,398
KIT,KIT:912,KIT/912/912_3_11_stageii.npz,train,1798,350,340
KIT,KIT:912,KIT/912/912_3_12_stageii.npz,train,2166,424,414
KIT,KIT:912,KIT/912/912_3_14_stageii.npz,train,2027,396,386
KIT,KIT:912,KIT/912/912_3_15_stageii.npz,train,1092,209,199
KIT,KIT:912,KIT/912/912_3_17_stageii.npz,train,1424,275,265
KIT,KIT:912,KIT/912/912_3_18_stageii.npz,train,2301,451,441
KIT,KIT:917,KIT/917/Experiment3a_04_stageii.npz,val,11216,2234,2224
KIT,KIT:917,KIT/917/Experiment3a_09_stageii.npz,val,7867,1564,1554
KIT,KIT:917,KIT/917/Experiment3b_02_stageii.npz,val,11531,2297,2287
KIT,KIT:917,KIT/917/Experiment3b_05_stageii.npz,val,8260,1643,1633
KIT,KIT:948,KIT/948/Wipe_Arm_Big_Circle_01_stageii.npz,train,830,157,147
KIT,KIT:948,KIT/948/Wipe_Arm_Dabbing_01_stageii.npz,train,802,151,141
KIT,KIT:948,KIT/948/Wipe_Arm_Small_Circle_01_stageii.npz,train,857,162,152
KIT,KIT:948,KIT/948/Wipe_Arm_Vertical_01_stageii.npz,train,866,164,154
KIT,KIT:948,KIT/948/Wipe_Back_Big_Circle_01_stageii.npz,train,1056,202,192
KIT,KIT:948,KIT/948/Wipe_Back_Big_Circle_02_stageii.npz,train,1025,196,186
KIT,KIT:948,KIT/948/Wipe_Back_Dabbing_01_stageii.npz,train,1048,200,190
KIT,KIT:948,KIT/948/Wipe_Back_Horizontal_01_stageii.npz,train,946,180,170
KIT,KIT:948,KIT/948/Wipe_Back_Small_Circle_01_stageii.npz,train,893,169,159
KIT,KIT:948,KIT/948/Wipe_Back_Vertical_01_stageii.npz,train,988,188,178
KIT,KIT:948,KIT/948/Wipe_Back_Vertical_02_stageii.npz,train,887,168,158
KIT,KIT:948,KIT/948/Wipe_Head_Big_Circle_01_stageii.npz,train,958,182,172
KIT,KIT:948,KIT/948/Wipe_Head_Dabbing_01_stageii.npz,train,857,162,152
KIT,KIT:948,KIT/948/Wipe_Head_Dabbing_02_stageii.npz,train,788,148,138
KIT,KIT:948,KIT/948/Wipe_Head_Horizontal_01_stageii.npz,train,891,169,159
KIT,KIT:948,KIT/948/Wipe_Head_Small_Circle_01_stageii.npz,train,755,142,132
KIT,KIT:948,KIT/948/Wipe_Head_Small_Circle_02_stageii.npz,train,721,135,125
KIT,KIT:948,KIT/948/Wipe_Head_Vertical_01_stageii.npz,train,1116,214,204
KIT,KIT:948,KIT/948/Wipe_Head_Vertical_02_stageii.npz,train,880,167,157
KIT,KIT:948,KIT/948/Wipe_Leg_Big_Circle_01_stageii.npz,train,812,153,143
KIT,KIT:948,KIT/948/Wipe_Leg_Dabbing_01_stageii.npz,train,855,162,152
KIT,KIT:948,KIT/948/Wipe_Leg_Small_Circle_01_stageii.npz,train,756,142,132
KIT,KIT:948,KIT/948/Wipe_Leg_Vertical_01_stageii.npz,train,768,144,134
KIT,KIT:950,KIT/950/Wipe_Arm_Big_Circle_02_stageii.npz,val,827,156,146
KIT,KIT:950,KIT/950/Wipe_Arm_Big_Circle_03_stageii.npz,val,779,146,136
KIT,KIT:950,KIT/950/Wipe_Arm_Dabbing_01_stageii.npz,val,530,97,87
KIT,KIT:950,KIT/950/Wipe_Arm_Dabbing_02_stageii.npz,val,624,115,105
KIT,KIT:950,KIT/950/Wipe_Arm_Small_Circle_01_stageii.npz,val,830,157,147
KIT,KIT:950,KIT/950/Wipe_Arm_Vertical_02_stageii.npz,val,788,148,138
KIT,KIT:950,KIT/950/Wipe_Back_Big_Circle_01_stageii.npz,val,802,151,141
KIT,KIT:950,KIT/950/Wipe_Back_Dabbing_01_stageii.npz,val,670,125,115
KIT,KIT:950,KIT/950/Wipe_Back_Dabbing_02_stageii.npz,val,745,140,130
KIT,KIT:950,KIT/950/Wipe_Back_Horizontal_01_stageii.npz,val,800,151,141
KIT,KIT:950,KIT/950/Wipe_Back_Small_Circle_01_stageii.npz,val,989,188,178
KIT,KIT:950,KIT/950/Wipe_Back_Vertical_01_stageii.npz,val,749,140,130
KIT,KIT:950,KIT/950/Wipe_Head_Big_Circle_01_stageii.npz,val,978,186,176
KIT,KIT:950,KIT/950/Wipe_Head_Dabbing_01_stageii.npz,val,951,181,171
KIT,KIT:950,KIT/950/Wipe_Head_Dabbing_02_stageii.npz,val,887,168,158
KIT,KIT:950,KIT/950/Wipe_Head_Horizontal_01_stageii.npz,val,1049,200,190
KIT,KIT:950,KIT/950/Wipe_Head_Small_Circle_01_stageii.npz,val,936,178,168
KIT,KIT:950,KIT/950/Wipe_Head_Small_Circle_02_stageii.npz,val,893,169,159
KIT,KIT:950,KIT/950/Wipe_Head_Small_Circle_03_stageii.npz,val,735,138,128
KIT,KIT:950,KIT/950/Wipe_Head_Vertical_01_stageii.npz,val,1234,237,227
KIT,KIT:950,KIT/950/Wipe_Head_Vertical_02_stageii.npz,val,1280,247,237
KIT,KIT:950,KIT/950/Wipe_Leg_Dabbing_01_stageii.npz,val,486,88,78
KIT,KIT:950,KIT/950/Wipe_Leg_Dabbing_02_stageii.npz,val,655,122,112
KIT,KIT:950,KIT/950/Wipe_Leg_Small_Circle_01_stageii.npz,val,650,121,111
KIT,KIT:950,KIT/950/Wipe_Leg_Vertical_01_stageii.npz,val,641,119,109
KIT,KIT:952,KIT/952/wipe_arm_bigcircles01_stageii.npz,test,1365,264,254
KIT,KIT:952,KIT/952/wipe_arm_dabbing01_stageii.npz,test,834,157,147
KIT,KIT:952,KIT/952/wipe_arm_smallcircles01_stageii.npz,test,1101,211,201
KIT,KIT:952,KIT/952/wipe_arm_vertical01_stageii.npz,test,1134,217,207
KIT,KIT:952,KIT/952/wipe_back_biglcircles01_stageii.npz,test,1251,241,231
KIT,KIT:952,KIT/952/wipe_back_biglcircles02_stageii.npz,test,1229,236,226
KIT,KIT:952,KIT/952/wipe_back_biglcircles03_stageii.npz,test,1117,214,204
KIT,KIT:952,KIT/952/wipe_back_dabbing01_stageii.npz,test,988,188,178
KIT,KIT:952,KIT/952/wipe_back_dabbing02_stageii.npz,test,1062,203,193
KIT,KIT:952,KIT/952/wipe_back_dabbing03_stageii.npz,test,852,161,151
KIT,KIT:952,KIT/952/wipe_back_horizontal01_stageii.npz,test,1016,194,184
KIT,KIT:952,KIT/952/wipe_back_horizontal02_stageii.npz,test,1027,196,186
KIT,KIT:952,KIT/952/wipe_back_horizontal03_stageii.npz,test,1014,193,183
KIT,KIT:952,KIT/952/wipe_back_smallcircle01_stageii.npz,test,1054,201,191
KIT,KIT:952,KIT/952/wipe_back_smallcircle02_stageii.npz,test,1056,202,192
KIT,KIT:952,KIT/952/wipe_back_smallcircle03_stageii.npz,test,1020,195,185
KIT,KIT:952,KIT/952/wipe_back_vertical01_stageii.npz,test,1237,238,228
KIT,KIT:952,KIT/952/wipe_back_vertical02_stageii.npz,test,1164,223,213
KIT,KIT:952,KIT/952/wipe_back_vertical03_stageii.npz,test,1143,219,209
KIT,KIT:952,KIT/952/wipe_head_bigcircle01_stageii.npz,test,1547,300,290
KIT,KIT:952,KIT/952/wipe_head_bigcircle02_stageii.npz,test,1877,366,356
KIT,KIT:952,KIT/952/wipe_head_dabbing01_stageii.npz,test,1064,203,193
KIT,KIT:952,KIT/952/wipe_head_dabbing02_stageii.npz,test,995,190,180
KIT,KIT:952,KIT/952/wipe_head_smallcircle01_stageii.npz,test,1278,246,236
KIT,KIT:952,KIT/952/wipe_head_vertical01_stageii.npz,test,1375,266,256
KIT,KIT:952,KIT/952/wipe_leg_biglcircles01_stageii.npz,test,1584,307,297
KIT,KIT:952,KIT/952/wipe_leg_dabbing01_stageii.npz,test,873,165,155
KIT,KIT:952,KIT/952/wipe_leg_smallcircles02_stageii.npz,test,1283,247,237
KIT,KIT:952,KIT/952/wipe_leg_vertical01_stageii.npz,test,1210,233,223
KIT,KIT:955,KIT/955/wipe_arm_bigcircles01_stageii.npz,train,1302,251,241
KIT,KIT:955,KIT/955/wipe_arm_dabbing01_stageii.npz,train,1002,191,181
KIT,KIT:955,KIT/955/wipe_arm_smallcircles01_stageii.npz,train,1105,212,202
KIT,KIT:955,KIT/955/wipe_arm_smallcircles02_stageii.npz,train,1103,211,201
KIT,KIT:955,KIT/955/wipe_arm_vertical01_stageii.npz,train,1153,221,211
KIT,KIT:955,KIT/955/wipe_back_bigcircles01_stageii.npz,train,1575,306,296
KIT,KIT:955,KIT/955/wipe_back_bigcircles02_stageii.npz,train,1294,249,239
KIT,KIT:955,KIT/955/wipe_back_bigcircles03_stageii.npz,train,1403,271,261
KIT,KIT:955,KIT/955/wipe_back_dabbing01_stageii.npz,train,934,177,167
KIT,KIT:955,KIT/955/wipe_back_dabbing02_stageii.npz,train,1069,204,194
KIT,KIT:955,KIT/955/wipe_back_dabbing03_stageii.npz,train,980,187,177
KIT,KIT:955,KIT/955/wipe_back_smallcircles01_stageii.npz,train,1131,217,207
KIT,KIT:955,KIT/955/wipe_back_smallcircles02_stageii.npz,train,1101,211,201
KIT,KIT:955,KIT/955/wipe_back_vertical02_stageii.npz,train,1010,193,183
KIT,KIT:955,KIT/955/wipe_head_bigcircles01_stageii.npz,train,1332,257,247
KIT,KIT:955,KIT/955/wipe_head_dabbing01_stageii.npz,train,1026,196,186
KIT,KIT:955,KIT/955/wipe_head_horizontal01_stageii.npz,train,1129,216,206
KIT,KIT:955,KIT/955/wipe_head_smallcircles01_stageii.npz,train,185,28,18
KIT,KIT:955,KIT/955/wipe_head_smallcircles02_stageii.npz,train,1299,250,240
KIT,KIT:955,KIT/955/wipe_head_vertical01_stageii.npz,train,961,183,173
KIT,KIT:955,KIT/955/wipe_leg_bigcircles01_stageii.npz,train,1104,211,201
KIT,KIT:955,KIT/955/wipe_leg_dabbing01_stageii.npz,train,1097,210,200
KIT,KIT:955,KIT/955/wipe_leg_dabbing02_stageii.npz,train,986,188,178
KIT,KIT:955,KIT/955/wipe_leg_dabbing03_stageii.npz,train,975,186,176
KIT,KIT:955,KIT/955/wipe_leg_smallcircles01_stageii.npz,train,1360,263,253
KIT,KIT:955,KIT/955/wipe_leg_smallcircles02_stageii.npz,train,1168,224,214
KIT,KIT:955,KIT/955/wipe_leg_vertical01_stageii.npz,train,1095,210,200
KIT,KIT:965,KIT/965/Experiment3a_02_stageii.npz,train,4974,985,975
KIT,KIT:965,KIT/965/Experiment3a_03_stageii.npz,train,6926,1376,1366
KIT,KIT:965,KIT/965/Experiment3a_05_stageii.npz,train,8585,1708,1698
KIT,KIT:965,KIT/965/Experiment3a_07_stageii.npz,train,11634,2317,2307
KIT,KIT:965,KIT/965/Experiment3a_08_stageii.npz,train,11948,2380,2370
KIT,KIT:965,KIT/965/Experiment3a_09_stageii.npz,train,11504,2291,2281
KIT,KIT:965,KIT/965/Experiment3b_02_stageii.npz,train,12496,2490,2480
KIT,KIT:965,KIT/965/Experiment3b_05_stageii.npz,train,9349,1860,1850
KIT,KIT:969,KIT/969/Trial_02_stageii.npz,train,21510,4293,4283
KIT,KIT:969,KIT/969/Trial_04_stageii.npz,train,21403,4271,4261
KIT,KIT:969,KIT/969/Trial_05_stageii.npz,train,20799,4150,4140
KIT,KIT:969,KIT/969/Trial_06_stageii.npz,train,21194,4229,4219
KIT,KIT:969,KIT/969/Trial_07_stageii.npz,train,1545,300,290
KIT,KIT:969,KIT/969/Trial_08_stageii.npz,train,1510,293,283
KIT,KIT:969,KIT/969/Trial_09_stageii.npz,train,1537,298,288
KIT,KIT:969,KIT/969/Trial_10_stageii.npz,train,1526,296,286
KIT,KIT:969,KIT/969/Trial_11_stageii.npz,train,1477,286,276
KIT,KIT:969,KIT/969/Trial_12_stageii.npz,train,1310,253,243
KIT,KIT:969,KIT/969/Trial_13_stageii.npz,train,1440,279,269
KIT,KIT:969,KIT/969/Trial_14_stageii.npz,train,1688,328,318
KIT,KIT:969,KIT/969/Trial_18_stageii.npz,train,1833,357,347
KIT,KIT:969,KIT/969/Trial_19_stageii.npz,train,1590,309,299
KIT,KIT:969,KIT/969/Trial_20_stageii.npz,train,1688,328,318
KIT,KIT:969,KIT/969/Trial_21_stageii.npz,train,1730,337,327
KIT,KIT:969,KIT/969/Trial_22_stageii.npz,train,1720,335,325
KIT,KIT:969,KIT/969/Trial_23_stageii.npz,train,1864,363,353
KIT,KIT:969,KIT/969/Trial_24_stageii.npz,train,1651,321,311
KIT,KIT:969,KIT/969/Trial_25_stageii.npz,train,1420,275,265
KIT,KIT:969,KIT/969/Trial_26_stageii.npz,train,1528,296,286
KIT,KIT:969,KIT/969/Trial_27_stageii.npz,train,1530,297,287
KIT,KIT:969,KIT/969/Trial_28_stageii.npz,train,1600,311,301
KIT,KIT:969,KIT/969/Trial_29_stageii.npz,train,1552,301,291
KIT,KIT:969,KIT/969/Trial_30_stageii.npz,train,1334,257,247
KIT,KIT:969,KIT/969/Trial_31_stageii.npz,train,1705,332,322
KIT,KIT:969,KIT/969/Trial_32_stageii.npz,train,1261,243,233
KIT,KIT:969,KIT/969/Trial_33_stageii.npz,train,1205,232,222
KIT,KIT:969,KIT/969/Trial_34_stageii.npz,train,1177,226,216
KIT,KIT:969,KIT/969/Trial_35_stageii.npz,train,1055,202,192
KIT,KIT:969,KIT/969/Trial_36_stageii.npz,train,1133,217,207
KIT,KIT:969,KIT/969/Trial_37_stageii.npz,train,1127,216,206
KIT,KIT:969,KIT/969/Trial_38_stageii.npz,train,1092,209,199
KIT,KIT:969,KIT/969/Trial_39_stageii.npz,train,978,186,176
KIT,KIT:969,KIT/969/Trial_40_stageii.npz,train,1104,211,201
KIT,KIT:969,KIT/969/Trial_41_stageii.npz,train,1245,240,230
KIT,KIT:969,KIT/969/Trial_42_stageii.npz,train,1403,271,261
KIT,KIT:969,KIT/969/Trial_43_stageii.npz,train,1196,230,220
KIT,KIT:969,KIT/969/Trial_44_stageii.npz,train,1170,225,215
KIT,KIT:969,KIT/969/Trial_45_stageii.npz,train,1191,229,219
KIT,KIT:969,KIT/969/Trial_46_stageii.npz,train,1194,229,219
KIT,KIT:969,KIT/969/Trial_47_stageii.npz,train,1112,213,203
KIT,KIT:969,KIT/969/Trial_48_stageii.npz,train,1214,233,223
KIT,KIT:969,KIT/969/Trial_49_stageii.npz,train,1198,230,220
KIT,KIT:969,KIT/969/Trial_50_stageii.npz,train,1019,194,184
KIT,KIT:969,KIT/969/Trial_51_stageii.npz,train,1050,201,191
KIT,KIT:969,KIT/969/Trial_52_stageii.npz,train,981,187,177
KIT,KIT:969,KIT/969/Trial_53_stageii.npz,train,1046,200,190
KIT,KIT:969,KIT/969/Trial_54_stageii.npz,train,1058,202,192
KIT,KIT:969,KIT/969/Trial_55_stageii.npz,train,855,162,152
KIT,KIT:969,KIT/969/Trial_56_stageii.npz,train,1065,204,194
KIT,KIT:969,KIT/969/Trial_57_stageii.npz,train,1036,198,188
KIT,KIT:969,KIT/969/Trial_58_stageii.npz,train,1108,212,202
KIT,KIT:969,KIT/969/Trial_59_stageii.npz,train,1174,225,215
KIT,KIT:969,KIT/969/Trial_60_stageii.npz,train,1020,195,185
KIT,KIT:969,KIT/969/Trial_61_stageii.npz,train,938,178,168
KIT,KIT:969,KIT/969/Trial_62_stageii.npz,train,1057,202,192
KIT,KIT:969,KIT/969/Trial_63_stageii.npz,train,863,163,153
KIT,KIT:969,KIT/969/Trial_64_stageii.npz,train,995,190,180
KIT,KIT:969,KIT/969/Trial_66_stageii.npz,train,1067,204,194
KIT,KIT:969,KIT/969/Trial_67_stageii.npz,train,1022,195,185
KIT,KIT:969,KIT/969/Trial_68_stageii.npz,train,1075,206,196
KIT,KIT:969,KIT/969/Trial_69_stageii.npz,train,1375,266,256
KIT,KIT:969,KIT/969/Trial_70_stageii.npz,train,1158,222,212
KIT,KIT:969,KIT/969/Trial_71_stageii.npz,train,1088,208,198
KIT,KIT:969,KIT/969/Trial_72_stageii.npz,train,1109,212,202
KIT,KIT:969,KIT/969/Trial_73_stageii.npz,train,1051,201,191
KIT,KIT:969,KIT/969/Trial_74_stageii.npz,train,1261,243,233
KIT,KIT:969,KIT/969/Trial_75_stageii.npz,train,1246,240,230
KIT,KIT:969,KIT/969/Trial_76_stageii.npz,train,1309,252,242
KIT,KIT:969,KIT/969/Trial_77_stageii.npz,train,1398,270,260
KIT,KIT:969,KIT/969/Trial_78_stageii.npz,train,1351,261,251
KIT,KIT:969,KIT/969/Trial_79_stageii.npz,train,1545,300,290
KIT,KIT:969,KIT/969/Trial_80_stageii.npz,train,2622,515,505
KIT,KIT:969,KIT/969/Trial_81_stageii.npz,train,2875,566,556
KIT,KIT:969,KIT/969/Trial_82_stageii.npz,train,2836,558,548
KIT,KIT:969,KIT/969/Trial_83_stageii.npz,train,2839,558,548
KIT,KIT:969,KIT/969/Trial_84_stageii.npz,train,3034,597,587
KIT,KIT:969,KIT/969/Trial_85_stageii.npz,train,2873,565,555
KIT,KIT:969,KIT/969/Trial_86_stageii.npz,train,2873,565,555
KIT,KIT:969,KIT/969/Trial_87_stageii.npz,train,3389,668,658
KIT,KIT:969,KIT/969/Trial_90_stageii.npz,train,3068,604,594
KIT,KIT:969,KIT/969/Trial_91_stageii.npz,train,2988,588,578
KIT,KIT:969,KIT/969/Trial_92_stageii.npz,train,4295,850,840
KIT,KIT:987,KIT/987/Experiment3a_02_stageii.npz,train,12122,2415,2405
KIT,KIT:987,KIT/987/Experiment3a_03_stageii.npz,train,12079,2406,2396
KIT,KIT:987,KIT/987/Experiment3a_05_stageii.npz,train,11884,2367,2357
KIT,KIT:987,KIT/987/Experiment3a_06_stageii.npz,train,7046,1400,1390
KIT,KIT:987,KIT/987/Experiment3a_07_stageii.npz,train,7547,1500,1490
KIT,KIT:987,KIT/987/Experiment3a_08_stageii.npz,train,3694,729,719
KIT,KIT:987,KIT/987/Experiment3b_02_stageii.npz,train,2103,411,401
KIT,KIT:987,KIT/987/Experiment3b_05_stageii.npz,train,5721,1135,1125
KIT,KIT:987,KIT/987/Experiment3b_06_stageii.npz,train,7843,1559,1549
KIT,KIT:987,KIT/987/Experiment3b_07_stageii.npz,train,8440,1679,1669
KIT,KIT:987,KIT/987/Experiment3b_08_stageii.npz,train,8044,1599,1589
KIT,KIT:987,KIT/987/Experiment3b_09_stageii.npz,train,8088,1608,1598
BMLmovi,BMLmovi:Subject_11,BMLmovi/BMLmovi/Subject_11_F_MoSh/Subject_11_F_10_stageii.npz,train,473,85,75
BMLmovi,BMLmovi:Subject_11,BMLmovi/BMLmovi/Subject_11_F_MoSh/Subject_11_F_11_stageii.npz,train,553,101,91
BMLmovi,BMLmovi:Subject_11,BMLmovi/BMLmovi/Subject_11_F_MoSh/Subject_11_F_12_stageii.npz,train,381,67,57
BMLmovi,BMLmovi:Subject_11,BMLmovi/BMLmovi/Subject_11_F_MoSh/Subject_11_F_13_stageii.npz,train,1729,336,326
BMLmovi,BMLmovi:Subject_11,BMLmovi/BMLmovi/Subject_11_F_MoSh/Subject_11_F_14_stageii.npz,train,489,88,78
BMLmovi,BMLmovi:Subject_11,BMLmovi/BMLmovi/Subject_11_F_MoSh/Subject_11_F_15_stageii.npz,train,261,43,33
BMLmovi,BMLmovi:Subject_11,BMLmovi/BMLmovi/Subject_11_F_MoSh/Subject_11_F_16_stageii.npz,train,1761,343,333
BMLmovi,BMLmovi:Subject_11,BMLmovi/BMLmovi/Subject_11_F_MoSh/Subject_11_F_18_stageii.npz,train,433,77,67
BMLmovi,BMLmovi:Subject_11,BMLmovi/BMLmovi/Subject_11_F_MoSh/Subject_11_F_19_stageii.npz,train,1681,327,317
BMLmovi,BMLmovi:Subject_11,BMLmovi/BMLmovi/Subject_11_F_MoSh/Subject_11_F_1_stageii.npz,train,613,113,103
BMLmovi,BMLmovi:Subject_11,BMLmovi/BMLmovi/Subject_11_F_MoSh/Subject_11_F_20_stageii.npz,train,1001,191,181
BMLmovi,BMLmovi:Subject_11,BMLmovi/BMLmovi/Subject_11_F_MoSh/Subject_11_F_21_stageii.npz,train,2117,414,404
BMLmovi,BMLmovi:Subject_11,BMLmovi/BMLmovi/Subject_11_F_MoSh/Subject_11_F_2_stageii.npz,train,337,58,48
BMLmovi,BMLmovi:Subject_11,BMLmovi/BMLmovi/Subject_11_F_MoSh/Subject_11_F_4_stageii.npz,train,513,93,83
BMLmovi,BMLmovi:Subject_11,BMLmovi/BMLmovi/Subject_11_F_MoSh/Subject_11_F_5_stageii.npz,train,553,101,91
BMLmovi,BMLmovi:Subject_11,BMLmovi/BMLmovi/Subject_11_F_MoSh/Subject_11_F_6_stageii.npz,train,473,85,75
BMLmovi,BMLmovi:Subject_11,BMLmovi/BMLmovi/Subject_11_F_MoSh/Subject_11_F_7_stageii.npz,train,289,48,38
BMLmovi,BMLmovi:Subject_11,BMLmovi/BMLmovi/Subject_11_F_MoSh/Subject_11_F_8_stageii.npz,train,497,90,80
BMLmovi,BMLmovi:Subject_11,BMLmovi/BMLmovi/Subject_11_F_MoSh/Subject_11_F_9_stageii.npz,train,737,138,128
BMLmovi,BMLmovi:Subject_12,BMLmovi/BMLmovi/Subject_12_F_MoSh/Subject_12_F_11_stageii.npz,train,1369,264,254
BMLmovi,BMLmovi:Subject_12,BMLmovi/BMLmovi/Subject_12_F_MoSh/Subject_12_F_12_stageii.npz,train,369,64,54
BMLmovi,BMLmovi:Subject_12,BMLmovi/BMLmovi/Subject_12_F_MoSh/Subject_12_F_13_stageii.npz,train,321,55,45
BMLmovi,BMLmovi:Subject_12,BMLmovi/BMLmovi/Subject_12_F_MoSh/Subject_12_F_14_stageii.npz,train,425,76,66
BMLmovi,BMLmovi:Subject_12,BMLmovi/BMLmovi/Subject_12_F_MoSh/Subject_12_F_15_stageii.npz,train,817,154,144
BMLmovi,BMLmovi:Subject_12,BMLmovi/BMLmovi/Subject_12_F_MoSh/Subject_12_F_16_stageii.npz,train,417,74,64
BMLmovi,BMLmovi:Subject_12,BMLmovi/BMLmovi/Subject_12_F_MoSh/Subject_12_F_17_stageii.npz,train,361,63,53
BMLmovi,BMLmovi:Subject_12,BMLmovi/BMLmovi/Subject_12_F_MoSh/Subject_12_F_18_stageii.npz,train,529,96,86
BMLmovi,BMLmovi:Subject_12,BMLmovi/BMLmovi/Subject_12_F_MoSh/Subject_12_F_19_stageii.npz,train,709,132,122
BMLmovi,BMLmovi:Subject_12,BMLmovi/BMLmovi/Subject_12_F_MoSh/Subject_12_F_1_stageii.npz,train,1317,254,244
BMLmovi,BMLmovi:Subject_12,BMLmovi/BMLmovi/Subject_12_F_MoSh/Subject_12_F_20_stageii.npz,train,217,34,24
BMLmovi,BMLmovi:Subject_12,BMLmovi/BMLmovi/Subject_12_F_MoSh/Subject_12_F_21_stageii.npz,train,621,115,105
BMLmovi,BMLmovi:Subject_12,BMLmovi/BMLmovi/Subject_12_F_MoSh/Subject_12_F_2_stageii.npz,train,2001,391,381
BMLmovi,BMLmovi:Subject_12,BMLmovi/BMLmovi/Subject_12_F_MoSh/Subject_12_F_3_stageii.npz,train,1305,252,242
BMLmovi,BMLmovi:Subject_12,BMLmovi/BMLmovi/Subject_12_F_MoSh/Subject_12_F_4_stageii.npz,train,437,78,68
BMLmovi,BMLmovi:Subject_12,BMLmovi/BMLmovi/Subject_12_F_MoSh/Subject_12_F_5_stageii.npz,train,457,82,72
BMLmovi,BMLmovi:Subject_12,BMLmovi/BMLmovi/Subject_12_F_MoSh/Subject_12_F_6_stageii.npz,train,541,99,89
BMLmovi,BMLmovi:Subject_12,BMLmovi/BMLmovi/Subject_12_F_MoSh/Subject_12_F_7_stageii.npz,train,1957,382,372
BMLmovi,BMLmovi:Subject_12,BMLmovi/BMLmovi/Subject_12_F_MoSh/Subject_12_F_8_stageii.npz,train,381,67,57
BMLmovi,BMLmovi:Subject_12,BMLmovi/BMLmovi/Subject_12_F_MoSh/Subject_12_F_9_stageii.npz,train,561,103,93
BMLmovi,BMLmovi:Subject_13,BMLmovi/BMLmovi/Subject_13_F_MoSh/Subject_13_F_10_stageii.npz,train,521,95,85
BMLmovi,BMLmovi:Subject_13,BMLmovi/BMLmovi/Subject_13_F_MoSh/Subject_13_F_11_stageii.npz,train,653,121,111
BMLmovi,BMLmovi:Subject_13,BMLmovi/BMLmovi/Subject_13_F_MoSh/Subject_13_F_12_stageii.npz,train,1509,292,282
BMLmovi,BMLmovi:Subject_13,BMLmovi/BMLmovi/Subject_13_F_MoSh/Subject_13_F_13_stageii.npz,train,645,120,110
BMLmovi,BMLmovi:Subject_13,BMLmovi/BMLmovi/Subject_13_F_MoSh/Subject_13_F_14_stageii.npz,train,445,80,70
BMLmovi,BMLmovi:Subject_13,BMLmovi/BMLmovi/Subject_13_F_MoSh/Subject_13_F_15_stageii.npz,train,433,77,67
BMLmovi,BMLmovi:Subject_13,BMLmovi/BMLmovi/Subject_13_F_MoSh/Subject_13_F_16_stageii.npz,train,673,125,115
BMLmovi,BMLmovi:Subject_13,BMLmovi/BMLmovi/Subject_13_F_MoSh/Subject_13_F_17_stageii.npz,train,529,96,86
BMLmovi,BMLmovi:Subject_13,BMLmovi/BMLmovi/Subject_13_F_MoSh/Subject_13_F_18_stageii.npz,train,525,96,86
BMLmovi,BMLmovi:Subject_13,BMLmovi/BMLmovi/Subject_13_F_MoSh/Subject_13_F_19_stageii.npz,train,565,104,94
BMLmovi,BMLmovi:Subject_13,BMLmovi/BMLmovi/Subject_13_F_MoSh/Subject_13_F_1_stageii.npz,train,809,152,142
BMLmovi,BMLmovi:Subject_13,BMLmovi/BMLmovi/Subject_13_F_MoSh/Subject_13_F_20_stageii.npz,train,489,88,78
BMLmovi,BMLmovi:Subject_13,BMLmovi/BMLmovi/Subject_13_F_MoSh/Subject_13_F_21_stageii.npz,train,797,150,140
BMLmovi,BMLmovi:Subject_13,BMLmovi/BMLmovi/Subject_13_F_MoSh/Subject_13_F_2_stageii.npz,train,1397,270,260
BMLmovi,BMLmovi:Subject_13,BMLmovi/BMLmovi/Subject_13_F_MoSh/Subject_13_F_3_stageii.npz,train,1097,210,200
BMLmovi,BMLmovi:Subject_13,BMLmovi/BMLmovi/Subject_13_F_MoSh/Subject_13_F_4_stageii.npz,train,825,156,146
BMLmovi,BMLmovi:Subject_13,BMLmovi/BMLmovi/Subject_13_F_MoSh/Subject_13_F_5_stageii.npz,train,965,184,174
BMLmovi,BMLmovi:Subject_13,BMLmovi/BMLmovi/Subject_13_F_MoSh/Subject_13_F_6_stageii.npz,train,553,101,91
BMLmovi,BMLmovi:Subject_13,BMLmovi/BMLmovi/Subject_13_F_MoSh/Subject_13_F_7_stageii.npz,train,693,129,119
BMLmovi,BMLmovi:Subject_13,BMLmovi/BMLmovi/Subject_13_F_MoSh/Subject_13_F_8_stageii.npz,train,737,138,128
BMLmovi,BMLmovi:Subject_13,BMLmovi/BMLmovi/Subject_13_F_MoSh/Subject_13_F_9_stageii.npz,train,913,173,163
BMLmovi,BMLmovi:Subject_14,BMLmovi/BMLmovi/Subject_14_F_MoSh/Subject_14_F_10_stageii.npz,val,1193,229,219
BMLmovi,BMLmovi:Subject_14,BMLmovi/BMLmovi/Subject_14_F_MoSh/Subject_14_F_11_stageii.npz,val,1053,201,191
BMLmovi,BMLmovi:Subject_14,BMLmovi/BMLmovi/Subject_14_F_MoSh/Subject_14_F_12_stageii.npz,val,1501,291,281
BMLmovi,BMLmovi:Subject_14,BMLmovi/BMLmovi/Subject_14_F_MoSh/Subject_14_F_13_stageii.npz,val,469,84,74
BMLmovi,BMLmovi:Subject_14,BMLmovi/BMLmovi/Subject_14_F_MoSh/Subject_14_F_14_stageii.npz,val,537,98,88
BMLmovi,BMLmovi:Subject_14,BMLmovi/BMLmovi/Subject_14_F_MoSh/Subject_14_F_15_stageii.npz,val,469,84,74
BMLmovi,BMLmovi:Subject_14,BMLmovi/BMLmovi/Subject_14_F_MoSh/Subject_14_F_16_stageii.npz,val,397,70,60
BMLmovi,BMLmovi:Subject_14,BMLmovi/BMLmovi/Subject_14_F_MoSh/Subject_14_F_17_stageii.npz,val,421,75,65
BMLmovi,BMLmovi:Subject_14,BMLmovi/BMLmovi/Subject_14_F_MoSh/Subject_14_F_18_stageii.npz,val,389,68,58
BMLmovi,BMLmovi:Subject_14,BMLmovi/BMLmovi/Subject_14_F_MoSh/Subject_14_F_19_stageii.npz,val,529,96,86
BMLmovi,BMLmovi:Subject_14,BMLmovi/BMLmovi/Subject_14_F_MoSh/Subject_14_F_1_stageii.npz,val,393,69,59
BMLmovi,BMLmovi:Subject_14,BMLmovi/BMLmovi/Subject_14_F_MoSh/Subject_14_F_20_stageii.npz,val,613,113,103
BMLmovi,BMLmovi:Subject_14,BMLmovi/BMLmovi/Subject_14_F_MoSh/Subject_14_F_21_stageii.npz,val,1201,231,221
BMLmovi,BMLmovi:Subject_14,BMLmovi/BMLmovi/Subject_14_F_MoSh/Subject_14_F_2_stageii.npz,val,373,65,55
BMLmovi,BMLmovi:Subject_14,BMLmovi/BMLmovi/Subject_14_F_MoSh/Subject_14_F_3_stageii.npz,val,389,68,58
BMLmovi,BMLmovi:Subject_14,BMLmovi/BMLmovi/Subject_14_F_MoSh/Subject_14_F_4_stageii.npz,val,453,81,71
BMLmovi,BMLmovi:Subject_14,BMLmovi/BMLmovi/Subject_14_F_MoSh/Subject_14_F_5_stageii.npz,val,885,168,158
BMLmovi,BMLmovi:Subject_14,BMLmovi/BMLmovi/Subject_14_F_MoSh/Subject_14_F_6_stageii.npz,val,349,60,50
BMLmovi,BMLmovi:Subject_14,BMLmovi/BMLmovi/Subject_14_F_MoSh/Subject_14_F_7_stageii.npz,val,393,69,59
BMLmovi,BMLmovi:Subject_14,BMLmovi/BMLmovi/Subject_14_F_MoSh/Subject_14_F_8_stageii.npz,val,245,40,30
BMLmovi,BMLmovi:Subject_14,BMLmovi/BMLmovi/Subject_14_F_MoSh/Subject_14_F_9_stageii.npz,val,733,137,127
BMLmovi,BMLmovi:Subject_15,BMLmovi/BMLmovi/Subject_15_F_MoSh/Subject_15_F_10_stageii.npz,train,501,91,81
BMLmovi,BMLmovi:Subject_15,BMLmovi/BMLmovi/Subject_15_F_MoSh/Subject_15_F_11_stageii.npz,train,921,175,165
BMLmovi,BMLmovi:Subject_15,BMLmovi/BMLmovi/Subject_15_F_MoSh/Subject_15_F_12_stageii.npz,train,869,164,154
BMLmovi,BMLmovi:Subject_15,BMLmovi/BMLmovi/Subject_15_F_MoSh/Subject_15_F_13_stageii.npz,train,429,76,66
BMLmovi,BMLmovi:Subject_15,BMLmovi/BMLmovi/Subject_15_F_MoSh/Subject_15_F_14_stageii.npz,train,961,183,173
BMLmovi,BMLmovi:Subject_15,BMLmovi/BMLmovi/Subject_15_F_MoSh/Subject_15_F_15_stageii.npz,train,881,167,157
BMLmovi,BMLmovi:Subject_15,BMLmovi/BMLmovi/Subject_15_F_MoSh/Subject_15_F_16_stageii.npz,train,1085,208,198
BMLmovi,BMLmovi:Subject_15,BMLmovi/BMLmovi/Subject_15_F_MoSh/Subject_15_F_17_stageii.npz,train,549,100,90
BMLmovi,BMLmovi:Subject_15,BMLmovi/BMLmovi/Subject_15_F_MoSh/Subject_15_F_18_stageii.npz,train,353,61,51
BMLmovi,BMLmovi:Subject_15,BMLmovi/BMLmovi/Subject_15_F_MoSh/Subject_15_F_19_stageii.npz,train,521,95,85
BMLmovi,BMLmovi:Subject_15,BMLmovi/BMLmovi/Subject_15_F_MoSh/Subject_15_F_1_stageii.npz,train,881,167,157
BMLmovi,BMLmovi:Subject_15,BMLmovi/BMLmovi/Subject_15_F_MoSh/Subject_15_F_20_stageii.npz,train,469,84,74
BMLmovi,BMLmovi:Subject_15,BMLmovi/BMLmovi/Subject_15_F_MoSh/Subject_15_F_21_stageii.npz,train,353,61,51
BMLmovi,BMLmovi:Subject_15,BMLmovi/BMLmovi/Subject_15_F_MoSh/Subject_15_F_2_stageii.npz,train,1137,218,208
BMLmovi,BMLmovi:Subject_15,BMLmovi/BMLmovi/Subject_15_F_MoSh/Subject_15_F_3_stageii.npz,train,597,110,100
BMLmovi,BMLmovi:Subject_15,BMLmovi/BMLmovi/Subject_15_F_MoSh/Subject_15_F_4_stageii.npz,train,585,108,98
BMLmovi,BMLmovi:Subject_15,BMLmovi/BMLmovi/Subject_15_F_MoSh/Subject_15_F_5_stageii.npz,train,421,75,65
BMLmovi,BMLmovi:Subject_15,BMLmovi/BMLmovi/Subject_15_F_MoSh/Subject_15_F_6_stageii.npz,train,613,113,103
BMLmovi,BMLmovi:Subject_15,BMLmovi/BMLmovi/Subject_15_F_MoSh/Subject_15_F_7_stageii.npz,train,513,93,83
BMLmovi,BMLmovi:Subject_15,BMLmovi/BMLmovi/Subject_15_F_MoSh/Subject_15_F_8_stageii.npz,train,1465,284,274
BMLmovi,BMLmovi:Subject_15,BMLmovi/BMLmovi/Subject_15_F_MoSh/Subject_15_F_9_stageii.npz,train,417,74,64
BMLmovi,BMLmovi:Subject_16,BMLmovi/BMLmovi/Subject_16_F_MoSh/Subject_16_F_10_stageii.npz,train,345,60,50
BMLmovi,BMLmovi:Subject_16,BMLmovi/BMLmovi/Subject_16_F_MoSh/Subject_16_F_11_stageii.npz,train,413,73,63
BMLmovi,BMLmovi:Subject_16,BMLmovi/BMLmovi/Subject_16_F_MoSh/Subject_16_F_12_stageii.npz,train,809,152,142
BMLmovi,BMLmovi:Subject_16,BMLmovi/BMLmovi/Subject_16_F_MoSh/Subject_16_F_13_stageii.npz,train,637,118,108
BMLmovi,BMLmovi:Subject_16,BMLmovi/BMLmovi/Subject_16_F_MoSh/Subject_16_F_14_stageii.npz,train,905,172,162
BMLmovi,BMLmovi:Subject_16,BMLmovi/BMLmovi/Subject_16_F_MoSh/Subject_16_F_15_stageii.npz,train,369,64,54
BMLmovi,BMLmovi:Subject_16,BMLmovi/BMLmovi/Subject_16_F_MoSh/Subject_16_F_16_stageii.npz,train,549,100,90
BMLmovi,BMLmovi:Subject_16,BMLmovi/BMLmovi/Subject_16_F_MoSh/Subject_16_F_17_stageii.npz,train,417,74,64
BMLmovi,BMLmovi:Subject_16,BMLmovi/BMLmovi/Subject_16_F_MoSh/Subject_16_F_18_stageii.npz,train,893,169,159
BMLmovi,BMLmovi:Subject_16,BMLmovi/BMLmovi/Subject_16_F_MoSh/Subject_16_F_19_stageii.npz,train,429,76,66
BMLmovi,BMLmovi:Subject_16,BMLmovi/BMLmovi/Subject_16_F_MoSh/Subject_16_F_1_stageii.npz,train,1097,210,200
BMLmovi,BMLmovi:Subject_16,BMLmovi/BMLmovi/Subject_16_F_MoSh/Subject_16_F_20_stageii.npz,train,357,62,52
BMLmovi,BMLmovi:Subject_16,BMLmovi/BMLmovi/Subject_16_F_MoSh/Subject_16_F_21_stageii.npz,train,1629,316,306
BMLmovi,BMLmovi:Subject_16,BMLmovi/BMLmovi/Subject_16_F_MoSh/Subject_16_F_2_stageii.npz,train,425,76,66
BMLmovi,BMLmovi:Subject_16,BMLmovi/BMLmovi/Subject_16_F_MoSh/Subject_16_F_3_stageii.npz,train,325,56,46
BMLmovi,BMLmovi:Subject_16,BMLmovi/BMLmovi/Subject_16_F_MoSh/Subject_16_F_4_stageii.npz,train,417,74,64
BMLmovi,BMLmovi:Subject_16,BMLmovi/BMLmovi/Subject_16_F_MoSh/Subject_16_F_5_stageii.npz,train,369,64,54
BMLmovi,BMLmovi:Subject_16,BMLmovi/BMLmovi/Subject_16_F_MoSh/Subject_16_F_6_stageii.npz,train,429,76,66
BMLmovi,BMLmovi:Subject_16,BMLmovi/BMLmovi/Subject_16_F_MoSh/Subject_16_F_7_stageii.npz,train,441,79,69
BMLmovi,BMLmovi:Subject_16,BMLmovi/BMLmovi/Subject_16_F_MoSh/Subject_16_F_8_stageii.npz,train,321,55,45
BMLmovi,BMLmovi:Subject_16,BMLmovi/BMLmovi/Subject_16_F_MoSh/Subject_16_F_9_stageii.npz,train,425,76,66
BMLmovi,BMLmovi:Subject_17,BMLmovi/BMLmovi/Subject_17_F_MoSh/Subject_17_F_10_stageii.npz,train,277,46,36
BMLmovi,BMLmovi:Subject_17,BMLmovi/BMLmovi/Subject_17_F_MoSh/Subject_17_F_11_stageii.npz,train,777,146,136
BMLmovi,BMLmovi:Subject_17,BMLmovi/BMLmovi/Subject_17_F_MoSh/Subject_17_F_12_stageii.npz,train,513,93,83
BMLmovi,BMLmovi:Subject_17,BMLmovi/BMLmovi/Subject_17_F_MoSh/Subject_17_F_13_stageii.npz,train,201,31,21
BMLmovi,BMLmovi:Subject_17,BMLmovi/BMLmovi/Subject_17_F_MoSh/Subject_17_F_14_stageii.npz,train,821,155,145
BMLmovi,BMLmovi:Subject_17,BMLmovi/BMLmovi/Subject_17_F_MoSh/Subject_17_F_15_stageii.npz,train,993,189,179
BMLmovi,BMLmovi:Subject_17,BMLmovi/BMLmovi/Subject_17_F_MoSh/Subject_17_F_16_stageii.npz,train,465,84,74
BMLmovi,BMLmovi:Subject_17,BMLmovi/BMLmovi/Subject_17_F_MoSh/Subject_17_F_17_stageii.npz,train,313,53,43
BMLmovi,BMLmovi:Subject_17,BMLmovi/BMLmovi/Subject_17_F_MoSh/Subject_17_F_18_stageii.npz,train,201,31,21
BMLmovi,BMLmovi:Subject_17,BMLmovi/BMLmovi/Subject_17_F_MoSh/Subject_17_F_19_stageii.npz,train,573,105,95
BMLmovi,BMLmovi:Subject_17,BMLmovi/BMLmovi/Subject_17_F_MoSh/Subject_17_F_1_stageii.npz,train,289,48,38
BMLmovi,BMLmovi:Subject_17,BMLmovi/BMLmovi/Subject_17_F_MoSh/Subject_17_F_20_stageii.npz,train,409,72,62
BMLmovi,BMLmovi:Subject_17,BMLmovi/BMLmovi/Subject_17_F_MoSh/Subject_17_F_21_stageii.npz,train,357,62,52
BMLmovi,BMLmovi:Subject_17,BMLmovi/BMLmovi/Subject_17_F_MoSh/Subject_17_F_2_stageii.npz,train,385,68,58
BMLmovi,BMLmovi:Subject_17,BMLmovi/BMLmovi/Subject_17_F_MoSh/Subject_17_F_3_stageii.npz,train,353,61,51
BMLmovi,BMLmovi:Subject_17,BMLmovi/BMLmovi/Subject_17_F_MoSh/Subject_17_F_4_stageii.npz,train,697,130,120
BMLmovi,BMLmovi:Subject_17,BMLmovi/BMLmovi/Subject_17_F_MoSh/Subject_17_F_5_stageii.npz,train,1333,257,247
BMLmovi,BMLmovi:Subject_17,BMLmovi/BMLmovi/Subject_17_F_MoSh/Subject_17_F_6_stageii.npz,train,413,73,63
BMLmovi,BMLmovi:Subject_17,BMLmovi/BMLmovi/Subject_17_F_MoSh/Subject_17_F_7_stageii.npz,train,349,60,50
BMLmovi,BMLmovi:Subject_17,BMLmovi/BMLmovi/Subject_17_F_MoSh/Subject_17_F_8_stageii.npz,train,217,34,24
BMLmovi,BMLmovi:Subject_17,BMLmovi/BMLmovi/Subject_17_F_MoSh/Subject_17_F_9_stageii.npz,train,881,167,157
BMLmovi,BMLmovi:Subject_18,BMLmovi/BMLmovi/Subject_18_F_MoSh/Subject_18_F_10_stageii.npz,train,421,75,65
BMLmovi,BMLmovi:Subject_18,BMLmovi/BMLmovi/Subject_18_F_MoSh/Subject_18_F_11_stageii.npz,train,989,188,178
BMLmovi,BMLmovi:Subject_18,BMLmovi/BMLmovi/Subject_18_F_MoSh/Subject_18_F_12_stageii.npz,train,733,137,127
BMLmovi,BMLmovi:Subject_18,BMLmovi/BMLmovi/Subject_18_F_MoSh/Subject_18_F_13_stageii.npz,train,837,158,148
BMLmovi,BMLmovi:Subject_18,BMLmovi/BMLmovi/Subject_18_F_MoSh/Subject_18_F_14_stageii.npz,train,385,68,58
BMLmovi,BMLmovi:Subject_18,BMLmovi/BMLmovi/Subject_18_F_MoSh/Subject_18_F_15_stageii.npz,train,1113,213,203
BMLmovi,BMLmovi:Subject_18,BMLmovi/BMLmovi/Subject_18_F_MoSh/Subject_18_F_16_stageii.npz,train,557,102,92
BMLmovi,BMLmovi:Subject_18,BMLmovi/BMLmovi/Subject_18_F_MoSh/Subject_18_F_17_stageii.npz,train,417,74,64
BMLmovi,BMLmovi:Subject_18,BMLmovi/BMLmovi/Subject_18_F_MoSh/Subject_18_F_18_stageii.npz,train,409,72,62
BMLmovi,BMLmovi:Subject_18,BMLmovi/BMLmovi/Subject_18_F_MoSh/Subject_18_F_19_stageii.npz,train,1469,284,274
BMLmovi,BMLmovi:Subject_18,BMLmovi/BMLmovi/Subject_18_F_MoSh/Subject_18_F_1_stageii.npz,train,665,124,114
BMLmovi,BMLmovi:Subject_18,BMLmovi/BMLmovi/Subject_18_F_MoSh/Subject_18_F_20_stageii.npz,train,841,159,149
BMLmovi,BMLmovi:Subject_18,BMLmovi/BMLmovi/Subject_18_F_MoSh/Subject_18_F_21_stageii.npz,train,449,80,70
BMLmovi,BMLmovi:Subject_18,BMLmovi/BMLmovi/Subject_18_F_MoSh/Subject_18_F_2_stageii.npz,train,369,64,54
BMLmovi,BMLmovi:Subject_18,BMLmovi/BMLmovi/Subject_18_F_MoSh/Subject_18_F_3_stageii.npz,train,377,66,56
BMLmovi,BMLmovi:Subject_18,BMLmovi/BMLmovi/Subject_18_F_MoSh/Subject_18_F_4_stageii.npz,train,537,98,88
BMLmovi,BMLmovi:Subject_18,BMLmovi/BMLmovi/Subject_18_F_MoSh/Subject_18_F_5_stageii.npz,train,409,72,62
BMLmovi,BMLmovi:Subject_18,BMLmovi/BMLmovi/Subject_18_F_MoSh/Subject_18_F_6_stageii.npz,train,1201,231,221
BMLmovi,BMLmovi:Subject_18,BMLmovi/BMLmovi/Subject_18_F_MoSh/Subject_18_F_7_stageii.npz,train,1133,217,207
BMLmovi,BMLmovi:Subject_18,BMLmovi/BMLmovi/Subject_18_F_MoSh/Subject_18_F_8_stageii.npz,train,737,138,128
BMLmovi,BMLmovi:Subject_18,BMLmovi/BMLmovi/Subject_18_F_MoSh/Subject_18_F_9_stageii.npz,train,305,52,42
BMLmovi,BMLmovi:Subject_19,BMLmovi/BMLmovi/Subject_19_F_MoSh/Subject_19_F_10_stageii.npz,val,401,71,61
BMLmovi,BMLmovi:Subject_19,BMLmovi/BMLmovi/Subject_19_F_MoSh/Subject_19_F_11_stageii.npz,val,369,64,54
BMLmovi,BMLmovi:Subject_19,BMLmovi/BMLmovi/Subject_19_F_MoSh/Subject_19_F_12_stageii.npz,val,409,72,62
BMLmovi,BMLmovi:Subject_19,BMLmovi/BMLmovi/Subject_19_F_MoSh/Subject_19_F_13_stageii.npz,val,917,174,164
BMLmovi,BMLmovi:Subject_19,BMLmovi/BMLmovi/Subject_19_F_MoSh/Subject_19_F_14_stageii.npz,val,421,75,65
BMLmovi,BMLmovi:Subject_19,BMLmovi/BMLmovi/Subject_19_F_MoSh/Subject_19_F_15_stageii.npz,val,637,118,108
BMLmovi,BMLmovi:Subject_19,BMLmovi/BMLmovi/Subject_19_F_MoSh/Subject_19_F_16_stageii.npz,val,421,75,65
BMLmovi,BMLmovi:Subject_19,BMLmovi/BMLmovi/Subject_19_F_MoSh/Subject_19_F_17_stageii.npz,val,1081,207,197
BMLmovi,BMLmovi:Subject_19,BMLmovi/BMLmovi/Subject_19_F_MoSh/Subject_19_F_18_stageii.npz,val,241,39,29
BMLmovi,BMLmovi:Subject_19,BMLmovi/BMLmovi/Subject_19_F_MoSh/Subject_19_F_19_stageii.npz,val,1001,191,181
BMLmovi,BMLmovi:Subject_19,BMLmovi/BMLmovi/Subject_19_F_MoSh/Subject_19_F_1_stageii.npz,val,421,75,65
BMLmovi,BMLmovi:Subject_19,BMLmovi/BMLmovi/Subject_19_F_MoSh/Subject_19_F_20_stageii.npz,val,453,81,71
BMLmovi,BMLmovi:Subject_19,BMLmovi/BMLmovi/Subject_19_F_MoSh/Subject_19_F_21_stageii.npz,val,605,112,102
BMLmovi,BMLmovi:Subject_19,BMLmovi/BMLmovi/Subject_19_F_MoSh/Subject_19_F_2_stageii.npz,val,453,81,71
BMLmovi,BMLmovi:Subject_19,BMLmovi/BMLmovi/Subject_19_F_MoSh/Subject_19_F_3_stageii.npz,val,917,174,164
BMLmovi,BMLmovi:Subject_19,BMLmovi/BMLmovi/Subject_19_F_MoSh/Subject_19_F_4_stageii.npz,val,477,86,76
BMLmovi,BMLmovi:Subject_19,BMLmovi/BMLmovi/Subject_19_F_MoSh/Subject_19_F_5_stageii.npz,val,657,122,112
BMLmovi,BMLmovi:Subject_19,BMLmovi/BMLmovi/Subject_19_F_MoSh/Subject_19_F_6_stageii.npz,val,609,112,102
BMLmovi,BMLmovi:Subject_19,BMLmovi/BMLmovi/Subject_19_F_MoSh/Subject_19_F_7_stageii.npz,val,461,83,73
BMLmovi,BMLmovi:Subject_19,BMLmovi/BMLmovi/Subject_19_F_MoSh/Subject_19_F_8_stageii.npz,val,1201,231,221
BMLmovi,BMLmovi:Subject_19,BMLmovi/BMLmovi/Subject_19_F_MoSh/Subject_19_F_9_stageii.npz,val,949,180,170
BMLmovi,BMLmovi:Subject_01,BMLmovi/BMLmovi/Subject_1_F_MoSh/Subject_1_F_10_stageii.npz,val,705,132,122
BMLmovi,BMLmovi:Subject_01,BMLmovi/BMLmovi/Subject_1_F_MoSh/Subject_1_F_11_stageii.npz,val,309,52,42
BMLmovi,BMLmovi:Subject_01,BMLmovi/BMLmovi/Subject_1_F_MoSh/Subject_1_F_12_stageii.npz,val,537,98,88
BMLmovi,BMLmovi:Subject_01,BMLmovi/BMLmovi/Subject_1_F_MoSh/Subject_1_F_13_stageii.npz,val,685,128,118
BMLmovi,BMLmovi:Subject_01,BMLmovi/BMLmovi/Subject_1_F_MoSh/Subject_1_F_14_stageii.npz,val,457,82,72
BMLmovi,BMLmovi:Subject_01,BMLmovi/BMLmovi/Subject_1_F_MoSh/Subject_1_F_15_stageii.npz,val,985,188,178
BMLmovi,BMLmovi:Subject_01,BMLmovi/BMLmovi/Subject_1_F_MoSh/Subject_1_F_16_stageii.npz,val,445,80,70
BMLmovi,BMLmovi:Subject_01,BMLmovi/BMLmovi/Subject_1_F_MoSh/Subject_1_F_17_stageii.npz,val,1109,212,202
BMLmovi,BMLmovi:Subject_01,BMLmovi/BMLmovi/Subject_1_F_MoSh/Subject_1_F_18_stageii.npz,val,625,116,106
BMLmovi,BMLmovi:Subject_01,BMLmovi/BMLmovi/Subject_1_F_MoSh/Subject_1_F_19_stageii.npz,val,821,155,145
BMLmovi,BMLmovi:Subject_01,BMLmovi/BMLmovi/Subject_1_F_MoSh/Subject_1_F_1_stageii.npz,val,581,107,97
BMLmovi,BMLmovi:Subject_01,BMLmovi/BMLmovi/Subject_1_F_MoSh/Subject_1_F_20_stageii.npz,val,473,85,75
BMLmovi,BMLmovi:Subject_01,BMLmovi/BMLmovi/Subject_1_F_MoSh/Subject_1_F_21_stageii.npz,val,621,115,105
BMLmovi,BMLmovi:Subject_01,BMLmovi/BMLmovi/Subject_1_F_MoSh/Subject_1_F_2_stageii.npz,val,445,80,70
BMLmovi,BMLmovi:Subject_01,BMLmovi/BMLmovi/Subject_1_F_MoSh/Subject_1_F_3_stageii.npz,val,289,48,38
BMLmovi,BMLmovi:Subject_01,BMLmovi/BMLmovi/Subject_1_F_MoSh/Subject_1_F_4_stageii.npz,val,341,59,49
BMLmovi,BMLmovi:Subject_01,BMLmovi/BMLmovi/Subject_1_F_MoSh/Subject_1_F_5_stageii.npz,val,417,74,64
BMLmovi,BMLmovi:Subject_01,BMLmovi/BMLmovi/Subject_1_F_MoSh/Subject_1_F_6_stageii.npz,val,437,78,68
BMLmovi,BMLmovi:Subject_01,BMLmovi/BMLmovi/Subject_1_F_MoSh/Subject_1_F_7_stageii.npz,val,365,64,54
BMLmovi,BMLmovi:Subject_01,BMLmovi/BMLmovi/Subject_1_F_MoSh/Subject_1_F_8_stageii.npz,val,425,76,66
BMLmovi,BMLmovi:Subject_01,BMLmovi/BMLmovi/Subject_1_F_MoSh/Subject_1_F_9_stageii.npz,val,813,153,143
BMLmovi,BMLmovi:Subject_20,BMLmovi/BMLmovi/Subject_20_F_MoSh/Subject_20_F_10_stageii.npz,train,289,48,38
BMLmovi,BMLmovi:Subject_20,BMLmovi/BMLmovi/Subject_20_F_MoSh/Subject_20_F_11_stageii.npz,train,445,80,70
BMLmovi,BMLmovi:Subject_20,BMLmovi/BMLmovi/Subject_20_F_MoSh/Subject_20_F_12_stageii.npz,train,373,65,55
BMLmovi,BMLmovi:Subject_20,BMLmovi/BMLmovi/Subject_20_F_MoSh/Subject_20_F_13_stageii.npz,train,497,90,80
BMLmovi,BMLmovi:Subject_20,BMLmovi/BMLmovi/Subject_20_F_MoSh/Subject_20_F_14_stageii.npz,train,485,88,78
BMLmovi,BMLmovi:Subject_20,BMLmovi/BMLmovi/Subject_20_F_MoSh/Subject_20_F_15_stageii.npz,train,697,130,120
BMLmovi,BMLmovi:Subject_20,BMLmovi/BMLmovi/Subject_20_F_MoSh/Subject_20_F_16_stageii.npz,train,817,154,144
BMLmovi,BMLmovi:Subject_20,BMLmovi/BMLmovi/Subject_20_F_MoSh/Subject_20_F_17_stageii.npz,train,233,37,27
BMLmovi,BMLmovi:Subject_20,BMLmovi/BMLmovi/Subject_20_F_MoSh/Subject_20_F_18_stageii.npz,train,773,145,135
BMLmovi,BMLmovi:Subject_20,BMLmovi/BMLmovi/Subject_20_F_MoSh/Subject_20_F_19_stageii.npz,train,1173,225,215
BMLmovi,BMLmovi:Subject_20,BMLmovi/BMLmovi/Subject_20_F_MoSh/Subject_20_F_1_stageii.npz,train,589,108,98
BMLmovi,BMLmovi:Subject_20,BMLmovi/BMLmovi/Subject_20_F_MoSh/Subject_20_F_20_stageii.npz,train,545,100,90
BMLmovi,BMLmovi:Subject_20,BMLmovi/BMLmovi/Subject_20_F_MoSh/Subject_20_F_21_stageii.npz,train,433,77,67
BMLmovi,BMLmovi:Subject_20,BMLmovi/BMLmovi/Subject_20_F_MoSh/Subject_20_F_2_stageii.npz,train,837,158,148
BMLmovi,BMLmovi:Subject_20,BMLmovi/BMLmovi/Subject_20_F_MoSh/Subject_20_F_3_stageii.npz,train,1109,212,202
BMLmovi,BMLmovi:Subject_20,BMLmovi/BMLmovi/Subject_20_F_MoSh/Subject_20_F_4_stageii.npz,train,961,183,173
BMLmovi,BMLmovi:Subject_20,BMLmovi/BMLmovi/Subject_20_F_MoSh/Subject_20_F_5_stageii.npz,train,745,140,130
BMLmovi,BMLmovi:Subject_20,BMLmovi/BMLmovi/Subject_20_F_MoSh/Subject_20_F_6_stageii.npz,train,1625,316,306
BMLmovi,BMLmovi:Subject_20,BMLmovi/BMLmovi/Subject_20_F_MoSh/Subject_20_F_7_stageii.npz,train,349,60,50
BMLmovi,BMLmovi:Subject_20,BMLmovi/BMLmovi/Subject_20_F_MoSh/Subject_20_F_8_stageii.npz,train,461,83,73
BMLmovi,BMLmovi:Subject_20,BMLmovi/BMLmovi/Subject_20_F_MoSh/Subject_20_F_9_stageii.npz,train,437,78,68
BMLmovi,BMLmovi:Subject_21,BMLmovi/BMLmovi/Subject_21_F_MoSh/Subject_21_F_10_stageii.npz,test,453,81,71
BMLmovi,BMLmovi:Subject_21,BMLmovi/BMLmovi/Subject_21_F_MoSh/Subject_21_F_11_stageii.npz,test,857,162,152
BMLmovi,BMLmovi:Subject_21,BMLmovi/BMLmovi/Subject_21_F_MoSh/Subject_21_F_12_stageii.npz,test,373,65,55
BMLmovi,BMLmovi:Subject_21,BMLmovi/BMLmovi/Subject_21_F_MoSh/Subject_21_F_13_stageii.npz,test,673,125,115
BMLmovi,BMLmovi:Subject_21,BMLmovi/BMLmovi/Subject_21_F_MoSh/Subject_21_F_14_stageii.npz,test,1157,222,212
BMLmovi,BMLmovi:Subject_21,BMLmovi/BMLmovi/Subject_21_F_MoSh/Subject_21_F_15_stageii.npz,test,505,92,82
BMLmovi,BMLmovi:Subject_21,BMLmovi/BMLmovi/Subject_21_F_MoSh/Subject_21_F_16_stageii.npz,test,397,70,60
BMLmovi,BMLmovi:Subject_21,BMLmovi/BMLmovi/Subject_21_F_MoSh/Subject_21_F_17_stageii.npz,test,1073,205,195
BMLmovi,BMLmovi:Subject_21,BMLmovi/BMLmovi/Subject_21_F_MoSh/Subject_21_F_18_stageii.npz,test,497,90,80
BMLmovi,BMLmovi:Subject_21,BMLmovi/BMLmovi/Subject_21_F_MoSh/Subject_21_F_19_stageii.npz,test,541,99,89
BMLmovi,BMLmovi:Subject_21,BMLmovi/BMLmovi/Subject_21_F_MoSh/Subject_21_F_1_stageii.npz,test,881,167,157
BMLmovi,BMLmovi:Subject_21,BMLmovi/BMLmovi/Subject_21_F_MoSh/Subject_21_F_20_stageii.npz,test,413,73,63
BMLmovi,BMLmovi:Subject_21,BMLmovi/BMLmovi/Subject_21_F_MoSh/Subject_21_F_21_stageii.npz,test,341,59,49
BMLmovi,BMLmovi:Subject_21,BMLmovi/BMLmovi/Subject_21_F_MoSh/Subject_21_F_2_stageii.npz,test,381,67,57
BMLmovi,BMLmovi:Subject_21,BMLmovi/BMLmovi/Subject_21_F_MoSh/Subject_21_F_3_stageii.npz,test,949,180,170
BMLmovi,BMLmovi:Subject_21,BMLmovi/BMLmovi/Subject_21_F_MoSh/Subject_21_F_4_stageii.npz,test,489,88,78
BMLmovi,BMLmovi:Subject_21,BMLmovi/BMLmovi/Subject_21_F_MoSh/Subject_21_F_5_stageii.npz,test,369,64,54
BMLmovi,BMLmovi:Subject_21,BMLmovi/BMLmovi/Subject_21_F_MoSh/Subject_21_F_6_stageii.npz,test,329,56,46
BMLmovi,BMLmovi:Subject_21,BMLmovi/BMLmovi/Subject_21_F_MoSh/Subject_21_F_7_stageii.npz,test,261,43,33
BMLmovi,BMLmovi:Subject_21,BMLmovi/BMLmovi/Subject_21_F_MoSh/Subject_21_F_8_stageii.npz,test,413,73,63
BMLmovi,BMLmovi:Subject_21,BMLmovi/BMLmovi/Subject_21_F_MoSh/Subject_21_F_9_stageii.npz,test,877,166,156
BMLmovi,BMLmovi:Subject_22,BMLmovi/BMLmovi/Subject_22_F_MoSh/Subject_22_F_10_stageii.npz,train,305,52,42
BMLmovi,BMLmovi:Subject_22,BMLmovi/BMLmovi/Subject_22_F_MoSh/Subject_22_F_11_stageii.npz,train,421,75,65
BMLmovi,BMLmovi:Subject_22,BMLmovi/BMLmovi/Subject_22_F_MoSh/Subject_22_F_12_stageii.npz,train,405,72,62
BMLmovi,BMLmovi:Subject_22,BMLmovi/BMLmovi/Subject_22_F_MoSh/Subject_22_F_13_stageii.npz,train,1121,215,205
BMLmovi,BMLmovi:Subject_22,BMLmovi/BMLmovi/Subject_22_F_MoSh/Subject_22_F_14_stageii.npz,train,393,69,59
BMLmovi,BMLmovi:Subject_22,BMLmovi/BMLmovi/Subject_22_F_MoSh/Subject_22_F_15_stageii.npz,train,1105,212,202
BMLmovi,BMLmovi:Subject_22,BMLmovi/BMLmovi/Subject_22_F_MoSh/Subject_22_F_16_stageii.npz,train,329,56,46
BMLmovi,BMLmovi:Subject_22,BMLmovi/BMLmovi/Subject_22_F_MoSh/Subject_22_F_17_stageii.npz,train,313,53,43
BMLmovi,BMLmovi:Subject_22,BMLmovi/BMLmovi/Subject_22_F_MoSh/Subject_22_F_18_stageii.npz,train,361,63,53
BMLmovi,BMLmovi:Subject_22,BMLmovi/BMLmovi/Subject_22_F_MoSh/Subject_22_F_19_stageii.npz,train,465,84,74
BMLmovi,BMLmovi:Subject_22,BMLmovi/BMLmovi/Subject_22_F_MoSh/Subject_22_F_1_stageii.npz,train,1169,224,214
BMLmovi,BMLmovi:Subject_22,BMLmovi/BMLmovi/Subject_22_F_MoSh/Subject_22_F_20_stageii.npz,train,1041,199,189
BMLmovi,BMLmovi:Subject_22,BMLmovi/BMLmovi/Subject_22_F_MoSh/Subject_22_F_21_stageii.npz,train,417,74,64
BMLmovi,BMLmovi:Subject_22,BMLmovi/BMLmovi/Subject_22_F_MoSh/Subject_22_F_2_stageii.npz,train,361,63,53
BMLmovi,BMLmovi:Subject_22,BMLmovi/BMLmovi/Subject_22_F_MoSh/Subject_22_F_3_stageii.npz,train,349,60,50
BMLmovi,BMLmovi:Subject_22,BMLmovi/BMLmovi/Subject_22_F_MoSh/Subject_22_F_4_stageii.npz,train,257,42,32
BMLmovi,BMLmovi:Subject_22,BMLmovi/BMLmovi/Subject_22_F_MoSh/Subject_22_F_5_stageii.npz,train,329,56,46
BMLmovi,BMLmovi:Subject_22,BMLmovi/BMLmovi/Subject_22_F_MoSh/Subject_22_F_6_stageii.npz,train,673,125,115
BMLmovi,BMLmovi:Subject_22,BMLmovi/BMLmovi/Subject_22_F_MoSh/Subject_22_F_7_stageii.npz,train,329,56,46
BMLmovi,BMLmovi:Subject_22,BMLmovi/BMLmovi/Subject_22_F_MoSh/Subject_22_F_8_stageii.npz,train,1009,192,182
BMLmovi,BMLmovi:Subject_22,BMLmovi/BMLmovi/Subject_22_F_MoSh/Subject_22_F_9_stageii.npz,train,397,70,60
BMLmovi,BMLmovi:Subject_23,BMLmovi/BMLmovi/Subject_23_F_MoSh/Subject_23_F_10_stageii.npz,test,297,50,40
BMLmovi,BMLmovi:Subject_23,BMLmovi/BMLmovi/Subject_23_F_MoSh/Subject_23_F_11_stageii.npz,test,585,108,98
BMLmovi,BMLmovi:Subject_23,BMLmovi/BMLmovi/Subject_23_F_MoSh/Subject_23_F_12_stageii.npz,test,289,48,38
BMLmovi,BMLmovi:Subject_23,BMLmovi/BMLmovi/Subject_23_F_MoSh/Subject_23_F_13_stageii.npz,test,857,162,152
BMLmovi,BMLmovi:Subject_23,BMLmovi/BMLmovi/Subject_23_F_MoSh/Subject_23_F_14_stageii.npz,test,1133,217,207
BMLmovi,BMLmovi:Subject_23,BMLmovi/BMLmovi/Subject_23_F_MoSh/Subject_23_F_15_stageii.npz,test,729,136,126
BMLmovi,BMLmovi:Subject_23,BMLmovi/BMLmovi/Subject_23_F_MoSh/Subject_23_F_16_stageii.npz,test,333,57,47
BMLmovi,BMLmovi:Subject_23,BMLmovi/BMLmovi/Subject_23_F_MoSh/Subject_23_F_17_stageii.npz,test,313,53,43
BMLmovi,BMLmovi:Subject_23,BMLmovi/BMLmovi/Subject_23_F_MoSh/Subject_23_F_18_stageii.npz,test,529,96,86
BMLmovi,BMLmovi:Subject_23,BMLmovi/BMLmovi/Subject_23_F_MoSh/Subject_23_F_19_stageii.npz,test,497,90,80
BMLmovi,BMLmovi:Subject_23,BMLmovi/BMLmovi/Subject_23_F_MoSh/Subject_23_F_1_stageii.npz,test,597,110,100
BMLmovi,BMLmovi:Subject_23,BMLmovi/BMLmovi/Subject_23_F_MoSh/Subject_23_F_20_stageii.npz,test,845,160,150
BMLmovi,BMLmovi:Subject_23,BMLmovi/BMLmovi/Subject_23_F_MoSh/Subject_23_F_21_stageii.npz,test,897,170,160
BMLmovi,BMLmovi:Subject_23,BMLmovi/BMLmovi/Subject_23_F_MoSh/Subject_23_F_2_stageii.npz,test,381,67,57
BMLmovi,BMLmovi:Subject_23,BMLmovi/BMLmovi/Subject_23_F_MoSh/Subject_23_F_3_stageii.npz,test,289,48,38
BMLmovi,BMLmovi:Subject_23,BMLmovi/BMLmovi/Subject_23_F_MoSh/Subject_23_F_4_stageii.npz,test,309,52,42
BMLmovi,BMLmovi:Subject_23,BMLmovi/BMLmovi/Subject_23_F_MoSh/Subject_23_F_5_stageii.npz,test,433,77,67
BMLmovi,BMLmovi:Subject_23,BMLmovi/BMLmovi/Subject_23_F_MoSh/Subject_23_F_6_stageii.npz,test,361,63,53
BMLmovi,BMLmovi:Subject_23,BMLmovi/BMLmovi/Subject_23_F_MoSh/Subject_23_F_7_stageii.npz,test,389,68,58
BMLmovi,BMLmovi:Subject_23,BMLmovi/BMLmovi/Subject_23_F_MoSh/Subject_23_F_8_stageii.npz,test,649,120,110
BMLmovi,BMLmovi:Subject_23,BMLmovi/BMLmovi/Subject_23_F_MoSh/Subject_23_F_9_stageii.npz,test,809,152,142
BMLmovi,BMLmovi:Subject_24,BMLmovi/BMLmovi/Subject_24_F_MoSh/Subject_24_F_10_stageii.npz,train,309,52,42
BMLmovi,BMLmovi:Subject_24,BMLmovi/BMLmovi/Subject_24_F_MoSh/Subject_24_F_11_stageii.npz,train,1229,236,226
BMLmovi,BMLmovi:Subject_24,BMLmovi/BMLmovi/Subject_24_F_MoSh/Subject_24_F_12_stageii.npz,train,589,108,98
BMLmovi,BMLmovi:Subject_24,BMLmovi/BMLmovi/Subject_24_F_MoSh/Subject_24_F_13_stageii.npz,train,405,72,62
BMLmovi,BMLmovi:Subject_24,BMLmovi/BMLmovi/Subject_24_F_MoSh/Subject_24_F_14_stageii.npz,train,421,75,65
BMLmovi,BMLmovi:Subject_24,BMLmovi/BMLmovi/Subject_24_F_MoSh/Subject_24_F_15_stageii.npz,train,693,129,119
BMLmovi,BMLmovi:Subject_24,BMLmovi/BMLmovi/Subject_24_F_MoSh/Subject_24_F_16_stageii.npz,train,929,176,166
BMLmovi,BMLmovi:Subject_24,BMLmovi/BMLmovi/Subject_24_F_MoSh/Subject_24_F_17_stageii.npz,train,781,147,137
BMLmovi,BMLmovi:Subject_24,BMLmovi/BMLmovi/Subject_24_F_MoSh/Subject_24_F_18_stageii.npz,train,569,104,94
BMLmovi,BMLmovi:Subject_24,BMLmovi/BMLmovi/Subject_24_F_MoSh/Subject_24_F_19_stageii.npz,train,597,110,100
BMLmovi,BMLmovi:Subject_24,BMLmovi/BMLmovi/Subject_24_F_MoSh/Subject_24_F_1_stageii.npz,train,477,86,76
BMLmovi,BMLmovi:Subject_24,BMLmovi/BMLmovi/Subject_24_F_MoSh/Subject_24_F_20_stageii.npz,train,353,61,51
BMLmovi,BMLmovi:Subject_24,BMLmovi/BMLmovi/Subject_24_F_MoSh/Subject_24_F_21_stageii.npz,train,1317,254,244
BMLmovi,BMLmovi:Subject_24,BMLmovi/BMLmovi/Subject_24_F_MoSh/Subject_24_F_2_stageii.npz,train,345,60,50
BMLmovi,BMLmovi:Subject_24,BMLmovi/BMLmovi/Subject_24_F_MoSh/Subject_24_F_3_stageii.npz,train,353,61,51
BMLmovi,BMLmovi:Subject_24,BMLmovi/BMLmovi/Subject_24_F_MoSh/Subject_24_F_4_stageii.npz,train,289,48,38
BMLmovi,BMLmovi:Subject_24,BMLmovi/BMLmovi/Subject_24_F_MoSh/Subject_24_F_5_stageii.npz,train,405,72,62
BMLmovi,BMLmovi:Subject_24,BMLmovi/BMLmovi/Subject_24_F_MoSh/Subject_24_F_6_stageii.npz,train,337,58,48
BMLmovi,BMLmovi:Subject_24,BMLmovi/BMLmovi/Subject_24_F_MoSh/Subject_24_F_7_stageii.npz,train,377,66,56
BMLmovi,BMLmovi:Subject_24,BMLmovi/BMLmovi/Subject_24_F_MoSh/Subject_24_F_8_stageii.npz,train,1225,236,226
BMLmovi,BMLmovi:Subject_24,BMLmovi/BMLmovi/Subject_24_F_MoSh/Subject_24_F_9_stageii.npz,train,309,52,42
BMLmovi,BMLmovi:Subject_25,BMLmovi/BMLmovi/Subject_25_F_MoSh/Subject_25_F_10_stageii.npz,test,477,86,76
BMLmovi,BMLmovi:Subject_25,BMLmovi/BMLmovi/Subject_25_F_MoSh/Subject_25_F_11_stageii.npz,test,489,88,78
BMLmovi,BMLmovi:Subject_25,BMLmovi/BMLmovi/Subject_25_F_MoSh/Subject_25_F_12_stageii.npz,test,929,176,166
BMLmovi,BMLmovi:Subject_25,BMLmovi/BMLmovi/Subject_25_F_MoSh/Subject_25_F_13_stageii.npz,test,841,159,149
BMLmovi,BMLmovi:Subject_25,BMLmovi/BMLmovi/Subject_25_F_MoSh/Subject_25_F_14_stageii.npz,test,437,78,68
BMLmovi,BMLmovi:Subject_25,BMLmovi/BMLmovi/Subject_25_F_MoSh/Subject_25_F_15_stageii.npz,test,281,47,37
BMLmovi,BMLmovi:Subject_25,BMLmovi/BMLmovi/Subject_25_F_MoSh/Subject_25_F_16_stageii.npz,test,845,160,150
BMLmovi,BMLmovi:Subject_25,BMLmovi/BMLmovi/Subject_25_F_MoSh/Subject_25_F_17_stageii.npz,test,373,65,55
BMLmovi,BMLmovi:Subject_25,BMLmovi/BMLmovi/Subject_25_F_MoSh/Subject_25_F_18_stageii.npz,test,941,179,169
BMLmovi,BMLmovi:Subject_25,BMLmovi/BMLmovi/Subject_25_F_MoSh/Subject_25_F_19_stageii.npz,test,265,44,34
BMLmovi,BMLmovi:Subject_25,BMLmovi/BMLmovi/Subject_25_F_MoSh/Subject_25_F_1_stageii.npz,test,805,152,142
BMLmovi,BMLmovi:Subject_25,BMLmovi/BMLmovi/Subject_25_F_MoSh/Subject_25_F_20_stageii.npz,test,353,61,51
BMLmovi,BMLmovi:Subject_25,BMLmovi/BMLmovi/Subject_25_F_MoSh/Subject_25_F_21_stageii.npz,test,841,159,149
BMLmovi,BMLmovi:Subject_25,BMLmovi/BMLmovi/Subject_25_F_MoSh/Subject_25_F_2_stageii.npz,test,421,75,65
BMLmovi,BMLmovi:Subject_25,BMLmovi/BMLmovi/Subject_25_F_MoSh/Subject_25_F_3_stageii.npz,test,433,77,67
BMLmovi,BMLmovi:Subject_25,BMLmovi/BMLmovi/Subject_25_F_MoSh/Subject_25_F_4_stageii.npz,test,313,53,43
BMLmovi,BMLmovi:Subject_25,BMLmovi/BMLmovi/Subject_25_F_MoSh/Subject_25_F_5_stageii.npz,test,373,65,55
BMLmovi,BMLmovi:Subject_25,BMLmovi/BMLmovi/Subject_25_F_MoSh/Subject_25_F_6_stageii.npz,test,245,40,30
BMLmovi,BMLmovi:Subject_25,BMLmovi/BMLmovi/Subject_25_F_MoSh/Subject_25_F_7_stageii.npz,test,321,55,45
BMLmovi,BMLmovi:Subject_25,BMLmovi/BMLmovi/Subject_25_F_MoSh/Subject_25_F_8_stageii.npz,test,457,82,72
BMLmovi,BMLmovi:Subject_25,BMLmovi/BMLmovi/Subject_25_F_MoSh/Subject_25_F_9_stageii.npz,test,249,40,30
BMLmovi,BMLmovi:Subject_26,BMLmovi/BMLmovi/Subject_26_F_MoSh/Subject_26_F_10_stageii.npz,train,437,78,68
BMLmovi,BMLmovi:Subject_26,BMLmovi/BMLmovi/Subject_26_F_MoSh/Subject_26_F_11_stageii.npz,train,477,86,76
BMLmovi,BMLmovi:Subject_26,BMLmovi/BMLmovi/Subject_26_F_MoSh/Subject_26_F_12_stageii.npz,train,805,152,142
BMLmovi,BMLmovi:Subject_26,BMLmovi/BMLmovi/Subject_26_F_MoSh/Subject_26_F_13_stageii.npz,train,433,77,67
BMLmovi,BMLmovi:Subject_26,BMLmovi/BMLmovi/Subject_26_F_MoSh/Subject_26_F_14_stageii.npz,train,1645,320,310
BMLmovi,BMLmovi:Subject_26,BMLmovi/BMLmovi/Subject_26_F_MoSh/Subject_26_F_15_stageii.npz,train,317,54,44
BMLmovi,BMLmovi:Subject_26,BMLmovi/BMLmovi/Subject_26_F_MoSh/Subject_26_F_16_stageii.npz,train,293,49,39
BMLmovi,BMLmovi:Subject_26,BMLmovi/BMLmovi/Subject_26_F_MoSh/Subject_26_F_17_stageii.npz,train,297,50,40
BMLmovi,BMLmovi:Subject_26,BMLmovi/BMLmovi/Subject_26_F_MoSh/Subject_26_F_18_stageii.npz,train,1101,211,201
BMLmovi,BMLmovi:Subject_26,BMLmovi/BMLmovi/Subject_26_F_MoSh/Subject_26_F_19_stageii.npz,train,1253,241,231
BMLmovi,BMLmovi:Subject_26,BMLmovi/BMLmovi/Subject_26_F_MoSh/Subject_26_F_1_stageii.npz,train,1189,228,218
BMLmovi,BMLmovi:Subject_26,BMLmovi/BMLmovi/Subject_26_F_MoSh/Subject_26_F_20_stageii.npz,train,773,145,135
BMLmovi,BMLmovi:Subject_26,BMLmovi/BMLmovi/Subject_26_F_MoSh/Subject_26_F_21_stageii.npz,train,349,60,50
BMLmovi,BMLmovi:Subject_26,BMLmovi/BMLmovi/Subject_26_F_MoSh/Subject_26_F_2_stageii.npz,train,1281,247,237
BMLmovi,BMLmovi:Subject_26,BMLmovi/BMLmovi/Subject_26_F_MoSh/Subject_26_F_3_stageii.npz,train,473,85,75
BMLmovi,BMLmovi:Subject_26,BMLmovi/BMLmovi/Subject_26_F_MoSh/Subject_26_F_4_stageii.npz,train,373,65,55
BMLmovi,BMLmovi:Subject_26,BMLmovi/BMLmovi/Subject_26_F_MoSh/Subject_26_F_5_stageii.npz,train,297,50,40
BMLmovi,BMLmovi:Subject_26,BMLmovi/BMLmovi/Subject_26_F_MoSh/Subject_26_F_6_stageii.npz,train,489,88,78
BMLmovi,BMLmovi:Subject_26,BMLmovi/BMLmovi/Subject_26_F_MoSh/Subject_26_F_7_stageii.npz,train,537,98,88
BMLmovi,BMLmovi:Subject_26,BMLmovi/BMLmovi/Subject_26_F_MoSh/Subject_26_F_8_stageii.npz,train,409,72,62
BMLmovi,BMLmovi:Subject_26,BMLmovi/BMLmovi/Subject_26_F_MoSh/Subject_26_F_9_stageii.npz,train,605,112,102
BMLmovi,BMLmovi:Subject_27,BMLmovi/BMLmovi/Subject_27_F_MoSh/Subject_27_F_10_stageii.npz,train,393,69,59
BMLmovi,BMLmovi:Subject_27,BMLmovi/BMLmovi/Subject_27_F_MoSh/Subject_27_F_11_stageii.npz,train,937,178,168
BMLmovi,BMLmovi:Subject_27,BMLmovi/BMLmovi/Subject_27_F_MoSh/Subject_27_F_12_stageii.npz,train,605,112,102
BMLmovi,BMLmovi:Subject_27,BMLmovi/BMLmovi/Subject_27_F_MoSh/Subject_27_F_13_stageii.npz,train,481,87,77
BMLmovi,BMLmovi:Subject_27,BMLmovi/BMLmovi/Subject_27_F_MoSh/Subject_27_F_14_stageii.npz,train,601,111,101
BMLmovi,BMLmovi:Subject_27,BMLmovi/BMLmovi/Subject_27_F_MoSh/Subject_27_F_15_stageii.npz,train,537,98,88
BMLmovi,BMLmovi:Subject_27,BMLmovi/BMLmovi/Subject_27_F_MoSh/Subject_27_F_16_stageii.npz,train,421,75,65
BMLmovi,BMLmovi:Subject_27,BMLmovi/BMLmovi/Subject_27_F_MoSh/Subject_27_F_17_stageii.npz,train,1185,228,218
BMLmovi,BMLmovi:Subject_27,BMLmovi/BMLmovi/Subject_27_F_MoSh/Subject_27_F_18_stageii.npz,train,465,84,74
BMLmovi,BMLmovi:Subject_27,BMLmovi/BMLmovi/Subject_27_F_MoSh/Subject_27_F_19_stageii.npz,train,501,91,81
BMLmovi,BMLmovi:Subject_27,BMLmovi/BMLmovi/Subject_27_F_MoSh/Subject_27_F_1_stageii.npz,train,461,83,73
BMLmovi,BMLmovi:Subject_27,BMLmovi/BMLmovi/Subject_27_F_MoSh/Subject_27_F_20_stageii.npz,train,313,53,43
BMLmovi,BMLmovi:Subject_27,BMLmovi/BMLmovi/Subject_27_F_MoSh/Subject_27_F_21_stageii.npz,train,309,52,42
BMLmovi,BMLmovi:Subject_27,BMLmovi/BMLmovi/Subject_27_F_MoSh/Subject_27_F_2_stageii.npz,train,397,70,60
BMLmovi,BMLmovi:Subject_27,BMLmovi/BMLmovi/Subject_27_F_MoSh/Subject_27_F_3_stageii.npz,train,921,175,165
BMLmovi,BMLmovi:Subject_27,BMLmovi/BMLmovi/Subject_27_F_MoSh/Subject_27_F_4_stageii.npz,train,269,44,34
BMLmovi,BMLmovi:Subject_27,BMLmovi/BMLmovi/Subject_27_F_MoSh/Subject_27_F_5_stageii.npz,train,1269,244,234
BMLmovi,BMLmovi:Subject_27,BMLmovi/BMLmovi/Subject_27_F_MoSh/Subject_27_F_6_stageii.npz,train,933,177,167
BMLmovi,BMLmovi:Subject_27,BMLmovi/BMLmovi/Subject_27_F_MoSh/Subject_27_F_7_stageii.npz,train,885,168,158
BMLmovi,BMLmovi:Subject_27,BMLmovi/BMLmovi/Subject_27_F_MoSh/Subject_27_F_8_stageii.npz,train,341,59,49
BMLmovi,BMLmovi:Subject_27,BMLmovi/BMLmovi/Subject_27_F_MoSh/Subject_27_F_9_stageii.npz,train,565,104,94
BMLmovi,BMLmovi:Subject_28,BMLmovi/BMLmovi/Subject_28_F_MoSh/Subject_28_F_10_stageii.npz,test,401,71,61
BMLmovi,BMLmovi:Subject_28,BMLmovi/BMLmovi/Subject_28_F_MoSh/Subject_28_F_11_stageii.npz,test,1017,194,184
BMLmovi,BMLmovi:Subject_28,BMLmovi/BMLmovi/Subject_28_F_MoSh/Subject_28_F_12_stageii.npz,test,405,72,62
BMLmovi,BMLmovi:Subject_28,BMLmovi/BMLmovi/Subject_28_F_MoSh/Subject_28_F_13_stageii.npz,test,1301,251,241
BMLmovi,BMLmovi:Subject_28,BMLmovi/BMLmovi/Subject_28_F_MoSh/Subject_28_F_14_stageii.npz,test,1205,232,222
BMLmovi,BMLmovi:Subject_28,BMLmovi/BMLmovi/Subject_28_F_MoSh/Subject_28_F_15_stageii.npz,test,197,30,20
BMLmovi,BMLmovi:Subject_28,BMLmovi/BMLmovi/Subject_28_F_MoSh/Subject_28_F_16_stageii.npz,test,293,49,39
BMLmovi,BMLmovi:Subject_28,BMLmovi/BMLmovi/Subject_28_F_MoSh/Subject_28_F_17_stageii.npz,test,973,185,175
BMLmovi,BMLmovi:Subject_28,BMLmovi/BMLmovi/Subject_28_F_MoSh/Subject_28_F_18_stageii.npz,test,457,82,72
BMLmovi,BMLmovi:Subject_28,BMLmovi/BMLmovi/Subject_28_F_MoSh/Subject_28_F_19_stageii.npz,test,345,60,50
BMLmovi,BMLmovi:Subject_28,BMLmovi/BMLmovi/Subject_28_F_MoSh/Subject_28_F_1_stageii.npz,test,293,49,39
BMLmovi,BMLmovi:Subject_28,BMLmovi/BMLmovi/Subject_28_F_MoSh/Subject_28_F_20_stageii.npz,test,873,165,155
BMLmovi,BMLmovi:Subject_28,BMLmovi/BMLmovi/Subject_28_F_MoSh/Subject_28_F_21_stageii.npz,test,1141,219,209
BMLmovi,BMLmovi:Subject_28,BMLmovi/BMLmovi/Subject_28_F_MoSh/Subject_28_F_2_stageii.npz,test,285,48,38
BMLmovi,BMLmovi:Subject_28,BMLmovi/BMLmovi/Subject_28_F_MoSh/Subject_28_F_3_stageii.npz,test,317,54,44
BMLmovi,BMLmovi:Subject_28,BMLmovi/BMLmovi/Subject_28_F_MoSh/Subject_28_F_4_stageii.npz,test,405,72,62
BMLmovi,BMLmovi:Subject_28,BMLmovi/BMLmovi/Subject_28_F_MoSh/Subject_28_F_5_stageii.npz,test,353,61,51
BMLmovi,BMLmovi:Subject_28,BMLmovi/BMLmovi/Subject_28_F_MoSh/Subject_28_F_6_stageii.npz,test,289,48,38
BMLmovi,BMLmovi:Subject_28,BMLmovi/BMLmovi/Subject_28_F_MoSh/Subject_28_F_7_stageii.npz,test,265,44,34
BMLmovi,BMLmovi:Subject_28,BMLmovi/BMLmovi/Subject_28_F_MoSh/Subject_28_F_8_stageii.npz,test,549,100,90
BMLmovi,BMLmovi:Subject_28,BMLmovi/BMLmovi/Subject_28_F_MoSh/Subject_28_F_9_stageii.npz,test,337,58,48
BMLmovi,BMLmovi:Subject_29,BMLmovi/BMLmovi/Subject_29_F_MoSh/Subject_29_F_10_stageii.npz,val,281,47,37
BMLmovi,BMLmovi:Subject_29,BMLmovi/BMLmovi/Subject_29_F_MoSh/Subject_29_F_11_stageii.npz,val,433,77,67
BMLmovi,BMLmovi:Subject_29,BMLmovi/BMLmovi/Subject_29_F_MoSh/Subject_29_F_12_stageii.npz,val,857,162,152
BMLmovi,BMLmovi:Subject_29,BMLmovi/BMLmovi/Subject_29_F_MoSh/Subject_29_F_13_stageii.npz,val,489,88,78
BMLmovi,BMLmovi:Subject_29,BMLmovi/BMLmovi/Subject_29_F_MoSh/Subject_29_F_14_stageii.npz,val,417,74,64
BMLmovi,BMLmovi:Subject_29,BMLmovi/BMLmovi/Subject_29_F_MoSh/Subject_29_F_15_stageii.npz,val,689,128,118
BMLmovi,BMLmovi:Subject_29,BMLmovi/BMLmovi/Subject_29_F_MoSh/Subject_29_F_16_stageii.npz,val,233,37,27
BMLmovi,BMLmovi:Subject_29,BMLmovi/BMLmovi/Subject_29_F_MoSh/Subject_29_F_17_stageii.npz,val,373,65,55
BMLmovi,BMLmovi:Subject_29,BMLmovi/BMLmovi/Subject_29_F_MoSh/Subject_29_F_18_stageii.npz,val,317,54,44
BMLmovi,BMLmovi:Subject_29,BMLmovi/BMLmovi/Subject_29_F_MoSh/Subject_29_F_19_stageii.npz,val,385,68,58
BMLmovi,BMLmovi:Subject_29,BMLmovi/BMLmovi/Subject_29_F_MoSh/Subject_29_F_1_stageii.npz,val,1109,212,202
BMLmovi,BMLmovi:Subject_29,BMLmovi/BMLmovi/Subject_29_F_MoSh/Subject_29_F_20_stageii.npz,val,389,68,58
BMLmovi,BMLmovi:Subject_29,BMLmovi/BMLmovi/Subject_29_F_MoSh/Subject_29_F_21_stageii.npz,val,653,121,111
BMLmovi,BMLmovi:Subject_29,BMLmovi/BMLmovi/Subject_29_F_MoSh/Subject_29_F_2_stageii.npz,val,333,57,47
BMLmovi,BMLmovi:Subject_29,BMLmovi/BMLmovi/Subject_29_F_MoSh/Subject_29_F_3_stageii.npz,val,709,132,122
BMLmovi,BMLmovi:Subject_29,BMLmovi/BMLmovi/Subject_29_F_MoSh/Subject_29_F_4_stageii.npz,val,417,74,64
BMLmovi,BMLmovi:Subject_29,BMLmovi/BMLmovi/Subject_29_F_MoSh/Subject_29_F_5_stageii.npz,val,921,175,165
BMLmovi,BMLmovi:Subject_29,BMLmovi/BMLmovi/Subject_29_F_MoSh/Subject_29_F_6_stageii.npz,val,357,62,52
BMLmovi,BMLmovi:Subject_29,BMLmovi/BMLmovi/Subject_29_F_MoSh/Subject_29_F_7_stageii.npz,val,841,159,149
BMLmovi,BMLmovi:Subject_29,BMLmovi/BMLmovi/Subject_29_F_MoSh/Subject_29_F_8_stageii.npz,val,865,164,154
BMLmovi,BMLmovi:Subject_29,BMLmovi/BMLmovi/Subject_29_F_MoSh/Subject_29_F_9_stageii.npz,val,253,41,31
BMLmovi,BMLmovi:Subject_02,BMLmovi/BMLmovi/Subject_2_F_MoSh/Subject_2_F_10_stageii.npz,test,625,116,106
BMLmovi,BMLmovi:Subject_02,BMLmovi/BMLmovi/Subject_2_F_MoSh/Subject_2_F_11_stageii.npz,test,617,114,104
BMLmovi,BMLmovi:Subject_02,BMLmovi/BMLmovi/Subject_2_F_MoSh/Subject_2_F_12_stageii.npz,test,265,44,34
BMLmovi,BMLmovi:Subject_02,BMLmovi/BMLmovi/Subject_2_F_MoSh/Subject_2_F_13_stageii.npz,test,301,51,41
BMLmovi,BMLmovi:Subject_02,BMLmovi/BMLmovi/Subject_2_F_MoSh/Subject_2_F_14_stageii.npz,test,265,44,34
BMLmovi,BMLmovi:Subject_02,BMLmovi/BMLmovi/Subject_2_F_MoSh/Subject_2_F_15_stageii.npz,test,269,44,34
BMLmovi,BMLmovi:Subject_02,BMLmovi/BMLmovi/Subject_2_F_MoSh/Subject_2_F_16_stageii.npz,test,277,46,36
BMLmovi,BMLmovi:Subject_02,BMLmovi/BMLmovi/Subject_2_F_MoSh/Subject_2_F_17_stageii.npz,test,541,99,89
BMLmovi,BMLmovi:Subject_02,BMLmovi/BMLmovi/Subject_2_F_MoSh/Subject_2_F_18_stageii.npz,test,297,50,40
BMLmovi,BMLmovi:Subject_02,BMLmovi/BMLmovi/Subject_2_F_MoSh/Subject_2_F_19_stageii.npz,test,429,76,66
BMLmovi,BMLmovi:Subject_02,BMLmovi/BMLmovi/Subject_2_F_MoSh/Subject_2_F_1_stageii.npz,test,249,40,30
BMLmovi,BMLmovi:Subject_02,BMLmovi/BMLmovi/Subject_2_F_MoSh/Subject_2_F_20_stageii.npz,test,761,143,133
BMLmovi,BMLmovi:Subject_02,BMLmovi/BMLmovi/Subject_2_F_MoSh/Subject_2_F_21_stageii.npz,test,909,172,162
BMLmovi,BMLmovi:Subject_02,BMLmovi/BMLmovi/Subject_2_F_MoSh/Subject_2_F_2_stageii.npz,test,289,48,38
BMLmovi,BMLmovi:Subject_02,BMLmovi/BMLmovi/Subject_2_F_MoSh/Subject_2_F_3_stageii.npz,test,309,52,42
BMLmovi,BMLmovi:Subject_02,BMLmovi/BMLmovi/Subject_2_F_MoSh/Subject_2_F_4_stageii.npz,test,137,18,8
BMLmovi,BMLmovi:Subject_02,BMLmovi/BMLmovi/Subject_2_F_MoSh/Subject_2_F_5_stageii.npz,test,369,64,54
BMLmovi,BMLmovi:Subject_02,BMLmovi/BMLmovi/Subject_2_F_MoSh/Subject_2_F_6_stageii.npz,test,357,62,52
BMLmovi,BMLmovi:Subject_02,BMLmovi/BMLmovi/Subject_2_F_MoSh/Subject_2_F_7_stageii.npz,test,249,40,30
BMLmovi,BMLmovi:Subject_02,BMLmovi/BMLmovi/Subject_2_F_MoSh/Subject_2_F_8_stageii.npz,test,265,44,34
BMLmovi,BMLmovi:Subject_02,BMLmovi/BMLmovi/Subject_2_F_MoSh/Subject_2_F_9_stageii.npz,test,281,47,37
BMLmovi,BMLmovi:Subject_30,BMLmovi/BMLmovi/Subject_30_F_MoSh/Subject_30_F_10_stageii.npz,train,465,84,74
BMLmovi,BMLmovi:Subject_30,BMLmovi/BMLmovi/Subject_30_F_MoSh/Subject_30_F_11_stageii.npz,train,549,100,90
BMLmovi,BMLmovi:Subject_30,BMLmovi/BMLmovi/Subject_30_F_MoSh/Subject_30_F_12_stageii.npz,train,425,76,66
BMLmovi,BMLmovi:Subject_30,BMLmovi/BMLmovi/Subject_30_F_MoSh/Subject_30_F_13_stageii.npz,train,669,124,114
BMLmovi,BMLmovi:Subject_30,BMLmovi/BMLmovi/Subject_30_F_MoSh/Subject_30_F_14_stageii.npz,train,1181,227,217
BMLmovi,BMLmovi:Subject_30,BMLmovi/BMLmovi/Subject_30_F_MoSh/Subject_30_F_15_stageii.npz,train,853,161,151
BMLmovi,BMLmovi:Subject_30,BMLmovi/BMLmovi/Subject_30_F_MoSh/Subject_30_F_16_stageii.npz,train,601,111,101
BMLmovi,BMLmovi:Subject_30,BMLmovi/BMLmovi/Subject_30_F_MoSh/Subject_30_F_17_stageii.npz,train,481,87,77
BMLmovi,BMLmovi:Subject_30,BMLmovi/BMLmovi/Subject_30_F_MoSh/Subject_30_F_18_stageii.npz,train,1445,280,270
BMLmovi,BMLmovi:Subject_30,BMLmovi/BMLmovi/Subject_30_F_MoSh/Subject_30_F_19_stageii.npz,train,481,87,77
BMLmovi,BMLmovi:Subject_30,BMLmovi/BMLmovi/Subject_30_F_MoSh/Subject_30_F_1_stageii.npz,train,609,112,102
BMLmovi,BMLmovi:Subject_30,BMLmovi/BMLmovi/Subject_30_F_MoSh/Subject_30_F_20_stageii.npz,train,453,81,71
BMLmovi,BMLmovi:Subject_30,BMLmovi/BMLmovi/Subject_30_F_MoSh/Subject_30_F_21_stageii.npz,train,1317,254,244
BMLmovi,BMLmovi:Subject_30,BMLmovi/BMLmovi/Subject_30_F_MoSh/Subject_30_F_2_stageii.npz,train,401,71,61
BMLmovi,BMLmovi:Subject_30,BMLmovi/BMLmovi/Subject_30_F_MoSh/Subject_30_F_3_stageii.npz,train,545,100,90
BMLmovi,BMLmovi:Subject_30,BMLmovi/BMLmovi/Subject_30_F_MoSh/Subject_30_F_4_stageii.npz,train,773,145,135
BMLmovi,BMLmovi:Subject_30,BMLmovi/BMLmovi/Subject_30_F_MoSh/Subject_30_F_5_stageii.npz,train,453,81,71
BMLmovi,BMLmovi:Subject_30,BMLmovi/BMLmovi/Subject_30_F_MoSh/Subject_30_F_6_stageii.npz,train,1409,272,262
BMLmovi,BMLmovi:Subject_30,BMLmovi/BMLmovi/Subject_30_F_MoSh/Subject_30_F_7_stageii.npz,train,1541,299,289
BMLmovi,BMLmovi:Subject_30,BMLmovi/BMLmovi/Subject_30_F_MoSh/Subject_30_F_8_stageii.npz,train,513,93,83
BMLmovi,BMLmovi:Subject_30,BMLmovi/BMLmovi/Subject_30_F_MoSh/Subject_30_F_9_stageii.npz,train,421,75,65
BMLmovi,BMLmovi:Subject_31,BMLmovi/BMLmovi/Subject_31_F_MoSh/Subject_31_F_10_stageii.npz,train,737,138,128
BMLmovi,BMLmovi:Subject_31,BMLmovi/BMLmovi/Subject_31_F_MoSh/Subject_31_F_11_stageii.npz,train,889,168,158
BMLmovi,BMLmovi:Subject_31,BMLmovi/BMLmovi/Subject_31_F_MoSh/Subject_31_F_12_stageii.npz,train,1237,238,228
BMLmovi,BMLmovi:Subject_31,BMLmovi/BMLmovi/Subject_31_F_MoSh/Subject_31_F_13_stageii.npz,train,821,155,145
BMLmovi,BMLmovi:Subject_31,BMLmovi/BMLmovi/Subject_31_F_MoSh/Subject_31_F_14_stageii.npz,train,349,60,50
BMLmovi,BMLmovi:Subject_31,BMLmovi/BMLmovi/Subject_31_F_MoSh/Subject_31_F_15_stageii.npz,train,1213,233,223
BMLmovi,BMLmovi:Subject_31,BMLmovi/BMLmovi/Subject_31_F_MoSh/Subject_31_F_16_stageii.npz,train,321,55,45
BMLmovi,BMLmovi:Subject_31,BMLmovi/BMLmovi/Subject_31_F_MoSh/Subject_31_F_17_stageii.npz,train,649,120,110
BMLmovi,BMLmovi:Subject_31,BMLmovi/BMLmovi/Subject_31_F_MoSh/Subject_31_F_18_stageii.npz,train,521,95,85
BMLmovi,BMLmovi:Subject_31,BMLmovi/BMLmovi/Subject_31_F_MoSh/Subject_31_F_19_stageii.npz,train,553,101,91
BMLmovi,BMLmovi:Subject_31,BMLmovi/BMLmovi/Subject_31_F_MoSh/Subject_31_F_1_stageii.npz,train,825,156,146
BMLmovi,BMLmovi:Subject_31,BMLmovi/BMLmovi/Subject_31_F_MoSh/Subject_31_F_20_stageii.npz,train,1289,248,238
BMLmovi,BMLmovi:Subject_31,BMLmovi/BMLmovi/Subject_31_F_MoSh/Subject_31_F_21_stageii.npz,train,693,129,119
BMLmovi,BMLmovi:Subject_31,BMLmovi/BMLmovi/Subject_31_F_MoSh/Subject_31_F_2_stageii.npz,train,529,96,86
BMLmovi,BMLmovi:Subject_31,BMLmovi/BMLmovi/Subject_31_F_MoSh/Subject_31_F_3_stageii.npz,train,461,83,73
BMLmovi,BMLmovi:Subject_31,BMLmovi/BMLmovi/Subject_31_F_MoSh/Subject_31_F_4_stageii.npz,train,425,76,66
BMLmovi,BMLmovi:Subject_31,BMLmovi/BMLmovi/Subject_31_F_MoSh/Subject_31_F_5_stageii.npz,train,621,115,105
BMLmovi,BMLmovi:Subject_31,BMLmovi/BMLmovi/Subject_31_F_MoSh/Subject_31_F_6_stageii.npz,train,413,73,63
BMLmovi,BMLmovi:Subject_31,BMLmovi/BMLmovi/Subject_31_F_MoSh/Subject_31_F_7_stageii.npz,train,537,98,88
BMLmovi,BMLmovi:Subject_31,BMLmovi/BMLmovi/Subject_31_F_MoSh/Subject_31_F_8_stageii.npz,train,665,124,114
BMLmovi,BMLmovi:Subject_31,BMLmovi/BMLmovi/Subject_31_F_MoSh/Subject_31_F_9_stageii.npz,train,1181,227,217
BMLmovi,BMLmovi:Subject_32,BMLmovi/BMLmovi/Subject_32_F_MoSh/Subject_32_F_10_stageii.npz,train,417,74,64
BMLmovi,BMLmovi:Subject_32,BMLmovi/BMLmovi/Subject_32_F_MoSh/Subject_32_F_11_stageii.npz,train,429,76,66
BMLmovi,BMLmovi:Subject_32,BMLmovi/BMLmovi/Subject_32_F_MoSh/Subject_32_F_12_stageii.npz,train,361,63,53
BMLmovi,BMLmovi:Subject_32,BMLmovi/BMLmovi/Subject_32_F_MoSh/Subject_32_F_13_stageii.npz,train,937,178,168
BMLmovi,BMLmovi:Subject_32,BMLmovi/BMLmovi/Subject_32_F_MoSh/Subject_32_F_14_stageii.npz,train,481,87,77
BMLmovi,BMLmovi:Subject_32,BMLmovi/BMLmovi/Subject_32_F_MoSh/Subject_32_F_15_stageii.npz,train,485,88,78
BMLmovi,BMLmovi:Subject_32,BMLmovi/BMLmovi/Subject_32_F_MoSh/Subject_32_F_16_stageii.npz,train,749,140,130
BMLmovi,BMLmovi:Subject_32,BMLmovi/BMLmovi/Subject_32_F_MoSh/Subject_32_F_17_stageii.npz,train,449,80,70
BMLmovi,BMLmovi:Subject_32,BMLmovi/BMLmovi/Subject_32_F_MoSh/Subject_32_F_18_stageii.npz,train,1033,197,187
BMLmovi,BMLmovi:Subject_32,BMLmovi/BMLmovi/Subject_32_F_MoSh/Subject_32_F_19_stageii.npz,train,685,128,118
BMLmovi,BMLmovi:Subject_32,BMLmovi/BMLmovi/Subject_32_F_MoSh/Subject_32_F_1_stageii.npz,train,1449,280,270
BMLmovi,BMLmovi:Subject_32,BMLmovi/BMLmovi/Subject_32_F_MoSh/Subject_32_F_20_stageii.npz,train,745,140,130
BMLmovi,BMLmovi:Subject_32,BMLmovi/BMLmovi/Subject_32_F_MoSh/Subject_32_F_21_stageii.npz,train,1321,255,245
BMLmovi,BMLmovi:Subject_32,BMLmovi/BMLmovi/Subject_32_F_MoSh/Subject_32_F_2_stageii.npz,train,569,104,94
BMLmovi,BMLmovi:Subject_32,BMLmovi/BMLmovi/Subject_32_F_MoSh/Subject_32_F_3_stageii.npz,train,993,189,179
BMLmovi,BMLmovi:Subject_32,BMLmovi/BMLmovi/Subject_32_F_MoSh/Subject_32_F_4_stageii.npz,train,885,168,158
BMLmovi,BMLmovi:Subject_32,BMLmovi/BMLmovi/Subject_32_F_MoSh/Subject_32_F_5_stageii.npz,train,1225,236,226
BMLmovi,BMLmovi:Subject_32,BMLmovi/BMLmovi/Subject_32_F_MoSh/Subject_32_F_6_stageii.npz,train,569,104,94
BMLmovi,BMLmovi:Subject_32,BMLmovi/BMLmovi/Subject_32_F_MoSh/Subject_32_F_7_stageii.npz,train,569,104,94
BMLmovi,BMLmovi:Subject_32,BMLmovi/BMLmovi/Subject_32_F_MoSh/Subject_32_F_8_stageii.npz,train,701,131,121
BMLmovi,BMLmovi:Subject_32,BMLmovi/BMLmovi/Subject_32_F_MoSh/Subject_32_F_9_stageii.npz,train,425,76,66
BMLmovi,BMLmovi:Subject_33,BMLmovi/BMLmovi/Subject_33_F_MoSh/Subject_33_F_10_stageii.npz,val,853,161,151
BMLmovi,BMLmovi:Subject_33,BMLmovi/BMLmovi/Subject_33_F_MoSh/Subject_33_F_11_stageii.npz,val,829,156,146
BMLmovi,BMLmovi:Subject_33,BMLmovi/BMLmovi/Subject_33_F_MoSh/Subject_33_F_12_stageii.npz,val,545,100,90
BMLmovi,BMLmovi:Subject_33,BMLmovi/BMLmovi/Subject_33_F_MoSh/Subject_33_F_13_stageii.npz,val,373,65,55
BMLmovi,BMLmovi:Subject_33,BMLmovi/BMLmovi/Subject_33_F_MoSh/Subject_33_F_14_stageii.npz,val,445,80,70
BMLmovi,BMLmovi:Subject_33,BMLmovi/BMLmovi/Subject_33_F_MoSh/Subject_33_F_15_stageii.npz,val,433,77,67
BMLmovi,BMLmovi:Subject_33,BMLmovi/BMLmovi/Subject_33_F_MoSh/Subject_33_F_16_stageii.npz,val,961,183,173
BMLmovi,BMLmovi:Subject_33,BMLmovi/BMLmovi/Subject_33_F_MoSh/Subject_33_F_17_stageii.npz,val,829,156,146
BMLmovi,BMLmovi:Subject_33,BMLmovi/BMLmovi/Subject_33_F_MoSh/Subject_33_F_18_stageii.npz,val,373,65,55
BMLmovi,BMLmovi:Subject_33,BMLmovi/BMLmovi/Subject_33_F_MoSh/Subject_33_F_19_stageii.npz,val,937,178,168
BMLmovi,BMLmovi:Subject_33,BMLmovi/BMLmovi/Subject_33_F_MoSh/Subject_33_F_1_stageii.npz,val,401,71,61
BMLmovi,BMLmovi:Subject_33,BMLmovi/BMLmovi/Subject_33_F_MoSh/Subject_33_F_20_stageii.npz,val,461,83,73
BMLmovi,BMLmovi:Subject_33,BMLmovi/BMLmovi/Subject_33_F_MoSh/Subject_33_F_21_stageii.npz,val,533,97,87
BMLmovi,BMLmovi:Subject_33,BMLmovi/BMLmovi/Subject_33_F_MoSh/Subject_33_F_2_stageii.npz,val,901,171,161
BMLmovi,BMLmovi:Subject_33,BMLmovi/BMLmovi/Subject_33_F_MoSh/Subject_33_F_3_stageii.npz,val,537,98,88
BMLmovi,BMLmovi:Subject_33,BMLmovi/BMLmovi/Subject_33_F_MoSh/Subject_33_F_4_stageii.npz,val,321,55,45
BMLmovi,BMLmovi:Subject_33,BMLmovi/BMLmovi/Subject_33_F_MoSh/Subject_33_F_5_stageii.npz,val,449,80,70
BMLmovi,BMLmovi:Subject_33,BMLmovi/BMLmovi/Subject_33_F_MoSh/Subject_33_F_6_stageii.npz,val,413,73,63
BMLmovi,BMLmovi:Subject_33,BMLmovi/BMLmovi/Subject_33_F_MoSh/Subject_33_F_7_stageii.npz,val,749,140,130
BMLmovi,BMLmovi:Subject_33,BMLmovi/BMLmovi/Subject_33_F_MoSh/Subject_33_F_8_stageii.npz,val,429,76,66
BMLmovi,BMLmovi:Subject_33,BMLmovi/BMLmovi/Subject_33_F_MoSh/Subject_33_F_9_stageii.npz,val,349,60,50
BMLmovi,BMLmovi:Subject_34,BMLmovi/BMLmovi/Subject_34_F_MoSh/Subject_34_F_10_stageii.npz,test,1165,224,214
BMLmovi,BMLmovi:Subject_34,BMLmovi/BMLmovi/Subject_34_F_MoSh/Subject_34_F_11_stageii.npz,test,361,63,53
BMLmovi,BMLmovi:Subject_34,BMLmovi/BMLmovi/Subject_34_F_MoSh/Subject_34_F_12_stageii.npz,test,1189,228,218
BMLmovi,BMLmovi:Subject_34,BMLmovi/BMLmovi/Subject_34_F_MoSh/Subject_34_F_13_stageii.npz,test,445,80,70
BMLmovi,BMLmovi:Subject_34,BMLmovi/BMLmovi/Subject_34_F_MoSh/Subject_34_F_14_stageii.npz,test,429,76,66
BMLmovi,BMLmovi:Subject_34,BMLmovi/BMLmovi/Subject_34_F_MoSh/Subject_34_F_15_stageii.npz,test,273,45,35
BMLmovi,BMLmovi:Subject_34,BMLmovi/BMLmovi/Subject_34_F_MoSh/Subject_34_F_16_stageii.npz,test,897,170,160
BMLmovi,BMLmovi:Subject_34,BMLmovi/BMLmovi/Subject_34_F_MoSh/Subject_34_F_17_stageii.npz,test,241,39,29
BMLmovi,BMLmovi:Subject_34,BMLmovi/BMLmovi/Subject_34_F_MoSh/Subject_34_F_18_stageii.npz,test,1117,214,204
BMLmovi,BMLmovi:Subject_34,BMLmovi/BMLmovi/Subject_34_F_MoSh/Subject_34_F_19_stageii.npz,test,457,82,72
BMLmovi,BMLmovi:Subject_34,BMLmovi/BMLmovi/Subject_34_F_MoSh/Subject_34_F_1_stageii.npz,test,413,73,63
BMLmovi,BMLmovi:Subject_34,BMLmovi/BMLmovi/Subject_34_F_MoSh/Subject_34_F_20_stageii.npz,test,681,127,117
BMLmovi,BMLmovi:Subject_34,BMLmovi/BMLmovi/Subject_34_F_MoSh/Subject_34_F_21_stageii.npz,test,473,85,75
BMLmovi,BMLmovi:Subject_34,BMLmovi/BMLmovi/Subject_34_F_MoSh/Subject_34_F_2_stageii.npz,test,693,129,119
BMLmovi,BMLmovi:Subject_34,BMLmovi/BMLmovi/Subject_34_F_MoSh/Subject_34_F_3_stageii.npz,test,385,68,58
BMLmovi,BMLmovi:Subject_34,BMLmovi/BMLmovi/Subject_34_F_MoSh/Subject_34_F_4_stageii.npz,test,913,173,163
BMLmovi,BMLmovi:Subject_34,BMLmovi/BMLmovi/Subject_34_F_MoSh/Subject_34_F_5_stageii.npz,test,493,89,79
BMLmovi,BMLmovi:Subject_34,BMLmovi/BMLmovi/Subject_34_F_MoSh/Subject_34_F_6_stageii.npz,test,497,90,80
BMLmovi,BMLmovi:Subject_34,BMLmovi/BMLmovi/Subject_34_F_MoSh/Subject_34_F_7_stageii.npz,test,461,83,73
BMLmovi,BMLmovi:Subject_34,BMLmovi/BMLmovi/Subject_34_F_MoSh/Subject_34_F_8_stageii.npz,test,521,95,85
BMLmovi,BMLmovi:Subject_34,BMLmovi/BMLmovi/Subject_34_F_MoSh/Subject_34_F_9_stageii.npz,test,837,158,148
BMLmovi,BMLmovi:Subject_35,BMLmovi/BMLmovi/Subject_35_F_MoSh/Subject_35_F_10_stageii.npz,train,1057,202,192
BMLmovi,BMLmovi:Subject_35,BMLmovi/BMLmovi/Subject_35_F_MoSh/Subject_35_F_11_stageii.npz,train,481,87,77
BMLmovi,BMLmovi:Subject_35,BMLmovi/BMLmovi/Subject_35_F_MoSh/Subject_35_F_12_stageii.npz,train,1585,308,298
BMLmovi,BMLmovi:Subject_35,BMLmovi/BMLmovi/Subject_35_F_MoSh/Subject_35_F_13_stageii.npz,train,501,91,81
BMLmovi,BMLmovi:Subject_35,BMLmovi/BMLmovi/Subject_35_F_MoSh/Subject_35_F_14_stageii.npz,train,425,76,66
BMLmovi,BMLmovi:Subject_35,BMLmovi/BMLmovi/Subject_35_F_MoSh/Subject_35_F_15_stageii.npz,train,473,85,75
BMLmovi,BMLmovi:Subject_35,BMLmovi/BMLmovi/Subject_35_F_MoSh/Subject_35_F_16_stageii.npz,train,681,127,117
BMLmovi,BMLmovi:Subject_35,BMLmovi/BMLmovi/Subject_35_F_MoSh/Subject_35_F_17_stageii.npz,train,541,99,89
BMLmovi,BMLmovi:Subject_35,BMLmovi/BMLmovi/Subject_35_F_MoSh/Subject_35_F_18_stageii.npz,train,413,73,63
BMLmovi,BMLmovi:Subject_35,BMLmovi/BMLmovi/Subject_35_F_MoSh/Subject_35_F_19_stageii.npz,train,1397,270,260
BMLmovi,BMLmovi:Subject_35,BMLmovi/BMLmovi/Subject_35_F_MoSh/Subject_35_F_1_stageii.npz,train,745,140,130
BMLmovi,BMLmovi:Subject_35,BMLmovi/BMLmovi/Subject_35_F_MoSh/Subject_35_F_20_stageii.npz,train,1421,275,265
BMLmovi,BMLmovi:Subject_35,BMLmovi/BMLmovi/Subject_35_F_MoSh/Subject_35_F_21_stageii.npz,train,1097,210,200
BMLmovi,BMLmovi:Subject_35,BMLmovi/BMLmovi/Subject_35_F_MoSh/Subject_35_F_2_stageii.npz,train,897,170,160
BMLmovi,BMLmovi:Subject_35,BMLmovi/BMLmovi/Subject_35_F_MoSh/Subject_35_F_3_stageii.npz,train,521,95,85
BMLmovi,BMLmovi:Subject_35,BMLmovi/BMLmovi/Subject_35_F_MoSh/Subject_35_F_4_stageii.npz,train,1177,226,216
BMLmovi,BMLmovi:Subject_35,BMLmovi/BMLmovi/Subject_35_F_MoSh/Subject_35_F_5_stageii.npz,train,657,122,112
BMLmovi,BMLmovi:Subject_35,BMLmovi/BMLmovi/Subject_35_F_MoSh/Subject_35_F_6_stageii.npz,train,609,112,102
BMLmovi,BMLmovi:Subject_35,BMLmovi/BMLmovi/Subject_35_F_MoSh/Subject_35_F_7_stageii.npz,train,513,93,83
BMLmovi,BMLmovi:Subject_35,BMLmovi/BMLmovi/Subject_35_F_MoSh/Subject_35_F_8_stageii.npz,train,537,98,88
BMLmovi,BMLmovi:Subject_35,BMLmovi/BMLmovi/Subject_35_F_MoSh/Subject_35_F_9_stageii.npz,train,1317,254,244
BMLmovi,BMLmovi:Subject_36,BMLmovi/BMLmovi/Subject_36_F_MoSh/Subject_36_F_10_stageii.npz,train,301,51,41
BMLmovi,BMLmovi:Subject_36,BMLmovi/BMLmovi/Subject_36_F_MoSh/Subject_36_F_11_stageii.npz,train,597,110,100
BMLmovi,BMLmovi:Subject_36,BMLmovi/BMLmovi/Subject_36_F_MoSh/Subject_36_F_12_stageii.npz,train,1181,227,217
BMLmovi,BMLmovi:Subject_36,BMLmovi/BMLmovi/Subject_36_F_MoSh/Subject_36_F_13_stageii.npz,train,361,63,53
BMLmovi,BMLmovi:Subject_36,BMLmovi/BMLmovi/Subject_36_F_MoSh/Subject_36_F_14_stageii.npz,train,777,146,136
BMLmovi,BMLmovi:Subject_36,BMLmovi/BMLmovi/Subject_36_F_MoSh/Subject_36_F_15_stageii.npz,train,517,94,84
BMLmovi,BMLmovi:Subject_36,BMLmovi/BMLmovi/Subject_36_F_MoSh/Subject_36_F_16_stageii.npz,train,953,181,171
BMLmovi,BMLmovi:Subject_36,BMLmovi/BMLmovi/Subject_36_F_MoSh/Subject_36_F_17_stageii.npz,train,385,68,58
BMLmovi,BMLmovi:Subject_36,BMLmovi/BMLmovi/Subject_36_F_MoSh/Subject_36_F_18_stageii.npz,train,989,188,178
BMLmovi,BMLmovi:Subject_36,BMLmovi/BMLmovi/Subject_36_F_MoSh/Subject_36_F_19_stageii.npz,train,449,80,70
BMLmovi,BMLmovi:Subject_36,BMLmovi/BMLmovi/Subject_36_F_MoSh/Subject_36_F_1_stageii.npz,train,653,121,111
BMLmovi,BMLmovi:Subject_36,BMLmovi/BMLmovi/Subject_36_F_MoSh/Subject_36_F_20_stageii.npz,train,685,128,118
BMLmovi,BMLmovi:Subject_36,BMLmovi/BMLmovi/Subject_36_F_MoSh/Subject_36_F_21_stageii.npz,train,521,95,85
BMLmovi,BMLmovi:Subject_36,BMLmovi/BMLmovi/Subject_36_F_MoSh/Subject_36_F_22_stageii.npz,train,437,78,68
BMLmovi,BMLmovi:Subject_36,BMLmovi/BMLmovi/Subject_36_F_MoSh/Subject_36_F_2_stageii.npz,train,1081,207,197
BMLmovi,BMLmovi:Subject_36,BMLmovi/BMLmovi/Subject_36_F_MoSh/Subject_36_F_3_stageii.npz,train,693,129,119
BMLmovi,BMLmovi:Subject_36,BMLmovi/BMLmovi/Subject_36_F_MoSh/Subject_36_F_4_stageii.npz,train,985,188,178
BMLmovi,BMLmovi:Subject_36,BMLmovi/BMLmovi/Subject_36_F_MoSh/Subject_36_F_5_stageii.npz,train,481,87,77
BMLmovi,BMLmovi:Subject_36,BMLmovi/BMLmovi/Subject_36_F_MoSh/Subject_36_F_6_stageii.npz,train,409,72,62
BMLmovi,BMLmovi:Subject_36,BMLmovi/BMLmovi/Subject_36_F_MoSh/Subject_36_F_7_stageii.npz,train,421,75,65
BMLmovi,BMLmovi:Subject_36,BMLmovi/BMLmovi/Subject_36_F_MoSh/Subject_36_F_8_stageii.npz,train,345,60,50
BMLmovi,BMLmovi:Subject_36,BMLmovi/BMLmovi/Subject_36_F_MoSh/Subject_36_F_9_stageii.npz,train,761,143,133
BMLmovi,BMLmovi:Subject_37,BMLmovi/BMLmovi/Subject_37_F_MoSh/Subject_37_F_10_stageii.npz,train,537,98,88
BMLmovi,BMLmovi:Subject_37,BMLmovi/BMLmovi/Subject_37_F_MoSh/Subject_37_F_11_stageii.npz,train,1005,192,182
BMLmovi,BMLmovi:Subject_37,BMLmovi/BMLmovi/Subject_37_F_MoSh/Subject_37_F_12_stageii.npz,train,849,160,150
BMLmovi,BMLmovi:Subject_37,BMLmovi/BMLmovi/Subject_37_F_MoSh/Subject_37_F_13_stageii.npz,train,765,144,134
BMLmovi,BMLmovi:Subject_37,BMLmovi/BMLmovi/Subject_37_F_MoSh/Subject_37_F_14_stageii.npz,train,553,101,91
BMLmovi,BMLmovi:Subject_37,BMLmovi/BMLmovi/Subject_37_F_MoSh/Subject_37_F_15_stageii.npz,train,857,162,152
BMLmovi,BMLmovi:Subject_37,BMLmovi/BMLmovi/Subject_37_F_MoSh/Subject_37_F_16_stageii.npz,train,1197,230,220
BMLmovi,BMLmovi:Subject_37,BMLmovi/BMLmovi/Subject_37_F_MoSh/Subject_37_F_17_stageii.npz,train,437,78,68
BMLmovi,BMLmovi:Subject_37,BMLmovi/BMLmovi/Subject_37_F_MoSh/Subject_37_F_18_stageii.npz,train,589,108,98
BMLmovi,BMLmovi:Subject_37,BMLmovi/BMLmovi/Subject_37_F_MoSh/Subject_37_F_19_stageii.npz,train,581,107,97
BMLmovi,BMLmovi:Subject_37,BMLmovi/BMLmovi/Subject_37_F_MoSh/Subject_37_F_1_stageii.npz,train,993,189,179
BMLmovi,BMLmovi:Subject_37,BMLmovi/BMLmovi/Subject_37_F_MoSh/Subject_37_F_20_stageii.npz,train,373,65,55
BMLmovi,BMLmovi:Subject_37,BMLmovi/BMLmovi/Subject_37_F_MoSh/Subject_37_F_21_stageii.npz,train,1461,283,273
BMLmovi,BMLmovi:Subject_37,BMLmovi/BMLmovi/Subject_37_F_MoSh/Subject_37_F_2_stageii.npz,train,701,131,121
BMLmovi,BMLmovi:Subject_37,BMLmovi/BMLmovi/Subject_37_F_MoSh/Subject_37_F_3_stageii.npz,train,673,125,115
BMLmovi,BMLmovi:Subject_37,BMLmovi/BMLmovi/Subject_37_F_MoSh/Subject_37_F_4_stageii.npz,train,601,111,101
BMLmovi,BMLmovi:Subject_37,BMLmovi/BMLmovi/Subject_37_F_MoSh/Subject_37_F_5_stageii.npz,train,581,107,97
BMLmovi,BMLmovi:Subject_37,BMLmovi/BMLmovi/Subject_37_F_MoSh/Subject_37_F_6_stageii.npz,train,505,92,82
BMLmovi,BMLmovi:Subject_37,BMLmovi/BMLmovi/Subject_37_F_MoSh/Subject_37_F_7_stageii.npz,train,473,85,75
BMLmovi,BMLmovi:Subject_37,BMLmovi/BMLmovi/Subject_37_F_MoSh/Subject_37_F_8_stageii.npz,train,1517,294,284
BMLmovi,BMLmovi:Subject_37,BMLmovi/BMLmovi/Subject_37_F_MoSh/Subject_37_F_9_stageii.npz,train,437,78,68
BMLmovi,BMLmovi:Subject_38,BMLmovi/BMLmovi/Subject_38_F_MoSh/Subject_38_F_10_stageii.npz,train,509,92,82
BMLmovi,BMLmovi:Subject_38,BMLmovi/BMLmovi/Subject_38_F_MoSh/Subject_38_F_11_stageii.npz,train,589,108,98
BMLmovi,BMLmovi:Subject_38,BMLmovi/BMLmovi/Subject_38_F_MoSh/Subject_38_F_12_stageii.npz,train,1169,224,214
BMLmovi,BMLmovi:Subject_38,BMLmovi/BMLmovi/Subject_38_F_MoSh/Subject_38_F_13_stageii.npz,train,281,47,37
BMLmovi,BMLmovi:Subject_38,BMLmovi/BMLmovi/Subject_38_F_MoSh/Subject_38_F_14_stageii.npz,train,1253,241,231
BMLmovi,BMLmovi:Subject_38,BMLmovi/BMLmovi/Subject_38_F_MoSh/Subject_38_F_15_stageii.npz,train,437,78,68
BMLmovi,BMLmovi:Subject_38,BMLmovi/BMLmovi/Subject_38_F_MoSh/Subject_38_F_16_stageii.npz,train,961,183,173
BMLmovi,BMLmovi:Subject_38,BMLmovi/BMLmovi/Subject_38_F_MoSh/Subject_38_F_17_stageii.npz,train,669,124,114
BMLmovi,BMLmovi:Subject_38,BMLmovi/BMLmovi/Subject_38_F_MoSh/Subject_38_F_18_stageii.npz,train,641,119,109
BMLmovi,BMLmovi:Subject_38,BMLmovi/BMLmovi/Subject_38_F_MoSh/Subject_38_F_19_stageii.npz,train,469,84,74
BMLmovi,BMLmovi:Subject_38,BMLmovi/BMLmovi/Subject_38_F_MoSh/Subject_38_F_1_stageii.npz,train,1289,248,238
BMLmovi,BMLmovi:Subject_38,BMLmovi/BMLmovi/Subject_38_F_MoSh/Subject_38_F_20_stageii.npz,train,657,122,112
BMLmovi,BMLmovi:Subject_38,BMLmovi/BMLmovi/Subject_38_F_MoSh/Subject_38_F_21_stageii.npz,train,2017,394,384
BMLmovi,BMLmovi:Subject_38,BMLmovi/BMLmovi/Subject_38_F_MoSh/Subject_38_F_2_stageii.npz,train,1105,212,202
BMLmovi,BMLmovi:Subject_38,BMLmovi/BMLmovi/Subject_38_F_MoSh/Subject_38_F_3_stageii.npz,train,997,190,180
BMLmovi,BMLmovi:Subject_38,BMLmovi/BMLmovi/Subject_38_F_MoSh/Subject_38_F_4_stageii.npz,train,629,116,106
BMLmovi,BMLmovi:Subject_38,BMLmovi/BMLmovi/Subject_38_F_MoSh/Subject_38_F_5_stageii.npz,train,481,87,77
BMLmovi,BMLmovi:Subject_38,BMLmovi/BMLmovi/Subject_38_F_MoSh/Subject_38_F_6_stageii.npz,train,581,107,97
BMLmovi,BMLmovi:Subject_38,BMLmovi/BMLmovi/Subject_38_F_MoSh/Subject_38_F_7_stageii.npz,train,1077,206,196
BMLmovi,BMLmovi:Subject_38,BMLmovi/BMLmovi/Subject_38_F_MoSh/Subject_38_F_8_stageii.npz,train,433,77,67
BMLmovi,BMLmovi:Subject_38,BMLmovi/BMLmovi/Subject_38_F_MoSh/Subject_38_F_9_stageii.npz,train,409,72,62
BMLmovi,BMLmovi:Subject_39,BMLmovi/BMLmovi/Subject_39_F_MoSh/Subject_39_F_10_stageii.npz,train,457,82,72
BMLmovi,BMLmovi:Subject_39,BMLmovi/BMLmovi/Subject_39_F_MoSh/Subject_39_F_11_stageii.npz,train,889,168,158
BMLmovi,BMLmovi:Subject_39,BMLmovi/BMLmovi/Subject_39_F_MoSh/Subject_39_F_12_stageii.npz,train,405,72,62
BMLmovi,BMLmovi:Subject_39,BMLmovi/BMLmovi/Subject_39_F_MoSh/Subject_39_F_13_stageii.npz,train,1005,192,182
BMLmovi,BMLmovi:Subject_39,BMLmovi/BMLmovi/Subject_39_F_MoSh/Subject_39_F_14_stageii.npz,train,385,68,58
BMLmovi,BMLmovi:Subject_39,BMLmovi/BMLmovi/Subject_39_F_MoSh/Subject_39_F_15_stageii.npz,train,357,62,52
BMLmovi,BMLmovi:Subject_39,BMLmovi/BMLmovi/Subject_39_F_MoSh/Subject_39_F_16_stageii.npz,train,2217,434,424
BMLmovi,BMLmovi:Subject_39,BMLmovi/BMLmovi/Subject_39_F_MoSh/Subject_39_F_17_stageii.npz,train,497,90,80
BMLmovi,BMLmovi:Subject_39,BMLmovi/BMLmovi/Subject_39_F_MoSh/Subject_39_F_18_stageii.npz,train,705,132,122
BMLmovi,BMLmovi:Subject_39,BMLmovi/BMLmovi/Subject_39_F_MoSh/Subject_39_F_19_stageii.npz,train,377,66,56
BMLmovi,BMLmovi:Subject_39,BMLmovi/BMLmovi/Subject_39_F_MoSh/Subject_39_F_1_stageii.npz,train,537,98,88
BMLmovi,BMLmovi:Subject_39,BMLmovi/BMLmovi/Subject_39_F_MoSh/Subject_39_F_20_stageii.npz,train,501,91,81
BMLmovi,BMLmovi:Subject_39,BMLmovi/BMLmovi/Subject_39_F_MoSh/Subject_39_F_21_stageii.npz,train,1209,232,222
BMLmovi,BMLmovi:Subject_39,BMLmovi/BMLmovi/Subject_39_F_MoSh/Subject_39_F_2_stageii.npz,train,897,170,160
BMLmovi,BMLmovi:Subject_39,BMLmovi/BMLmovi/Subject_39_F_MoSh/Subject_39_F_3_stageii.npz,train,309,52,42
BMLmovi,BMLmovi:Subject_39,BMLmovi/BMLmovi/Subject_39_F_MoSh/Subject_39_F_4_stageii.npz,train,469,84,74
BMLmovi,BMLmovi:Subject_39,BMLmovi/BMLmovi/Subject_39_F_MoSh/Subject_39_F_5_stageii.npz,train,433,77,67
BMLmovi,BMLmovi:Subject_39,BMLmovi/BMLmovi/Subject_39_F_MoSh/Subject_39_F_6_stageii.npz,train,549,100,90
BMLmovi,BMLmovi:Subject_39,BMLmovi/BMLmovi/Subject_39_F_MoSh/Subject_39_F_7_stageii.npz,train,909,172,162
BMLmovi,BMLmovi:Subject_39,BMLmovi/BMLmovi/Subject_39_F_MoSh/Subject_39_F_8_stageii.npz,train,1825,356,346
BMLmovi,BMLmovi:Subject_39,BMLmovi/BMLmovi/Subject_39_F_MoSh/Subject_39_F_9_stageii.npz,train,305,52,42
BMLmovi,BMLmovi:Subject_03,BMLmovi/BMLmovi/Subject_3_F_MoSh/Subject_3_F_10_stageii.npz,val,393,69,59
BMLmovi,BMLmovi:Subject_03,BMLmovi/BMLmovi/Subject_3_F_MoSh/Subject_3_F_11_stageii.npz,val,805,152,142
BMLmovi,BMLmovi:Subject_03,BMLmovi/BMLmovi/Subject_3_F_MoSh/Subject_3_F_12_stageii.npz,val,333,57,47
BMLmovi,BMLmovi:Subject_03,BMLmovi/BMLmovi/Subject_3_F_MoSh/Subject_3_F_13_stageii.npz,val,257,42,32
BMLmovi,BMLmovi:Subject_03,BMLmovi/BMLmovi/Subject_3_F_MoSh/Subject_3_F_14_stageii.npz,val,273,45,35
BMLmovi,BMLmovi:Subject_03,BMLmovi/BMLmovi/Subject_3_F_MoSh/Subject_3_F_15_stageii.npz,val,257,42,32
BMLmovi,BMLmovi:Subject_03,BMLmovi/BMLmovi/Subject_3_F_MoSh/Subject_3_F_16_stageii.npz,val,825,156,146
BMLmovi,BMLmovi:Subject_03,BMLmovi/BMLmovi/Subject_3_F_MoSh/Subject_3_F_17_stageii.npz,val,741,139,129
BMLmovi,BMLmovi:Subject_03,BMLmovi/BMLmovi/Subject_3_F_MoSh/Subject_3_F_18_stageii.npz,val,537,98,88
BMLmovi,BMLmovi:Subject_03,BMLmovi/BMLmovi/Subject_3_F_MoSh/Subject_3_F_19_stageii.npz,val,345,60,50
BMLmovi,BMLmovi:Subject_03,BMLmovi/BMLmovi/Subject_3_F_MoSh/Subject_3_F_1_stageii.npz,val,273,45,35
BMLmovi,BMLmovi:Subject_03,BMLmovi/BMLmovi/Subject_3_F_MoSh/Subject_3_F_20_stageii.npz,val,357,62,52
BMLmovi,BMLmovi:Subject_03,BMLmovi/BMLmovi/Subject_3_F_MoSh/Subject_3_F_21_stageii.npz,val,193,29,19
BMLmovi,BMLmovi:Subject_03,BMLmovi/BMLmovi/Subject_3_F_MoSh/Subject_3_F_2_stageii.npz,val,373,65,55
BMLmovi,BMLmovi:Subject_03,BMLmovi/BMLmovi/Subject_3_F_MoSh/Subject_3_F_3_stageii.npz,val,385,68,58
BMLmovi,BMLmovi:Subject_03,BMLmovi/BMLmovi/Subject_3_F_MoSh/Subject_3_F_4_stageii.npz,val,461,83,73
BMLmovi,BMLmovi:Subject_03,BMLmovi/BMLmovi/Subject_3_F_MoSh/Subject_3_F_5_stageii.npz,val,393,69,59
BMLmovi,BMLmovi:Subject_03,BMLmovi/BMLmovi/Subject_3_F_MoSh/Subject_3_F_6_stageii.npz,val,329,56,46
BMLmovi,BMLmovi:Subject_03,BMLmovi/BMLmovi/Subject_3_F_MoSh/Subject_3_F_7_stageii.npz,val,537,98,88
BMLmovi,BMLmovi:Subject_03,BMLmovi/BMLmovi/Subject_3_F_MoSh/Subject_3_F_8_stageii.npz,val,909,172,162
BMLmovi,BMLmovi:Subject_03,BMLmovi/BMLmovi/Subject_3_F_MoSh/Subject_3_F_9_stageii.npz,val,437,78,68
BMLmovi,BMLmovi:Subject_40,BMLmovi/BMLmovi/Subject_40_F_MoSh/Subject_40_F_10_stageii.npz,train,493,89,79
BMLmovi,BMLmovi:Subject_40,BMLmovi/BMLmovi/Subject_40_F_MoSh/Subject_40_F_11_stageii.npz,train,869,164,154
BMLmovi,BMLmovi:Subject_40,BMLmovi/BMLmovi/Subject_40_F_MoSh/Subject_40_F_12_stageii.npz,train,625,116,106
BMLmovi,BMLmovi:Subject_40,BMLmovi/BMLmovi/Subject_40_F_MoSh/Subject_40_F_13_stageii.npz,train,925,176,166
BMLmovi,BMLmovi:Subject_40,BMLmovi/BMLmovi/Subject_40_F_MoSh/Subject_40_F_14_stageii.npz,train,641,119,109
BMLmovi,BMLmovi:Subject_40,BMLmovi/BMLmovi/Subject_40_F_MoSh/Subject_40_F_15_stageii.npz,train,577,106,96
BMLmovi,BMLmovi:Subject_40,BMLmovi/BMLmovi/Subject_40_F_MoSh/Subject_40_F_16_stageii.npz,train,729,136,126
BMLmovi,BMLmovi:Subject_40,BMLmovi/BMLmovi/Subject_40_F_MoSh/Subject_40_F_17_stageii.npz,train,1161,223,213
BMLmovi,BMLmovi:Subject_40,BMLmovi/BMLmovi/Subject_40_F_MoSh/Subject_40_F_18_stageii.npz,train,1325,256,246
BMLmovi,BMLmovi:Subject_40,BMLmovi/BMLmovi/Subject_40_F_MoSh/Subject_40_F_19_stageii.npz,train,901,171,161
BMLmovi,BMLmovi:Subject_40,BMLmovi/BMLmovi/Subject_40_F_MoSh/Subject_40_F_1_stageii.npz,train,769,144,134
BMLmovi,BMLmovi:Subject_40,BMLmovi/BMLmovi/Subject_40_F_MoSh/Subject_40_F_20_stageii.npz,train,593,109,99
BMLmovi,BMLmovi:Subject_40,BMLmovi/BMLmovi/Subject_40_F_MoSh/Subject_40_F_21_stageii.npz,train,653,121,111
BMLmovi,BMLmovi:Subject_40,BMLmovi/BMLmovi/Subject_40_F_MoSh/Subject_40_F_2_stageii.npz,train,509,92,82
BMLmovi,BMLmovi:Subject_40,BMLmovi/BMLmovi/Subject_40_F_MoSh/Subject_40_F_3_stageii.npz,train,1521,295,285
BMLmovi,BMLmovi:Subject_40,BMLmovi/BMLmovi/Subject_40_F_MoSh/Subject_40_F_4_stageii.npz,train,469,84,74
BMLmovi,BMLmovi:Subject_40,BMLmovi/BMLmovi/Subject_40_F_MoSh/Subject_40_F_5_stageii.npz,train,1137,218,208
BMLmovi,BMLmovi:Subject_40,BMLmovi/BMLmovi/Subject_40_F_MoSh/Subject_40_F_6_stageii.npz,train,629,116,106
BMLmovi,BMLmovi:Subject_40,BMLmovi/BMLmovi/Subject_40_F_MoSh/Subject_40_F_7_stageii.npz,train,725,136,126
BMLmovi,BMLmovi:Subject_40,BMLmovi/BMLmovi/Subject_40_F_MoSh/Subject_40_F_8_stageii.npz,train,1189,228,218
BMLmovi,BMLmovi:Subject_40,BMLmovi/BMLmovi/Subject_40_F_MoSh/Subject_40_F_9_stageii.npz,train,381,67,57
BMLmovi,BMLmovi:Subject_41,BMLmovi/BMLmovi/Subject_41_F_MoSh/Subject_41_F_10_stageii.npz,train,473,85,75
BMLmovi,BMLmovi:Subject_41,BMLmovi/BMLmovi/Subject_41_F_MoSh/Subject_41_F_11_stageii.npz,train,593,109,99
BMLmovi,BMLmovi:Subject_41,BMLmovi/BMLmovi/Subject_41_F_MoSh/Subject_41_F_12_stageii.npz,train,569,104,94
BMLmovi,BMLmovi:Subject_41,BMLmovi/BMLmovi/Subject_41_F_MoSh/Subject_41_F_13_stageii.npz,train,1201,231,221
BMLmovi,BMLmovi:Subject_41,BMLmovi/BMLmovi/Subject_41_F_MoSh/Subject_41_F_14_stageii.npz,train,565,104,94
BMLmovi,BMLmovi:Subject_41,BMLmovi/BMLmovi/Subject_41_F_MoSh/Subject_41_F_16_stageii.npz,train,445,80,70
BMLmovi,BMLmovi:Subject_41,BMLmovi/BMLmovi/Subject_41_F_MoSh/Subject_41_F_17_stageii.npz,train,309,52,42
BMLmovi,BMLmovi:Subject_41,BMLmovi/BMLmovi/Subject_41_F_MoSh/Subject_41_F_18_stageii.npz,train,485,88,78
BMLmovi,BMLmovi:Subject_41,BMLmovi/BMLmovi/Subject_41_F_MoSh/Subject_41_F_19_stageii.npz,train,1561,303,293
BMLmovi,BMLmovi:Subject_41,BMLmovi/BMLmovi/Subject_41_F_MoSh/Subject_41_F_1_stageii.npz,train,381,67,57
BMLmovi,BMLmovi:Subject_41,BMLmovi/BMLmovi/Subject_41_F_MoSh/Subject_41_F_20_stageii.npz,train,1205,232,222
BMLmovi,BMLmovi:Subject_41,BMLmovi/BMLmovi/Subject_41_F_MoSh/Subject_41_F_21_stageii.npz,train,1121,215,205
BMLmovi,BMLmovi:Subject_41,BMLmovi/BMLmovi/Subject_41_F_MoSh/Subject_41_F_2_stageii.npz,train,981,187,177
BMLmovi,BMLmovi:Subject_41,BMLmovi/BMLmovi/Subject_41_F_MoSh/Subject_41_F_3_stageii.npz,train,489,88,78
BMLmovi,BMLmovi:Subject_41,BMLmovi/BMLmovi/Subject_41_F_MoSh/Subject_41_F_4_stageii.npz,train,413,73,63
BMLmovi,BMLmovi:Subject_41,BMLmovi/BMLmovi/Subject_41_F_MoSh/Subject_41_F_5_stageii.npz,train,437,78,68
BMLmovi,BMLmovi:Subject_41,BMLmovi/BMLmovi/Subject_41_F_MoSh/Subject_41_F_6_stageii.npz,train,661,123,113
BMLmovi,BMLmovi:Subject_41,BMLmovi/BMLmovi/Subject_41_F_MoSh/Subject_41_F_7_stageii.npz,train,953,181,171
BMLmovi,BMLmovi:Subject_41,BMLmovi/BMLmovi/Subject_41_F_MoSh/Subject_41_F_8_stageii.npz,train,521,95,85
BMLmovi,BMLmovi:Subject_41,BMLmovi/BMLmovi/Subject_41_F_MoSh/Subject_41_F_9_stageii.npz,train,1193,229,219
BMLmovi,BMLmovi:Subject_42,BMLmovi/BMLmovi/Subject_42_F_MoSh/Subject_42_F_10_stageii.npz,train,473,85,75
BMLmovi,BMLmovi:Subject_42,BMLmovi/BMLmovi/Subject_42_F_MoSh/Subject_42_F_11_stageii.npz,train,965,184,174
BMLmovi,BMLmovi:Subject_42,BMLmovi/BMLmovi/Subject_42_F_MoSh/Subject_42_F_12_stageii.npz,train,325,56,46
BMLmovi,BMLmovi:Subject_42,BMLmovi/BMLmovi/Subject_42_F_MoSh/Subject_42_F_13_stageii.npz,train,1197,230,220
BMLmovi,BMLmovi:Subject_42,BMLmovi/BMLmovi/Subject_42_F_MoSh/Subject_42_F_14_stageii.npz,train,697,130,120
BMLmovi,BMLmovi:Subject_42,BMLmovi/BMLmovi/Subject_42_F_MoSh/Subject_42_F_15_stageii.npz,train,1109,212,202
BMLmovi,BMLmovi:Subject_42,BMLmovi/BMLmovi/Subject_42_F_MoSh/Subject_42_F_16_stageii.npz,train,497,90,80
BMLmovi,BMLmovi:Subject_42,BMLmovi/BMLmovi/Subject_42_F_MoSh/Subject_42_F_17_stageii.npz,train,265,44,34
BMLmovi,BMLmovi:Subject_42,BMLmovi/BMLmovi/Subject_42_F_MoSh/Subject_42_F_18_stageii.npz,train,421,75,65
BMLmovi,BMLmovi:Subject_42,BMLmovi/BMLmovi/Subject_42_F_MoSh/Subject_42_F_19_stageii.npz,train,529,96,86
BMLmovi,BMLmovi:Subject_42,BMLmovi/BMLmovi/Subject_42_F_MoSh/Subject_42_F_1_stageii.npz,train,1173,225,215
BMLmovi,BMLmovi:Subject_42,BMLmovi/BMLmovi/Subject_42_F_MoSh/Subject_42_F_20_stageii.npz,train,505,92,82
BMLmovi,BMLmovi:Subject_42,BMLmovi/BMLmovi/Subject_42_F_MoSh/Subject_42_F_21_stageii.npz,train,1081,207,197
BMLmovi,BMLmovi:Subject_42,BMLmovi/BMLmovi/Subject_42_F_MoSh/Subject_42_F_2_stageii.npz,train,1333,257,247
BMLmovi,BMLmovi:Subject_42,BMLmovi/BMLmovi/Subject_42_F_MoSh/Subject_42_F_3_stageii.npz,train,593,109,99
BMLmovi,BMLmovi:Subject_42,BMLmovi/BMLmovi/Subject_42_F_MoSh/Subject_42_F_4_stageii.npz,train,1225,236,226
BMLmovi,BMLmovi:Subject_42,BMLmovi/BMLmovi/Subject_42_F_MoSh/Subject_42_F_5_stageii.npz,train,585,108,98
BMLmovi,BMLmovi:Subject_42,BMLmovi/BMLmovi/Subject_42_F_MoSh/Subject_42_F_6_stageii.npz,train,533,97,87
BMLmovi,BMLmovi:Subject_42,BMLmovi/BMLmovi/Subject_42_F_MoSh/Subject_42_F_7_stageii.npz,train,517,94,84
BMLmovi,BMLmovi:Subject_42,BMLmovi/BMLmovi/Subject_42_F_MoSh/Subject_42_F_8_stageii.npz,train,553,101,91
BMLmovi,BMLmovi:Subject_42,BMLmovi/BMLmovi/Subject_42_F_MoSh/Subject_42_F_9_stageii.npz,train,1209,232,222
BMLmovi,BMLmovi:Subject_43,BMLmovi/BMLmovi/Subject_43_F_MoSh/Subject_43_F_10_stageii.npz,train,725,136,126
BMLmovi,BMLmovi:Subject_43,BMLmovi/BMLmovi/Subject_43_F_MoSh/Subject_43_F_11_stageii.npz,train,1109,212,202
BMLmovi,BMLmovi:Subject_43,BMLmovi/BMLmovi/Subject_43_F_MoSh/Subject_43_F_12_stageii.npz,train,713,133,123
BMLmovi,BMLmovi:Subject_43,BMLmovi/BMLmovi/Subject_43_F_MoSh/Subject_43_F_13_stageii.npz,train,1073,205,195
BMLmovi,BMLmovi:Subject_43,BMLmovi/BMLmovi/Subject_43_F_MoSh/Subject_43_F_14_stageii.npz,train,365,64,54
BMLmovi,BMLmovi:Subject_43,BMLmovi/BMLmovi/Subject_43_F_MoSh/Subject_43_F_15_stageii.npz,train,1637,318,308
BMLmovi,BMLmovi:Subject_43,BMLmovi/BMLmovi/Subject_43_F_MoSh/Subject_43_F_16_stageii.npz,train,565,104,94
BMLmovi,BMLmovi:Subject_43,BMLmovi/BMLmovi/Subject_43_F_MoSh/Subject_43_F_17_stageii.npz,train,501,91,81
BMLmovi,BMLmovi:Subject_43,BMLmovi/BMLmovi/Subject_43_F_MoSh/Subject_43_F_18_stageii.npz,train,529,96,86
BMLmovi,BMLmovi:Subject_43,BMLmovi/BMLmovi/Subject_43_F_MoSh/Subject_43_F_19_stageii.npz,train,633,117,107
BMLmovi,BMLmovi:Subject_43,BMLmovi/BMLmovi/Subject_43_F_MoSh/Subject_43_F_1_stageii.npz,train,493,89,79
BMLmovi,BMLmovi:Subject_43,BMLmovi/BMLmovi/Subject_43_F_MoSh/Subject_43_F_20_stageii.npz,train,493,89,79
BMLmovi,BMLmovi:Subject_43,BMLmovi/BMLmovi/Subject_43_F_MoSh/Subject_43_F_21_stageii.npz,train,1257,242,232
BMLmovi,BMLmovi:Subject_43,BMLmovi/BMLmovi/Subject_43_F_MoSh/Subject_43_F_2_stageii.npz,train,333,57,47
BMLmovi,BMLmovi:Subject_43,BMLmovi/BMLmovi/Subject_43_F_MoSh/Subject_43_F_3_stageii.npz,train,1041,199,189
BMLmovi,BMLmovi:Subject_43,BMLmovi/BMLmovi/Subject_43_F_MoSh/Subject_43_F_4_stageii.npz,train,521,95,85
BMLmovi,BMLmovi:Subject_43,BMLmovi/BMLmovi/Subject_43_F_MoSh/Subject_43_F_5_stageii.npz,train,1145,220,210
BMLmovi,BMLmovi:Subject_43,BMLmovi/BMLmovi/Subject_43_F_MoSh/Subject_43_F_6_stageii.npz,train,1265,244,234
BMLmovi,BMLmovi:Subject_43,BMLmovi/BMLmovi/Subject_43_F_MoSh/Subject_43_F_7_stageii.npz,train,541,99,89
BMLmovi,BMLmovi:Subject_43,BMLmovi/BMLmovi/Subject_43_F_MoSh/Subject_43_F_8_stageii.npz,train,777,146,136
BMLmovi,BMLmovi:Subject_43,BMLmovi/BMLmovi/Subject_43_F_MoSh/Subject_43_F_9_stageii.npz,train,693,129,119
BMLmovi,BMLmovi:Subject_44,BMLmovi/BMLmovi/Subject_44_F_MoSh/Subject_44_F_10_stageii.npz,train,321,55,45
BMLmovi,BMLmovi:Subject_44,BMLmovi/BMLmovi/Subject_44_F_MoSh/Subject_44_F_11_stageii.npz,train,1169,224,214
BMLmovi,BMLmovi:Subject_44,BMLmovi/BMLmovi/Subject_44_F_MoSh/Subject_44_F_12_stageii.npz,train,497,90,80
BMLmovi,BMLmovi:Subject_44,BMLmovi/BMLmovi/Subject_44_F_MoSh/Subject_44_F_13_stageii.npz,train,1273,245,235
BMLmovi,BMLmovi:Subject_44,BMLmovi/BMLmovi/Subject_44_F_MoSh/Subject_44_F_14_stageii.npz,train,637,118,108
BMLmovi,BMLmovi:Subject_44,BMLmovi/BMLmovi/Subject_44_F_MoSh/Subject_44_F_15_stageii.npz,train,541,99,89
BMLmovi,BMLmovi:Subject_44,BMLmovi/BMLmovi/Subject_44_F_MoSh/Subject_44_F_16_stageii.npz,train,477,86,76
BMLmovi,BMLmovi:Subject_44,BMLmovi/BMLmovi/Subject_44_F_MoSh/Subject_44_F_17_stageii.npz,train,825,156,146
BMLmovi,BMLmovi:Subject_44,BMLmovi/BMLmovi/Subject_44_F_MoSh/Subject_44_F_18_stageii.npz,train,1101,211,201
BMLmovi,BMLmovi:Subject_44,BMLmovi/BMLmovi/Subject_44_F_MoSh/Subject_44_F_19_stageii.npz,train,409,72,62
BMLmovi,BMLmovi:Subject_44,BMLmovi/BMLmovi/Subject_44_F_MoSh/Subject_44_F_1_stageii.npz,train,373,65,55
BMLmovi,BMLmovi:Subject_44,BMLmovi/BMLmovi/Subject_44_F_MoSh/Subject_44_F_20_stageii.npz,train,1929,376,366
BMLmovi,BMLmovi:Subject_44,BMLmovi/BMLmovi/Subject_44_F_MoSh/Subject_44_F_21_stageii.npz,train,457,82,72
BMLmovi,BMLmovi:Subject_44,BMLmovi/BMLmovi/Subject_44_F_MoSh/Subject_44_F_2_stageii.npz,train,433,77,67
BMLmovi,BMLmovi:Subject_44,BMLmovi/BMLmovi/Subject_44_F_MoSh/Subject_44_F_3_stageii.npz,train,1457,282,272
BMLmovi,BMLmovi:Subject_44,BMLmovi/BMLmovi/Subject_44_F_MoSh/Subject_44_F_4_stageii.npz,train,389,68,58
BMLmovi,BMLmovi:Subject_44,BMLmovi/BMLmovi/Subject_44_F_MoSh/Subject_44_F_5_stageii.npz,train,393,69,59
BMLmovi,BMLmovi:Subject_44,BMLmovi/BMLmovi/Subject_44_F_MoSh/Subject_44_F_6_stageii.npz,train,1265,244,234
BMLmovi,BMLmovi:Subject_44,BMLmovi/BMLmovi/Subject_44_F_MoSh/Subject_44_F_7_stageii.npz,train,437,78,68
BMLmovi,BMLmovi:Subject_44,BMLmovi/BMLmovi/Subject_44_F_MoSh/Subject_44_F_8_stageii.npz,train,785,148,138
BMLmovi,BMLmovi:Subject_44,BMLmovi/BMLmovi/Subject_44_F_MoSh/Subject_44_F_9_stageii.npz,train,541,99,89
BMLmovi,BMLmovi:Subject_45,BMLmovi/BMLmovi/Subject_45_F_MoSh/Subject_45_F_10_stageii.npz,train,957,182,172
BMLmovi,BMLmovi:Subject_45,BMLmovi/BMLmovi/Subject_45_F_MoSh/Subject_45_F_11_stageii.npz,train,397,70,60
BMLmovi,BMLmovi:Subject_45,BMLmovi/BMLmovi/Subject_45_F_MoSh/Subject_45_F_12_stageii.npz,train,793,149,139
BMLmovi,BMLmovi:Subject_45,BMLmovi/BMLmovi/Subject_45_F_MoSh/Subject_45_F_13_stageii.npz,train,365,64,54
BMLmovi,BMLmovi:Subject_45,BMLmovi/BMLmovi/Subject_45_F_MoSh/Subject_45_F_14_stageii.npz,train,913,173,163
BMLmovi,BMLmovi:Subject_45,BMLmovi/BMLmovi/Subject_45_F_MoSh/Subject_45_F_15_stageii.npz,train,1077,206,196
BMLmovi,BMLmovi:Subject_45,BMLmovi/BMLmovi/Subject_45_F_MoSh/Subject_45_F_16_stageii.npz,train,481,87,77
BMLmovi,BMLmovi:Subject_45,BMLmovi/BMLmovi/Subject_45_F_MoSh/Subject_45_F_17_stageii.npz,train,409,72,62
BMLmovi,BMLmovi:Subject_45,BMLmovi/BMLmovi/Subject_45_F_MoSh/Subject_45_F_18_stageii.npz,train,289,48,38
BMLmovi,BMLmovi:Subject_45,BMLmovi/BMLmovi/Subject_45_F_MoSh/Subject_45_F_19_stageii.npz,train,445,80,70
BMLmovi,BMLmovi:Subject_45,BMLmovi/BMLmovi/Subject_45_F_MoSh/Subject_45_F_1_stageii.npz,train,353,61,51
BMLmovi,BMLmovi:Subject_45,BMLmovi/BMLmovi/Subject_45_F_MoSh/Subject_45_F_20_stageii.npz,train,1289,248,238
BMLmovi,BMLmovi:Subject_45,BMLmovi/BMLmovi/Subject_45_F_MoSh/Subject_45_F_21_stageii.npz,train,413,73,63
BMLmovi,BMLmovi:Subject_45,BMLmovi/BMLmovi/Subject_45_F_MoSh/Subject_45_F_2_stageii.npz,train,297,50,40
BMLmovi,BMLmovi:Subject_45,BMLmovi/BMLmovi/Subject_45_F_MoSh/Subject_45_F_3_stageii.npz,train,1141,219,209
BMLmovi,BMLmovi:Subject_45,BMLmovi/BMLmovi/Subject_45_F_MoSh/Subject_45_F_4_stageii.npz,train,453,81,71
BMLmovi,BMLmovi:Subject_45,BMLmovi/BMLmovi/Subject_45_F_MoSh/Subject_45_F_5_stageii.npz,train,401,71,61
BMLmovi,BMLmovi:Subject_45,BMLmovi/BMLmovi/Subject_45_F_MoSh/Subject_45_F_6_stageii.npz,train,457,82,72
BMLmovi,BMLmovi:Subject_45,BMLmovi/BMLmovi/Subject_45_F_MoSh/Subject_45_F_7_stageii.npz,train,689,128,118
BMLmovi,BMLmovi:Subject_45,BMLmovi/BMLmovi/Subject_45_F_MoSh/Subject_45_F_8_stageii.npz,train,457,82,72
BMLmovi,BMLmovi:Subject_45,BMLmovi/BMLmovi/Subject_45_F_MoSh/Subject_45_F_9_stageii.npz,train,481,87,77
BMLmovi,BMLmovi:Subject_46,BMLmovi/BMLmovi/Subject_46_F_MoSh/Subject_46_F_10_stageii.npz,train,949,180,170
BMLmovi,BMLmovi:Subject_46,BMLmovi/BMLmovi/Subject_46_F_MoSh/Subject_46_F_11_stageii.npz,train,693,129,119
BMLmovi,BMLmovi:Subject_46,BMLmovi/BMLmovi/Subject_46_F_MoSh/Subject_46_F_12_stageii.npz,train,1125,216,206
BMLmovi,BMLmovi:Subject_46,BMLmovi/BMLmovi/Subject_46_F_MoSh/Subject_46_F_13_stageii.npz,train,445,80,70
BMLmovi,BMLmovi:Subject_46,BMLmovi/BMLmovi/Subject_46_F_MoSh/Subject_46_F_14_stageii.npz,train,965,184,174
BMLmovi,BMLmovi:Subject_46,BMLmovi/BMLmovi/Subject_46_F_MoSh/Subject_46_F_15_stageii.npz,train,1137,218,208
BMLmovi,BMLmovi:Subject_46,BMLmovi/BMLmovi/Subject_46_F_MoSh/Subject_46_F_16_stageii.npz,train,461,83,73
BMLmovi,BMLmovi:Subject_46,BMLmovi/BMLmovi/Subject_46_F_MoSh/Subject_46_F_17_stageii.npz,train,693,129,119
BMLmovi,BMLmovi:Subject_46,BMLmovi/BMLmovi/Subject_46_F_MoSh/Subject_46_F_18_stageii.npz,train,405,72,62
BMLmovi,BMLmovi:Subject_46,BMLmovi/BMLmovi/Subject_46_F_MoSh/Subject_46_F_19_stageii.npz,train,977,186,176
BMLmovi,BMLmovi:Subject_46,BMLmovi/BMLmovi/Subject_46_F_MoSh/Subject_46_F_1_stageii.npz,train,325,56,46
BMLmovi,BMLmovi:Subject_46,BMLmovi/BMLmovi/Subject_46_F_MoSh/Subject_46_F_20_stageii.npz,train,641,119,109
BMLmovi,BMLmovi:Subject_46,BMLmovi/BMLmovi/Subject_46_F_MoSh/Subject_46_F_21_stageii.npz,train,1137,218,208
BMLmovi,BMLmovi:Subject_46,BMLmovi/BMLmovi/Subject_46_F_MoSh/Subject_46_F_2_stageii.npz,train,573,105,95
BMLmovi,BMLmovi:Subject_46,BMLmovi/BMLmovi/Subject_46_F_MoSh/Subject_46_F_3_stageii.npz,train,445,80,70
BMLmovi,BMLmovi:Subject_46,BMLmovi/BMLmovi/Subject_46_F_MoSh/Subject_46_F_4_stageii.npz,train,481,87,77
BMLmovi,BMLmovi:Subject_46,BMLmovi/BMLmovi/Subject_46_F_MoSh/Subject_46_F_5_stageii.npz,train,521,95,85
BMLmovi,BMLmovi:Subject_46,BMLmovi/BMLmovi/Subject_46_F_MoSh/Subject_46_F_6_stageii.npz,train,493,89,79
BMLmovi,BMLmovi:Subject_46,BMLmovi/BMLmovi/Subject_46_F_MoSh/Subject_46_F_7_stageii.npz,train,517,94,84
BMLmovi,BMLmovi:Subject_46,BMLmovi/BMLmovi/Subject_46_F_MoSh/Subject_46_F_8_stageii.npz,train,549,100,90
BMLmovi,BMLmovi:Subject_46,BMLmovi/BMLmovi/Subject_46_F_MoSh/Subject_46_F_9_stageii.npz,train,569,104,94
BMLmovi,BMLmovi:Subject_47,BMLmovi/BMLmovi/Subject_47_F_MoSh/Subject_47_F_10_stageii.npz,train,953,181,171
BMLmovi,BMLmovi:Subject_47,BMLmovi/BMLmovi/Subject_47_F_MoSh/Subject_47_F_11_stageii.npz,train,345,60,50
BMLmovi,BMLmovi:Subject_47,BMLmovi/BMLmovi/Subject_47_F_MoSh/Subject_47_F_12_stageii.npz,train,469,84,74
BMLmovi,BMLmovi:Subject_47,BMLmovi/BMLmovi/Subject_47_F_MoSh/Subject_47_F_13_stageii.npz,train,497,90,80
BMLmovi,BMLmovi:Subject_47,BMLmovi/BMLmovi/Subject_47_F_MoSh/Subject_47_F_14_stageii.npz,train,993,189,179
BMLmovi,BMLmovi:Subject_47,BMLmovi/BMLmovi/Subject_47_F_MoSh/Subject_47_F_15_stageii.npz,train,537,98,88
BMLmovi,BMLmovi:Subject_47,BMLmovi/BMLmovi/Subject_47_F_MoSh/Subject_47_F_16_stageii.npz,train,549,100,90
BMLmovi,BMLmovi:Subject_47,BMLmovi/BMLmovi/Subject_47_F_MoSh/Subject_47_F_17_stageii.npz,train,1017,194,184
BMLmovi,BMLmovi:Subject_47,BMLmovi/BMLmovi/Subject_47_F_MoSh/Subject_47_F_18_stageii.npz,train,573,105,95
BMLmovi,BMLmovi:Subject_47,BMLmovi/BMLmovi/Subject_47_F_MoSh/Subject_47_F_19_stageii.npz,train,569,104,94
BMLmovi,BMLmovi:Subject_47,BMLmovi/BMLmovi/Subject_47_F_MoSh/Subject_47_F_1_stageii.npz,train,921,175,165
BMLmovi,BMLmovi:Subject_47,BMLmovi/BMLmovi/Subject_47_F_MoSh/Subject_47_F_20_stageii.npz,train,1089,208,198
BMLmovi,BMLmovi:Subject_47,BMLmovi/BMLmovi/Subject_47_F_MoSh/Subject_47_F_21_stageii.npz,train,1461,283,273
BMLmovi,BMLmovi:Subject_47,BMLmovi/BMLmovi/Subject_47_F_MoSh/Subject_47_F_2_stageii.npz,train,609,112,102
BMLmovi,BMLmovi:Subject_47,BMLmovi/BMLmovi/Subject_47_F_MoSh/Subject_47_F_3_stageii.npz,train,1105,212,202
BMLmovi,BMLmovi:Subject_47,BMLmovi/BMLmovi/Subject_47_F_MoSh/Subject_47_F_4_stageii.npz,train,817,154,144
BMLmovi,BMLmovi:Subject_47,BMLmovi/BMLmovi/Subject_47_F_MoSh/Subject_47_F_5_stageii.npz,train,705,132,122
BMLmovi,BMLmovi:Subject_47,BMLmovi/BMLmovi/Subject_47_F_MoSh/Subject_47_F_6_stageii.npz,train,837,158,148
BMLmovi,BMLmovi:Subject_47,BMLmovi/BMLmovi/Subject_47_F_MoSh/Subject_47_F_7_stageii.npz,train,589,108,98
BMLmovi,BMLmovi:Subject_47,BMLmovi/BMLmovi/Subject_47_F_MoSh/Subject_47_F_8_stageii.npz,train,1117,214,204
BMLmovi,BMLmovi:Subject_47,BMLmovi/BMLmovi/Subject_47_F_MoSh/Subject_47_F_9_stageii.npz,train,1017,194,184
BMLmovi,BMLmovi:Subject_48,BMLmovi/BMLmovi/Subject_48_F_MoSh/Subject_48_F_10_stageii.npz,train,773,145,135
BMLmovi,BMLmovi:Subject_48,BMLmovi/BMLmovi/Subject_48_F_MoSh/Subject_48_F_11_stageii.npz,train,557,102,92
BMLmovi,BMLmovi:Subject_48,BMLmovi/BMLmovi/Subject_48_F_MoSh/Subject_48_F_12_stageii.npz,train,801,151,141
BMLmovi,BMLmovi:Subject_48,BMLmovi/BMLmovi/Subject_48_F_MoSh/Subject_48_F_13_stageii.npz,train,725,136,126
BMLmovi,BMLmovi:Subject_48,BMLmovi/BMLmovi/Subject_48_F_MoSh/Subject_48_F_14_stageii.npz,train,589,108,98
BMLmovi,BMLmovi:Subject_48,BMLmovi/BMLmovi/Subject_48_F_MoSh/Subject_48_F_15_stageii.npz,train,1277,246,236
BMLmovi,BMLmovi:Subject_48,BMLmovi/BMLmovi/Subject_48_F_MoSh/Subject_48_F_16_stageii.npz,train,1253,241,231
BMLmovi,BMLmovi:Subject_48,BMLmovi/BMLmovi/Subject_48_F_MoSh/Subject_48_F_17_stageii.npz,train,533,97,87
BMLmovi,BMLmovi:Subject_48,BMLmovi/BMLmovi/Subject_48_F_MoSh/Subject_48_F_18_stageii.npz,train,1237,238,228
BMLmovi,BMLmovi:Subject_48,BMLmovi/BMLmovi/Subject_48_F_MoSh/Subject_48_F_19_stageii.npz,train,1097,210,200
BMLmovi,BMLmovi:Subject_48,BMLmovi/BMLmovi/Subject_48_F_MoSh/Subject_48_F_1_stageii.npz,train,589,108,98
BMLmovi,BMLmovi:Subject_48,BMLmovi/BMLmovi/Subject_48_F_MoSh/Subject_48_F_20_stageii.npz,train,1057,202,192
BMLmovi,BMLmovi:Subject_48,BMLmovi/BMLmovi/Subject_48_F_MoSh/Subject_48_F_21_stageii.npz,train,1293,249,239
BMLmovi,BMLmovi:Subject_48,BMLmovi/BMLmovi/Subject_48_F_MoSh/Subject_48_F_2_stageii.npz,train,481,87,77
BMLmovi,BMLmovi:Subject_48,BMLmovi/BMLmovi/Subject_48_F_MoSh/Subject_48_F_3_stageii.npz,train,461,83,73
BMLmovi,BMLmovi:Subject_48,BMLmovi/BMLmovi/Subject_48_F_MoSh/Subject_48_F_4_stageii.npz,train,613,113,103
BMLmovi,BMLmovi:Subject_48,BMLmovi/BMLmovi/Subject_48_F_MoSh/Subject_48_F_5_stageii.npz,train,573,105,95
BMLmovi,BMLmovi:Subject_48,BMLmovi/BMLmovi/Subject_48_F_MoSh/Subject_48_F_6_stageii.npz,train,533,97,87
BMLmovi,BMLmovi:Subject_48,BMLmovi/BMLmovi/Subject_48_F_MoSh/Subject_48_F_7_stageii.npz,train,673,125,115
BMLmovi,BMLmovi:Subject_48,BMLmovi/BMLmovi/Subject_48_F_MoSh/Subject_48_F_8_stageii.npz,train,517,94,84
BMLmovi,BMLmovi:Subject_48,BMLmovi/BMLmovi/Subject_48_F_MoSh/Subject_48_F_9_stageii.npz,train,913,173,163
BMLmovi,BMLmovi:Subject_49,BMLmovi/BMLmovi/Subject_49_F_MoSh/Subject_49_F_10_stageii.npz,train,593,109,99
BMLmovi,BMLmovi:Subject_49,BMLmovi/BMLmovi/Subject_49_F_MoSh/Subject_49_F_11_stageii.npz,train,653,121,111
BMLmovi,BMLmovi:Subject_49,BMLmovi/BMLmovi/Subject_49_F_MoSh/Subject_49_F_12_stageii.npz,train,633,117,107
BMLmovi,BMLmovi:Subject_49,BMLmovi/BMLmovi/Subject_49_F_MoSh/Subject_49_F_13_stageii.npz,train,613,113,103
BMLmovi,BMLmovi:Subject_49,BMLmovi/BMLmovi/Subject_49_F_MoSh/Subject_49_F_14_stageii.npz,train,1201,231,221
BMLmovi,BMLmovi:Subject_49,BMLmovi/BMLmovi/Subject_49_F_MoSh/Subject_49_F_15_stageii.npz,train,1045,200,190
BMLmovi,BMLmovi:Subject_49,BMLmovi/BMLmovi/Subject_49_F_MoSh/Subject_49_F_16_stageii.npz,train,501,91,81
BMLmovi,BMLmovi:Subject_49,BMLmovi/BMLmovi/Subject_49_F_MoSh/Subject_49_F_17_stageii.npz,train,789,148,138
BMLmovi,BMLmovi:Subject_49,BMLmovi/BMLmovi/Subject_49_F_MoSh/Subject_49_F_18_stageii.npz,train,557,102,92
BMLmovi,BMLmovi:Subject_49,BMLmovi/BMLmovi/Subject_49_F_MoSh/Subject_49_F_19_stageii.npz,train,1409,272,262
BMLmovi,BMLmovi:Subject_49,BMLmovi/BMLmovi/Subject_49_F_MoSh/Subject_49_F_1_stageii.npz,train,705,132,122
BMLmovi,BMLmovi:Subject_49,BMLmovi/BMLmovi/Subject_49_F_MoSh/Subject_49_F_20_stageii.npz,train,1281,247,237
BMLmovi,BMLmovi:Subject_49,BMLmovi/BMLmovi/Subject_49_F_MoSh/Subject_49_F_21_stageii.npz,train,469,84,74
BMLmovi,BMLmovi:Subject_49,BMLmovi/BMLmovi/Subject_49_F_MoSh/Subject_49_F_2_stageii.npz,train,929,176,166
BMLmovi,BMLmovi:Subject_49,BMLmovi/BMLmovi/Subject_49_F_MoSh/Subject_49_F_3_stageii.npz,train,605,112,102
BMLmovi,BMLmovi:Subject_49,BMLmovi/BMLmovi/Subject_49_F_MoSh/Subject_49_F_4_stageii.npz,train,589,108,98
BMLmovi,BMLmovi:Subject_49,BMLmovi/BMLmovi/Subject_49_F_MoSh/Subject_49_F_5_stageii.npz,train,801,151,141
BMLmovi,BMLmovi:Subject_49,BMLmovi/BMLmovi/Subject_49_F_MoSh/Subject_49_F_6_stageii.npz,train,745,140,130
BMLmovi,BMLmovi:Subject_49,BMLmovi/BMLmovi/Subject_49_F_MoSh/Subject_49_F_7_stageii.npz,train,1349,260,250
BMLmovi,BMLmovi:Subject_49,BMLmovi/BMLmovi/Subject_49_F_MoSh/Subject_49_F_8_stageii.npz,train,405,72,62
BMLmovi,BMLmovi:Subject_49,BMLmovi/BMLmovi/Subject_49_F_MoSh/Subject_49_F_9_stageii.npz,train,569,104,94
BMLmovi,BMLmovi:Subject_04,BMLmovi/BMLmovi/Subject_4_F_MoSh/Subject_4_F_10_stageii.npz,train,269,44,34
BMLmovi,BMLmovi:Subject_04,BMLmovi/BMLmovi/Subject_4_F_MoSh/Subject_4_F_11_stageii.npz,train,949,180,170
BMLmovi,BMLmovi:Subject_04,BMLmovi/BMLmovi/Subject_4_F_MoSh/Subject_4_F_12_stageii.npz,train,249,40,30
BMLmovi,BMLmovi:Subject_04,BMLmovi/BMLmovi/Subject_4_F_MoSh/Subject_4_F_13_stageii.npz,train,657,122,112
BMLmovi,BMLmovi:Subject_04,BMLmovi/BMLmovi/Subject_4_F_MoSh/Subject_4_F_14_stageii.npz,train,613,113,103
BMLmovi,BMLmovi:Subject_04,BMLmovi/BMLmovi/Subject_4_F_MoSh/Subject_4_F_15_stageii.npz,train,401,71,61
BMLmovi,BMLmovi:Subject_04,BMLmovi/BMLmovi/Subject_4_F_MoSh/Subject_4_F_16_stageii.npz,train,401,71,61
BMLmovi,BMLmovi:Subject_04,BMLmovi/BMLmovi/Subject_4_F_MoSh/Subject_4_F_17_stageii.npz,train,533,97,87
BMLmovi,BMLmovi:Subject_04,BMLmovi/BMLmovi/Subject_4_F_MoSh/Subject_4_F_18_stageii.npz,train,293,49,39
BMLmovi,BMLmovi:Subject_04,BMLmovi/BMLmovi/Subject_4_F_MoSh/Subject_4_F_19_stageii.npz,train,641,119,109
BMLmovi,BMLmovi:Subject_04,BMLmovi/BMLmovi/Subject_4_F_MoSh/Subject_4_F_1_stageii.npz,train,189,28,18
BMLmovi,BMLmovi:Subject_04,BMLmovi/BMLmovi/Subject_4_F_MoSh/Subject_4_F_20_stageii.npz,train,389,68,58
BMLmovi,BMLmovi:Subject_04,BMLmovi/BMLmovi/Subject_4_F_MoSh/Subject_4_F_21_stageii.npz,train,805,152,142
BMLmovi,BMLmovi:Subject_04,BMLmovi/BMLmovi/Subject_4_F_MoSh/Subject_4_F_2_stageii.npz,train,213,33,23
BMLmovi,BMLmovi:Subject_04,BMLmovi/BMLmovi/Subject_4_F_MoSh/Subject_4_F_3_stageii.npz,train,733,137,127
BMLmovi,BMLmovi:Subject_04,BMLmovi/BMLmovi/Subject_4_F_MoSh/Subject_4_F_4_stageii.npz,train,237,38,28
BMLmovi,BMLmovi:Subject_04,BMLmovi/BMLmovi/Subject_4_F_MoSh/Subject_4_F_5_stageii.npz,train,225,36,26
BMLmovi,BMLmovi:Subject_04,BMLmovi/BMLmovi/Subject_4_F_MoSh/Subject_4_F_6_stageii.npz,train,257,42,32
BMLmovi,BMLmovi:Subject_04,BMLmovi/BMLmovi/Subject_4_F_MoSh/Subject_4_F_7_stageii.npz,train,421,75,65
BMLmovi,BMLmovi:Subject_04,BMLmovi/BMLmovi/Subject_4_F_MoSh/Subject_4_F_8_stageii.npz,train,317,54,44
BMLmovi,BMLmovi:Subject_04,BMLmovi/BMLmovi/Subject_4_F_MoSh/Subject_4_F_9_stageii.npz,train,285,48,38
BMLmovi,BMLmovi:Subject_50,BMLmovi/BMLmovi/Subject_50_F_MoSh/Subject_50_F_10_stageii.npz,train,353,61,51
BMLmovi,BMLmovi:Subject_50,BMLmovi/BMLmovi/Subject_50_F_MoSh/Subject_50_F_11_stageii.npz,train,1085,208,198
BMLmovi,BMLmovi:Subject_50,BMLmovi/BMLmovi/Subject_50_F_MoSh/Subject_50_F_12_stageii.npz,train,341,59,49
BMLmovi,BMLmovi:Subject_50,BMLmovi/BMLmovi/Subject_50_F_MoSh/Subject_50_F_13_stageii.npz,train,705,132,122
BMLmovi,BMLmovi:Subject_50,BMLmovi/BMLmovi/Subject_50_F_MoSh/Subject_50_F_14_stageii.npz,train,673,125,115
BMLmovi,BMLmovi:Subject_50,BMLmovi/BMLmovi/Subject_50_F_MoSh/Subject_50_F_15_stageii.npz,train,777,146,136
BMLmovi,BMLmovi:Subject_50,BMLmovi/BMLmovi/Subject_50_F_MoSh/Subject_50_F_16_stageii.npz,train,401,71,61
BMLmovi,BMLmovi:Subject_50,BMLmovi/BMLmovi/Subject_50_F_MoSh/Subject_50_F_17_stageii.npz,train,481,87,77
BMLmovi,BMLmovi:Subject_50,BMLmovi/BMLmovi/Subject_50_F_MoSh/Subject_50_F_18_stageii.npz,train,1297,250,240
BMLmovi,BMLmovi:Subject_50,BMLmovi/BMLmovi/Subject_50_F_MoSh/Subject_50_F_19_stageii.npz,train,713,133,123
BMLmovi,BMLmovi:Subject_50,BMLmovi/BMLmovi/Subject_50_F_MoSh/Subject_50_F_1_stageii.npz,train,601,111,101
BMLmovi,BMLmovi:Subject_50,BMLmovi/BMLmovi/Subject_50_F_MoSh/Subject_50_F_20_stageii.npz,train,465,84,74
BMLmovi,BMLmovi:Subject_50,BMLmovi/BMLmovi/Subject_50_F_MoSh/Subject_50_F_21_stageii.npz,train,1033,197,187
BMLmovi,BMLmovi:Subject_50,BMLmovi/BMLmovi/Subject_50_F_MoSh/Subject_50_F_2_stageii.npz,train,837,158,148
BMLmovi,BMLmovi:Subject_50,BMLmovi/BMLmovi/Subject_50_F_MoSh/Subject_50_F_3_stageii.npz,train,1481,287,277
BMLmovi,BMLmovi:Subject_50,BMLmovi/BMLmovi/Subject_50_F_MoSh/Subject_50_F_4_stageii.npz,train,1777,346,336
BMLmovi,BMLmovi:Subject_50,BMLmovi/BMLmovi/Subject_50_F_MoSh/Subject_50_F_5_stageii.npz,train,273,45,35
BMLmovi,BMLmovi:Subject_50,BMLmovi/BMLmovi/Subject_50_F_MoSh/Subject_50_F_6_stageii.npz,train,529,96,86
BMLmovi,BMLmovi:Subject_50,BMLmovi/BMLmovi/Subject_50_F_MoSh/Subject_50_F_7_stageii.npz,train,1305,252,242
BMLmovi,BMLmovi:Subject_50,BMLmovi/BMLmovi/Subject_50_F_MoSh/Subject_50_F_8_stageii.npz,train,937,178,168
BMLmovi,BMLmovi:Subject_50,BMLmovi/BMLmovi/Subject_50_F_MoSh/Subject_50_F_9_stageii.npz,train,489,88,78
BMLmovi,BMLmovi:Subject_51,BMLmovi/BMLmovi/Subject_51_F_MoSh/Subject_51_F_10_stageii.npz,train,1085,208,198
BMLmovi,BMLmovi:Subject_51,BMLmovi/BMLmovi/Subject_51_F_MoSh/Subject_51_F_11_stageii.npz,train,909,172,162
BMLmovi,BMLmovi:Subject_51,BMLmovi/BMLmovi/Subject_51_F_MoSh/Subject_51_F_12_stageii.npz,train,1225,236,226
BMLmovi,BMLmovi:Subject_51,BMLmovi/BMLmovi/Subject_51_F_MoSh/Subject_51_F_13_stageii.npz,train,609,112,102
BMLmovi,BMLmovi:Subject_51,BMLmovi/BMLmovi/Subject_51_F_MoSh/Subject_51_F_14_stageii.npz,train,753,141,131
BMLmovi,BMLmovi:Subject_51,BMLmovi/BMLmovi/Subject_51_F_MoSh/Subject_51_F_15_stageii.npz,train,717,134,124
BMLmovi,BMLmovi:Subject_51,BMLmovi/BMLmovi/Subject_51_F_MoSh/Subject_51_F_16_stageii.npz,train,605,112,102
BMLmovi,BMLmovi:Subject_51,BMLmovi/BMLmovi/Subject_51_F_MoSh/Subject_51_F_17_stageii.npz,train,933,177,167
BMLmovi,BMLmovi:Subject_51,BMLmovi/BMLmovi/Subject_51_F_MoSh/Subject_51_F_18_stageii.npz,train,421,75,65
BMLmovi,BMLmovi:Subject_51,BMLmovi/BMLmovi/Subject_51_F_MoSh/Subject_51_F_19_stageii.npz,train,561,103,93
BMLmovi,BMLmovi:Subject_51,BMLmovi/BMLmovi/Subject_51_F_MoSh/Subject_51_F_1_stageii.npz,train,533,97,87
BMLmovi,BMLmovi:Subject_51,BMLmovi/BMLmovi/Subject_51_F_MoSh/Subject_51_F_20_stageii.npz,train,633,117,107
BMLmovi,BMLmovi:Subject_51,BMLmovi/BMLmovi/Subject_51_F_MoSh/Subject_51_F_21_stageii.npz,train,465,84,74
BMLmovi,BMLmovi:Subject_51,BMLmovi/BMLmovi/Subject_51_F_MoSh/Subject_51_F_2_stageii.npz,train,449,80,70
BMLmovi,BMLmovi:Subject_51,BMLmovi/BMLmovi/Subject_51_F_MoSh/Subject_51_F_3_stageii.npz,train,541,99,89
BMLmovi,BMLmovi:Subject_51,BMLmovi/BMLmovi/Subject_51_F_MoSh/Subject_51_F_4_stageii.npz,train,1089,208,198
BMLmovi,BMLmovi:Subject_51,BMLmovi/BMLmovi/Subject_51_F_MoSh/Subject_51_F_5_stageii.npz,train,685,128,118
BMLmovi,BMLmovi:Subject_51,BMLmovi/BMLmovi/Subject_51_F_MoSh/Subject_51_F_6_stageii.npz,train,561,103,93
BMLmovi,BMLmovi:Subject_51,BMLmovi/BMLmovi/Subject_51_F_MoSh/Subject_51_F_7_stageii.npz,train,1597,310,300
BMLmovi,BMLmovi:Subject_51,BMLmovi/BMLmovi/Subject_51_F_MoSh/Subject_51_F_8_stageii.npz,train,621,115,105
BMLmovi,BMLmovi:Subject_51,BMLmovi/BMLmovi/Subject_51_F_MoSh/Subject_51_F_9_stageii.npz,train,473,85,75
BMLmovi,BMLmovi:Subject_52,BMLmovi/BMLmovi/Subject_52_F_MoSh/Subject_52_F_10_stageii.npz,train,665,124,114
BMLmovi,BMLmovi:Subject_52,BMLmovi/BMLmovi/Subject_52_F_MoSh/Subject_52_F_11_stageii.npz,train,685,128,118
BMLmovi,BMLmovi:Subject_52,BMLmovi/BMLmovi/Subject_52_F_MoSh/Subject_52_F_12_stageii.npz,train,893,169,159
BMLmovi,BMLmovi:Subject_52,BMLmovi/BMLmovi/Subject_52_F_MoSh/Subject_52_F_13_stageii.npz,train,349,60,50
BMLmovi,BMLmovi:Subject_52,BMLmovi/BMLmovi/Subject_52_F_MoSh/Subject_52_F_14_stageii.npz,train,573,105,95
BMLmovi,BMLmovi:Subject_52,BMLmovi/BMLmovi/Subject_52_F_MoSh/Subject_52_F_15_stageii.npz,train,517,94,84
BMLmovi,BMLmovi:Subject_52,BMLmovi/BMLmovi/Subject_52_F_MoSh/Subject_52_F_16_stageii.npz,train,1053,201,191
BMLmovi,BMLmovi:Subject_52,BMLmovi/BMLmovi/Subject_52_F_MoSh/Subject_52_F_17_stageii.npz,train,477,86,76
BMLmovi,BMLmovi:Subject_52,BMLmovi/BMLmovi/Subject_52_F_MoSh/Subject_52_F_18_stageii.npz,train,621,115,105
BMLmovi,BMLmovi:Subject_52,BMLmovi/BMLmovi/Subject_52_F_MoSh/Subject_52_F_19_stageii.npz,train,961,183,173
BMLmovi,BMLmovi:Subject_52,BMLmovi/BMLmovi/Subject_52_F_MoSh/Subject_52_F_1_stageii.npz,train,969,184,174
BMLmovi,BMLmovi:Subject_52,BMLmovi/BMLmovi/Subject_52_F_MoSh/Subject_52_F_20_stageii.npz,train,945,180,170
BMLmovi,BMLmovi:Subject_52,BMLmovi/BMLmovi/Subject_52_F_MoSh/Subject_52_F_21_stageii.npz,train,573,105,95
BMLmovi,BMLmovi:Subject_52,BMLmovi/BMLmovi/Subject_52_F_MoSh/Subject_52_F_2_stageii.npz,train,1149,220,210
BMLmovi,BMLmovi:Subject_52,BMLmovi/BMLmovi/Subject_52_F_MoSh/Subject_52_F_3_stageii.npz,train,1029,196,186
BMLmovi,BMLmovi:Subject_52,BMLmovi/BMLmovi/Subject_52_F_MoSh/Subject_52_F_4_stageii.npz,train,701,131,121
BMLmovi,BMLmovi:Subject_52,BMLmovi/BMLmovi/Subject_52_F_MoSh/Subject_52_F_5_stageii.npz,train,493,89,79
BMLmovi,BMLmovi:Subject_52,BMLmovi/BMLmovi/Subject_52_F_MoSh/Subject_52_F_6_stageii.npz,train,417,74,64
BMLmovi,BMLmovi:Subject_52,BMLmovi/BMLmovi/Subject_52_F_MoSh/Subject_52_F_7_stageii.npz,train,461,83,73
BMLmovi,BMLmovi:Subject_52,BMLmovi/BMLmovi/Subject_52_F_MoSh/Subject_52_F_8_stageii.npz,train,1301,251,241
BMLmovi,BMLmovi:Subject_52,BMLmovi/BMLmovi/Subject_52_F_MoSh/Subject_52_F_9_stageii.npz,train,1381,267,257
BMLmovi,BMLmovi:Subject_53,BMLmovi/BMLmovi/Subject_53_F_MoSh/Subject_53_F_10_stageii.npz,train,501,91,81
BMLmovi,BMLmovi:Subject_53,BMLmovi/BMLmovi/Subject_53_F_MoSh/Subject_53_F_11_stageii.npz,train,473,85,75
BMLmovi,BMLmovi:Subject_53,BMLmovi/BMLmovi/Subject_53_F_MoSh/Subject_53_F_12_stageii.npz,train,925,176,166
BMLmovi,BMLmovi:Subject_53,BMLmovi/BMLmovi/Subject_53_F_MoSh/Subject_53_F_13_stageii.npz,train,1241,239,229
BMLmovi,BMLmovi:Subject_53,BMLmovi/BMLmovi/Subject_53_F_MoSh/Subject_53_F_14_stageii.npz,train,1601,311,301
BMLmovi,BMLmovi:Subject_53,BMLmovi/BMLmovi/Subject_53_F_MoSh/Subject_53_F_15_stageii.npz,train,589,108,98
BMLmovi,BMLmovi:Subject_53,BMLmovi/BMLmovi/Subject_53_F_MoSh/Subject_53_F_16_stageii.npz,train,433,77,67
BMLmovi,BMLmovi:Subject_53,BMLmovi/BMLmovi/Subject_53_F_MoSh/Subject_53_F_17_stageii.npz,train,1185,228,218
BMLmovi,BMLmovi:Subject_53,BMLmovi/BMLmovi/Subject_53_F_MoSh/Subject_53_F_18_stageii.npz,train,421,75,65
BMLmovi,BMLmovi:Subject_53,BMLmovi/BMLmovi/Subject_53_F_MoSh/Subject_53_F_19_stageii.npz,train,653,121,111
BMLmovi,BMLmovi:Subject_53,BMLmovi/BMLmovi/Subject_53_F_MoSh/Subject_53_F_1_stageii.npz,train,1165,224,214
BMLmovi,BMLmovi:Subject_53,BMLmovi/BMLmovi/Subject_53_F_MoSh/Subject_53_F_20_stageii.npz,train,1045,200,190
BMLmovi,BMLmovi:Subject_53,BMLmovi/BMLmovi/Subject_53_F_MoSh/Subject_53_F_21_stageii.npz,train,625,116,106
BMLmovi,BMLmovi:Subject_53,BMLmovi/BMLmovi/Subject_53_F_MoSh/Subject_53_F_2_stageii.npz,train,969,184,174
BMLmovi,BMLmovi:Subject_53,BMLmovi/BMLmovi/Subject_53_F_MoSh/Subject_53_F_3_stageii.npz,train,621,115,105
BMLmovi,BMLmovi:Subject_53,BMLmovi/BMLmovi/Subject_53_F_MoSh/Subject_53_F_4_stageii.npz,train,481,87,77
BMLmovi,BMLmovi:Subject_53,BMLmovi/BMLmovi/Subject_53_F_MoSh/Subject_53_F_5_stageii.npz,train,441,79,69
BMLmovi,BMLmovi:Subject_53,BMLmovi/BMLmovi/Subject_53_F_MoSh/Subject_53_F_6_stageii.npz,train,553,101,91
BMLmovi,BMLmovi:Subject_53,BMLmovi/BMLmovi/Subject_53_F_MoSh/Subject_53_F_7_stageii.npz,train,513,93,83
BMLmovi,BMLmovi:Subject_53,BMLmovi/BMLmovi/Subject_53_F_MoSh/Subject_53_F_8_stageii.npz,train,537,98,88
BMLmovi,BMLmovi:Subject_53,BMLmovi/BMLmovi/Subject_53_F_MoSh/Subject_53_F_9_stageii.npz,train,477,86,76
BMLmovi,BMLmovi:Subject_54,BMLmovi/BMLmovi/Subject_54_F_MoSh/Subject_54_F_10_stageii.npz,train,681,127,117
BMLmovi,BMLmovi:Subject_54,BMLmovi/BMLmovi/Subject_54_F_MoSh/Subject_54_F_11_stageii.npz,train,609,112,102
BMLmovi,BMLmovi:Subject_54,BMLmovi/BMLmovi/Subject_54_F_MoSh/Subject_54_F_12_stageii.npz,train,869,164,154
BMLmovi,BMLmovi:Subject_54,BMLmovi/BMLmovi/Subject_54_F_MoSh/Subject_54_F_13_stageii.npz,train,1273,245,235
BMLmovi,BMLmovi:Subject_54,BMLmovi/BMLmovi/Subject_54_F_MoSh/Subject_54_F_14_stageii.npz,train,485,88,78
BMLmovi,BMLmovi:Subject_54,BMLmovi/BMLmovi/Subject_54_F_MoSh/Subject_54_F_15_stageii.npz,train,429,76,66
BMLmovi,BMLmovi:Subject_54,BMLmovi/BMLmovi/Subject_54_F_MoSh/Subject_54_F_16_stageii.npz,train,1129,216,206
BMLmovi,BMLmovi:Subject_54,BMLmovi/BMLmovi/Subject_54_F_MoSh/Subject_54_F_17_stageii.npz,train,433,77,67
BMLmovi,BMLmovi:Subject_54,BMLmovi/BMLmovi/Subject_54_F_MoSh/Subject_54_F_18_stageii.npz,train,705,132,122
BMLmovi,BMLmovi:Subject_54,BMLmovi/BMLmovi/Subject_54_F_MoSh/Subject_54_F_19_stageii.npz,train,1133,217,207
BMLmovi,BMLmovi:Subject_54,BMLmovi/BMLmovi/Subject_54_F_MoSh/Subject_54_F_1_stageii.npz,train,529,96,86
BMLmovi,BMLmovi:Subject_54,BMLmovi/BMLmovi/Subject_54_F_MoSh/Subject_54_F_20_stageii.npz,train,661,123,113
BMLmovi,BMLmovi:Subject_54,BMLmovi/BMLmovi/Subject_54_F_MoSh/Subject_54_F_21_stageii.npz,train,485,88,78
BMLmovi,BMLmovi:Subject_54,BMLmovi/BMLmovi/Subject_54_F_MoSh/Subject_54_F_2_stageii.npz,train,873,165,155
BMLmovi,BMLmovi:Subject_54,BMLmovi/BMLmovi/Subject_54_F_MoSh/Subject_54_F_3_stageii.npz,train,1189,228,218
BMLmovi,BMLmovi:Subject_54,BMLmovi/BMLmovi/Subject_54_F_MoSh/Subject_54_F_4_stageii.npz,train,1225,236,226
BMLmovi,BMLmovi:Subject_54,BMLmovi/BMLmovi/Subject_54_F_MoSh/Subject_54_F_5_stageii.npz,train,553,101,91
BMLmovi,BMLmovi:Subject_54,BMLmovi/BMLmovi/Subject_54_F_MoSh/Subject_54_F_6_stageii.npz,train,665,124,114
BMLmovi,BMLmovi:Subject_54,BMLmovi/BMLmovi/Subject_54_F_MoSh/Subject_54_F_7_stageii.npz,train,429,76,66
BMLmovi,BMLmovi:Subject_54,BMLmovi/BMLmovi/Subject_54_F_MoSh/Subject_54_F_8_stageii.npz,train,585,108,98
BMLmovi,BMLmovi:Subject_54,BMLmovi/BMLmovi/Subject_54_F_MoSh/Subject_54_F_9_stageii.npz,train,737,138,128
BMLmovi,BMLmovi:Subject_55,BMLmovi/BMLmovi/Subject_55_F_MoSh/Subject_55_F_10_stageii.npz,train,437,78,68
BMLmovi,BMLmovi:Subject_55,BMLmovi/BMLmovi/Subject_55_F_MoSh/Subject_55_F_11_stageii.npz,train,917,174,164
BMLmovi,BMLmovi:Subject_55,BMLmovi/BMLmovi/Subject_55_F_MoSh/Subject_55_F_12_stageii.npz,train,441,79,69
BMLmovi,BMLmovi:Subject_55,BMLmovi/BMLmovi/Subject_55_F_MoSh/Subject_55_F_13_stageii.npz,train,497,90,80
BMLmovi,BMLmovi:Subject_55,BMLmovi/BMLmovi/Subject_55_F_MoSh/Subject_55_F_14_stageii.npz,train,649,120,110
BMLmovi,BMLmovi:Subject_55,BMLmovi/BMLmovi/Subject_55_F_MoSh/Subject_55_F_15_stageii.npz,train,465,84,74
BMLmovi,BMLmovi:Subject_55,BMLmovi/BMLmovi/Subject_55_F_MoSh/Subject_55_F_16_stageii.npz,train,1457,282,272
BMLmovi,BMLmovi:Subject_55,BMLmovi/BMLmovi/Subject_55_F_MoSh/Subject_55_F_17_stageii.npz,train,573,105,95
BMLmovi,BMLmovi:Subject_55,BMLmovi/BMLmovi/Subject_55_F_MoSh/Subject_55_F_18_stageii.npz,train,1021,195,185
BMLmovi,BMLmovi:Subject_55,BMLmovi/BMLmovi/Subject_55_F_MoSh/Subject_55_F_19_stageii.npz,train,573,105,95
BMLmovi,BMLmovi:Subject_55,BMLmovi/BMLmovi/Subject_55_F_MoSh/Subject_55_F_1_stageii.npz,train,733,137,127
BMLmovi,BMLmovi:Subject_55,BMLmovi/BMLmovi/Subject_55_F_MoSh/Subject_55_F_20_stageii.npz,train,913,173,163
BMLmovi,BMLmovi:Subject_55,BMLmovi/BMLmovi/Subject_55_F_MoSh/Subject_55_F_21_stageii.npz,train,993,189,179
BMLmovi,BMLmovi:Subject_55,BMLmovi/BMLmovi/Subject_55_F_MoSh/Subject_55_F_2_stageii.npz,train,449,80,70
BMLmovi,BMLmovi:Subject_55,BMLmovi/BMLmovi/Subject_55_F_MoSh/Subject_55_F_3_stageii.npz,train,437,78,68
BMLmovi,BMLmovi:Subject_55,BMLmovi/BMLmovi/Subject_55_F_MoSh/Subject_55_F_4_stageii.npz,train,437,78,68
BMLmovi,BMLmovi:Subject_55,BMLmovi/BMLmovi/Subject_55_F_MoSh/Subject_55_F_5_stageii.npz,train,573,105,95
BMLmovi,BMLmovi:Subject_55,BMLmovi/BMLmovi/Subject_55_F_MoSh/Subject_55_F_6_stageii.npz,train,769,144,134
BMLmovi,BMLmovi:Subject_55,BMLmovi/BMLmovi/Subject_55_F_MoSh/Subject_55_F_7_stageii.npz,train,1233,237,227
BMLmovi,BMLmovi:Subject_55,BMLmovi/BMLmovi/Subject_55_F_MoSh/Subject_55_F_8_stageii.npz,train,913,173,163
BMLmovi,BMLmovi:Subject_55,BMLmovi/BMLmovi/Subject_55_F_MoSh/Subject_55_F_9_stageii.npz,train,633,117,107
BMLmovi,BMLmovi:Subject_56,BMLmovi/BMLmovi/Subject_56_F_MoSh/Subject_56_F_10_stageii.npz,train,417,74,64
BMLmovi,BMLmovi:Subject_56,BMLmovi/BMLmovi/Subject_56_F_MoSh/Subject_56_F_11_stageii.npz,train,441,79,69
BMLmovi,BMLmovi:Subject_56,BMLmovi/BMLmovi/Subject_56_F_MoSh/Subject_56_F_12_stageii.npz,train,1177,226,216
BMLmovi,BMLmovi:Subject_56,BMLmovi/BMLmovi/Subject_56_F_MoSh/Subject_56_F_13_stageii.npz,train,1177,226,216
BMLmovi,BMLmovi:Subject_56,BMLmovi/BMLmovi/Subject_56_F_MoSh/Subject_56_F_14_stageii.npz,train,477,86,76
BMLmovi,BMLmovi:Subject_56,BMLmovi/BMLmovi/Subject_56_F_MoSh/Subject_56_F_15_stageii.npz,train,853,161,151
BMLmovi,BMLmovi:Subject_56,BMLmovi/BMLmovi/Subject_56_F_MoSh/Subject_56_F_16_stageii.npz,train,481,87,77
BMLmovi,BMLmovi:Subject_56,BMLmovi/BMLmovi/Subject_56_F_MoSh/Subject_56_F_17_stageii.npz,train,1029,196,186
BMLmovi,BMLmovi:Subject_56,BMLmovi/BMLmovi/Subject_56_F_MoSh/Subject_56_F_18_stageii.npz,train,757,142,132
BMLmovi,BMLmovi:Subject_56,BMLmovi/BMLmovi/Subject_56_F_MoSh/Subject_56_F_19_stageii.npz,train,873,165,155
BMLmovi,BMLmovi:Subject_56,BMLmovi/BMLmovi/Subject_56_F_MoSh/Subject_56_F_1_stageii.npz,train,477,86,76
BMLmovi,BMLmovi:Subject_56,BMLmovi/BMLmovi/Subject_56_F_MoSh/Subject_56_F_20_stageii.npz,train,849,160,150
BMLmovi,BMLmovi:Subject_56,BMLmovi/BMLmovi/Subject_56_F_MoSh/Subject_56_F_21_stageii.npz,train,541,99,89
BMLmovi,BMLmovi:Subject_56,BMLmovi/BMLmovi/Subject_56_F_MoSh/Subject_56_F_2_stageii.npz,train,453,81,71
BMLmovi,BMLmovi:Subject_56,BMLmovi/BMLmovi/Subject_56_F_MoSh/Subject_56_F_3_stageii.npz,train,493,89,79
BMLmovi,BMLmovi:Subject_56,BMLmovi/BMLmovi/Subject_56_F_MoSh/Subject_56_F_4_stageii.npz,train,765,144,134
BMLmovi,BMLmovi:Subject_56,BMLmovi/BMLmovi/Subject_56_F_MoSh/Subject_56_F_5_stageii.npz,train,465,84,74
BMLmovi,BMLmovi:Subject_56,BMLmovi/BMLmovi/Subject_56_F_MoSh/Subject_56_F_6_stageii.npz,train,365,64,54
BMLmovi,BMLmovi:Subject_56,BMLmovi/BMLmovi/Subject_56_F_MoSh/Subject_56_F_7_stageii.npz,train,549,100,90
BMLmovi,BMLmovi:Subject_56,BMLmovi/BMLmovi/Subject_56_F_MoSh/Subject_56_F_8_stageii.npz,train,1089,208,198
BMLmovi,BMLmovi:Subject_56,BMLmovi/BMLmovi/Subject_56_F_MoSh/Subject_56_F_9_stageii.npz,train,497,90,80
BMLmovi,BMLmovi:Subject_57,BMLmovi/BMLmovi/Subject_57_F_MoSh/Subject_57_F_10_stageii.npz,train,1253,241,231
BMLmovi,BMLmovi:Subject_57,BMLmovi/BMLmovi/Subject_57_F_MoSh/Subject_57_F_11_stageii.npz,train,433,77,67
BMLmovi,BMLmovi:Subject_57,BMLmovi/BMLmovi/Subject_57_F_MoSh/Subject_57_F_12_stageii.npz,train,585,108,98
BMLmovi,BMLmovi:Subject_57,BMLmovi/BMLmovi/Subject_57_F_MoSh/Subject_57_F_13_stageii.npz,train,501,91,81
BMLmovi,BMLmovi:Subject_57,BMLmovi/BMLmovi/Subject_57_F_MoSh/Subject_57_F_14_stageii.npz,train,1385,268,258
BMLmovi,BMLmovi:Subject_57,BMLmovi/BMLmovi/Subject_57_F_MoSh/Subject_57_F_15_stageii.npz,train,545,100,90
BMLmovi,BMLmovi:Subject_57,BMLmovi/BMLmovi/Subject_57_F_MoSh/Subject_57_F_16_stageii.npz,train,613,113,103
BMLmovi,BMLmovi:Subject_57,BMLmovi/BMLmovi/Subject_57_F_MoSh/Subject_57_F_17_stageii.npz,train,565,104,94
BMLmovi,BMLmovi:Subject_57,BMLmovi/BMLmovi/Subject_57_F_MoSh/Subject_57_F_18_stageii.npz,train,549,100,90
BMLmovi,BMLmovi:Subject_57,BMLmovi/BMLmovi/Subject_57_F_MoSh/Subject_57_F_19_stageii.npz,train,609,112,102
BMLmovi,BMLmovi:Subject_57,BMLmovi/BMLmovi/Subject_57_F_MoSh/Subject_57_F_1_stageii.npz,train,529,96,86
BMLmovi,BMLmovi:Subject_57,BMLmovi/BMLmovi/Subject_57_F_MoSh/Subject_57_F_20_stageii.npz,train,777,146,136
BMLmovi,BMLmovi:Subject_57,BMLmovi/BMLmovi/Subject_57_F_MoSh/Subject_57_F_21_stageii.npz,train,597,110,100
BMLmovi,BMLmovi:Subject_57,BMLmovi/BMLmovi/Subject_57_F_MoSh/Subject_57_F_2_stageii.npz,train,633,117,107
BMLmovi,BMLmovi:Subject_57,BMLmovi/BMLmovi/Subject_57_F_MoSh/Subject_57_F_3_stageii.npz,train,1129,216,206
BMLmovi,BMLmovi:Subject_57,BMLmovi/BMLmovi/Subject_57_F_MoSh/Subject_57_F_4_stageii.npz,train,1189,228,218
BMLmovi,BMLmovi:Subject_57,BMLmovi/BMLmovi/Subject_57_F_MoSh/Subject_57_F_5_stageii.npz,train,1405,272,262
BMLmovi,BMLmovi:Subject_57,BMLmovi/BMLmovi/Subject_57_F_MoSh/Subject_57_F_6_stageii.npz,train,721,135,125
BMLmovi,BMLmovi:Subject_57,BMLmovi/BMLmovi/Subject_57_F_MoSh/Subject_57_F_7_stageii.npz,train,1689,328,318
BMLmovi,BMLmovi:Subject_57,BMLmovi/BMLmovi/Subject_57_F_MoSh/Subject_57_F_9_stageii.npz,train,941,179,169
BMLmovi,BMLmovi:Subject_58,BMLmovi/BMLmovi/Subject_58_F_MoSh/Subject_58_F_10_stageii.npz,train,1093,209,199
BMLmovi,BMLmovi:Subject_58,BMLmovi/BMLmovi/Subject_58_F_MoSh/Subject_58_F_11_stageii.npz,train,481,87,77
BMLmovi,BMLmovi:Subject_58,BMLmovi/BMLmovi/Subject_58_F_MoSh/Subject_58_F_12_stageii.npz,train,513,93,83
BMLmovi,BMLmovi:Subject_58,BMLmovi/BMLmovi/Subject_58_F_MoSh/Subject_58_F_13_stageii.npz,train,1129,216,206
BMLmovi,BMLmovi:Subject_58,BMLmovi/BMLmovi/Subject_58_F_MoSh/Subject_58_F_14_stageii.npz,train,505,92,82
BMLmovi,BMLmovi:Subject_58,BMLmovi/BMLmovi/Subject_58_F_MoSh/Subject_58_F_15_stageii.npz,train,549,100,90
BMLmovi,BMLmovi:Subject_58,BMLmovi/BMLmovi/Subject_58_F_MoSh/Subject_58_F_16_stageii.npz,train,1325,256,246
BMLmovi,BMLmovi:Subject_58,BMLmovi/BMLmovi/Subject_58_F_MoSh/Subject_58_F_17_stageii.npz,train,709,132,122
BMLmovi,BMLmovi:Subject_58,BMLmovi/BMLmovi/Subject_58_F_MoSh/Subject_58_F_18_stageii.npz,train,353,61,51
BMLmovi,BMLmovi:Subject_58,BMLmovi/BMLmovi/Subject_58_F_MoSh/Subject_58_F_19_stageii.npz,train,713,133,123
BMLmovi,BMLmovi:Subject_58,BMLmovi/BMLmovi/Subject_58_F_MoSh/Subject_58_F_1_stageii.npz,train,653,121,111
BMLmovi,BMLmovi:Subject_58,BMLmovi/BMLmovi/Subject_58_F_MoSh/Subject_58_F_20_stageii.npz,train,449,80,70
BMLmovi,BMLmovi:Subject_58,BMLmovi/BMLmovi/Subject_58_F_MoSh/Subject_58_F_21_stageii.npz,train,725,136,126
BMLmovi,BMLmovi:Subject_58,BMLmovi/BMLmovi/Subject_58_F_MoSh/Subject_58_F_2_stageii.npz,train,957,182,172
BMLmovi,BMLmovi:Subject_58,BMLmovi/BMLmovi/Subject_58_F_MoSh/Subject_58_F_3_stageii.npz,train,1141,219,209
BMLmovi,BMLmovi:Subject_58,BMLmovi/BMLmovi/Subject_58_F_MoSh/Subject_58_F_4_stageii.npz,train,1245,240,230
BMLmovi,BMLmovi:Subject_58,BMLmovi/BMLmovi/Subject_58_F_MoSh/Subject_58_F_5_stageii.npz,train,1701,331,321
BMLmovi,BMLmovi:Subject_58,BMLmovi/BMLmovi/Subject_58_F_MoSh/Subject_58_F_6_stageii.npz,train,1097,210,200
BMLmovi,BMLmovi:Subject_58,BMLmovi/BMLmovi/Subject_58_F_MoSh/Subject_58_F_7_stageii.npz,train,985,188,178
BMLmovi,BMLmovi:Subject_58,BMLmovi/BMLmovi/Subject_58_F_MoSh/Subject_58_F_8_stageii.npz,train,865,164,154
BMLmovi,BMLmovi:Subject_58,BMLmovi/BMLmovi/Subject_58_F_MoSh/Subject_58_F_9_stageii.npz,train,429,76,66
BMLmovi,BMLmovi:Subject_59,BMLmovi/BMLmovi/Subject_59_F_MoSh/Subject_59_F_10_stageii.npz,train,897,170,160
BMLmovi,BMLmovi:Subject_59,BMLmovi/BMLmovi/Subject_59_F_MoSh/Subject_59_F_11_stageii.npz,train,529,96,86
BMLmovi,BMLmovi:Subject_59,BMLmovi/BMLmovi/Subject_59_F_MoSh/Subject_59_F_12_stageii.npz,train,757,142,132
BMLmovi,BMLmovi:Subject_59,BMLmovi/BMLmovi/Subject_59_F_MoSh/Subject_59_F_13_stageii.npz,train,1177,226,216
BMLmovi,BMLmovi:Subject_59,BMLmovi/BMLmovi/Subject_59_F_MoSh/Subject_59_F_14_stageii.npz,train,981,187,177
BMLmovi,BMLmovi:Subject_59,BMLmovi/BMLmovi/Subject_59_F_MoSh/Subject_59_F_15_stageii.npz,train,529,96,86
BMLmovi,BMLmovi:Subject_59,BMLmovi/BMLmovi/Subject_59_F_MoSh/Subject_59_F_16_stageii.npz,train,373,65,55
BMLmovi,BMLmovi:Subject_59,BMLmovi/BMLmovi/Subject_59_F_MoSh/Subject_59_F_17_stageii.npz,train,609,112,102
BMLmovi,BMLmovi:Subject_59,BMLmovi/BMLmovi/Subject_59_F_MoSh/Subject_59_F_18_stageii.npz,train,625,116,106
BMLmovi,BMLmovi:Subject_59,BMLmovi/BMLmovi/Subject_59_F_MoSh/Subject_59_F_19_stageii.npz,train,689,128,118
BMLmovi,BMLmovi:Subject_59,BMLmovi/BMLmovi/Subject_59_F_MoSh/Subject_59_F_1_stageii.npz,train,1121,215,205
BMLmovi,BMLmovi:Subject_59,BMLmovi/BMLmovi/Subject_59_F_MoSh/Subject_59_F_20_stageii.npz,train,569,104,94
BMLmovi,BMLmovi:Subject_59,BMLmovi/BMLmovi/Subject_59_F_MoSh/Subject_59_F_21_stageii.npz,train,557,102,92
BMLmovi,BMLmovi:Subject_59,BMLmovi/BMLmovi/Subject_59_F_MoSh/Subject_59_F_2_stageii.npz,train,873,165,155
BMLmovi,BMLmovi:Subject_59,BMLmovi/BMLmovi/Subject_59_F_MoSh/Subject_59_F_3_stageii.npz,train,1157,222,212
BMLmovi,BMLmovi:Subject_59,BMLmovi/BMLmovi/Subject_59_F_MoSh/Subject_59_F_4_stageii.npz,train,573,105,95
BMLmovi,BMLmovi:Subject_59,BMLmovi/BMLmovi/Subject_59_F_MoSh/Subject_59_F_5_stageii.npz,train,493,89,79
BMLmovi,BMLmovi:Subject_59,BMLmovi/BMLmovi/Subject_59_F_MoSh/Subject_59_F_6_stageii.npz,train,1641,319,309
BMLmovi,BMLmovi:Subject_59,BMLmovi/BMLmovi/Subject_59_F_MoSh/Subject_59_F_7_stageii.npz,train,1441,279,269
BMLmovi,BMLmovi:Subject_59,BMLmovi/BMLmovi/Subject_59_F_MoSh/Subject_59_F_8_stageii.npz,train,1485,288,278
BMLmovi,BMLmovi:Subject_59,BMLmovi/BMLmovi/Subject_59_F_MoSh/Subject_59_F_9_stageii.npz,train,769,144,134
BMLmovi,BMLmovi:Subject_05,BMLmovi/BMLmovi/Subject_5_F_MoSh/Subject_5_F_10_stageii.npz,test,357,62,52
BMLmovi,BMLmovi:Subject_05,BMLmovi/BMLmovi/Subject_5_F_MoSh/Subject_5_F_11_stageii.npz,test,501,91,81
BMLmovi,BMLmovi:Subject_05,BMLmovi/BMLmovi/Subject_5_F_MoSh/Subject_5_F_12_stageii.npz,test,553,101,91
BMLmovi,BMLmovi:Subject_05,BMLmovi/BMLmovi/Subject_5_F_MoSh/Subject_5_F_13_stageii.npz,test,285,48,38
BMLmovi,BMLmovi:Subject_05,BMLmovi/BMLmovi/Subject_5_F_MoSh/Subject_5_F_14_stageii.npz,test,805,152,142
BMLmovi,BMLmovi:Subject_05,BMLmovi/BMLmovi/Subject_5_F_MoSh/Subject_5_F_15_stageii.npz,test,257,42,32
BMLmovi,BMLmovi:Subject_05,BMLmovi/BMLmovi/Subject_5_F_MoSh/Subject_5_F_16_stageii.npz,test,933,177,167
BMLmovi,BMLmovi:Subject_05,BMLmovi/BMLmovi/Subject_5_F_MoSh/Subject_5_F_17_stageii.npz,test,437,78,68
BMLmovi,BMLmovi:Subject_05,BMLmovi/BMLmovi/Subject_5_F_MoSh/Subject_5_F_18_stageii.npz,test,309,52,42
BMLmovi,BMLmovi:Subject_05,BMLmovi/BMLmovi/Subject_5_F_MoSh/Subject_5_F_19_stageii.npz,test,433,77,67
BMLmovi,BMLmovi:Subject_05,BMLmovi/BMLmovi/Subject_5_F_MoSh/Subject_5_F_1_stageii.npz,test,365,64,54
BMLmovi,BMLmovi:Subject_05,BMLmovi/BMLmovi/Subject_5_F_MoSh/Subject_5_F_20_stageii.npz,test,477,86,76
BMLmovi,BMLmovi:Subject_05,BMLmovi/BMLmovi/Subject_5_F_MoSh/Subject_5_F_21_stageii.npz,test,1085,208,198
BMLmovi,BMLmovi:Subject_05,BMLmovi/BMLmovi/Subject_5_F_MoSh/Subject_5_F_2_stageii.npz,test,417,74,64
BMLmovi,BMLmovi:Subject_05,BMLmovi/BMLmovi/Subject_5_F_MoSh/Subject_5_F_3_stageii.npz,test,257,42,32
BMLmovi,BMLmovi:Subject_05,BMLmovi/BMLmovi/Subject_5_F_MoSh/Subject_5_F_4_stageii.npz,test,337,58,48
BMLmovi,BMLmovi:Subject_05,BMLmovi/BMLmovi/Subject_5_F_MoSh/Subject_5_F_5_stageii.npz,test,401,71,61
BMLmovi,BMLmovi:Subject_05,BMLmovi/BMLmovi/Subject_5_F_MoSh/Subject_5_F_6_stageii.npz,test,421,75,65
BMLmovi,BMLmovi:Subject_05,BMLmovi/BMLmovi/Subject_5_F_MoSh/Subject_5_F_7_stageii.npz,test,769,144,134
BMLmovi,BMLmovi:Subject_05,BMLmovi/BMLmovi/Subject_5_F_MoSh/Subject_5_F_8_stageii.npz,test,321,55,45
BMLmovi,BMLmovi:Subject_05,BMLmovi/BMLmovi/Subject_5_F_MoSh/Subject_5_F_9_stageii.npz,test,285,48,38
BMLmovi,BMLmovi:Subject_60,BMLmovi/BMLmovi/Subject_60_F_MoSh/Subject_60_F_10_stageii.npz,train,841,159,149
BMLmovi,BMLmovi:Subject_60,BMLmovi/BMLmovi/Subject_60_F_MoSh/Subject_60_F_11_stageii.npz,train,533,97,87
BMLmovi,BMLmovi:Subject_60,BMLmovi/BMLmovi/Subject_60_F_MoSh/Subject_60_F_12_stageii.npz,train,413,73,63
BMLmovi,BMLmovi:Subject_60,BMLmovi/BMLmovi/Subject_60_F_MoSh/Subject_60_F_13_stageii.npz,train,1265,244,234
BMLmovi,BMLmovi:Subject_60,BMLmovi/BMLmovi/Subject_60_F_MoSh/Subject_60_F_14_stageii.npz,train,457,82,72
BMLmovi,BMLmovi:Subject_60,BMLmovi/BMLmovi/Subject_60_F_MoSh/Subject_60_F_15_stageii.npz,train,489,88,78
BMLmovi,BMLmovi:Subject_60,BMLmovi/BMLmovi/Subject_60_F_MoSh/Subject_60_F_16_stageii.npz,train,945,180,170
BMLmovi,BMLmovi:Subject_60,BMLmovi/BMLmovi/Subject_60_F_MoSh/Subject_60_F_17_stageii.npz,train,545,100,90
BMLmovi,BMLmovi:Subject_60,BMLmovi/BMLmovi/Subject_60_F_MoSh/Subject_60_F_18_stageii.npz,train,513,93,83
BMLmovi,BMLmovi:Subject_60,BMLmovi/BMLmovi/Subject_60_F_MoSh/Subject_60_F_19_stageii.npz,train,601,111,101
BMLmovi,BMLmovi:Subject_60,BMLmovi/BMLmovi/Subject_60_F_MoSh/Subject_60_F_1_stageii.npz,train,1317,254,244
BMLmovi,BMLmovi:Subject_60,BMLmovi/BMLmovi/Subject_60_F_MoSh/Subject_60_F_20_stageii.npz,train,1141,219,209
BMLmovi,BMLmovi:Subject_60,BMLmovi/BMLmovi/Subject_60_F_MoSh/Subject_60_F_21_stageii.npz,train,613,113,103
BMLmovi,BMLmovi:Subject_60,BMLmovi/BMLmovi/Subject_60_F_MoSh/Subject_60_F_2_stageii.npz,train,601,111,101
BMLmovi,BMLmovi:Subject_60,BMLmovi/BMLmovi/Subject_60_F_MoSh/Subject_60_F_3_stageii.npz,train,529,96,86
BMLmovi,BMLmovi:Subject_60,BMLmovi/BMLmovi/Subject_60_F_MoSh/Subject_60_F_4_stageii.npz,train,317,54,44
BMLmovi,BMLmovi:Subject_60,BMLmovi/BMLmovi/Subject_60_F_MoSh/Subject_60_F_5_stageii.npz,train,581,107,97
BMLmovi,BMLmovi:Subject_60,BMLmovi/BMLmovi/Subject_60_F_MoSh/Subject_60_F_6_stageii.npz,train,1465,284,274
BMLmovi,BMLmovi:Subject_60,BMLmovi/BMLmovi/Subject_60_F_MoSh/Subject_60_F_7_stageii.npz,train,501,91,81
BMLmovi,BMLmovi:Subject_60,BMLmovi/BMLmovi/Subject_60_F_MoSh/Subject_60_F_8_stageii.npz,train,653,121,111
BMLmovi,BMLmovi:Subject_60,BMLmovi/BMLmovi/Subject_60_F_MoSh/Subject_60_F_9_stageii.npz,train,465,84,74
BMLmovi,BMLmovi:Subject_61,BMLmovi/BMLmovi/Subject_61_F_MoSh/Subject_61_F_10_stageii.npz,train,1361,263,253
BMLmovi,BMLmovi:Subject_61,BMLmovi/BMLmovi/Subject_61_F_MoSh/Subject_61_F_11_stageii.npz,train,1421,275,265
BMLmovi,BMLmovi:Subject_61,BMLmovi/BMLmovi/Subject_61_F_MoSh/Subject_61_F_12_stageii.npz,train,749,140,130
BMLmovi,BMLmovi:Subject_61,BMLmovi/BMLmovi/Subject_61_F_MoSh/Subject_61_F_13_stageii.npz,train,589,108,98
BMLmovi,BMLmovi:Subject_61,BMLmovi/BMLmovi/Subject_61_F_MoSh/Subject_61_F_14_stageii.npz,train,465,84,74
BMLmovi,BMLmovi:Subject_61,BMLmovi/BMLmovi/Subject_61_F_MoSh/Subject_61_F_15_stageii.npz,train,465,84,74
BMLmovi,BMLmovi:Subject_61,BMLmovi/BMLmovi/Subject_61_F_MoSh/Subject_61_F_16_stageii.npz,train,581,107,97
BMLmovi,BMLmovi:Subject_61,BMLmovi/BMLmovi/Subject_61_F_MoSh/Subject_61_F_17_stageii.npz,train,441,79,69
BMLmovi,BMLmovi:Subject_61,BMLmovi/BMLmovi/Subject_61_F_MoSh/Subject_61_F_18_stageii.npz,train,521,95,85
BMLmovi,BMLmovi:Subject_61,BMLmovi/BMLmovi/Subject_61_F_MoSh/Subject_61_F_19_stageii.npz,train,1261,243,233
BMLmovi,BMLmovi:Subject_61,BMLmovi/BMLmovi/Subject_61_F_MoSh/Subject_61_F_1_stageii.npz,train,621,115,105
BMLmovi,BMLmovi:Subject_61,BMLmovi/BMLmovi/Subject_61_F_MoSh/Subject_61_F_20_stageii.npz,train,525,96,86
BMLmovi,BMLmovi:Subject_61,BMLmovi/BMLmovi/Subject_61_F_MoSh/Subject_61_F_21_stageii.npz,train,513,93,83
BMLmovi,BMLmovi:Subject_61,BMLmovi/BMLmovi/Subject_61_F_MoSh/Subject_61_F_2_stageii.npz,train,509,92,82
BMLmovi,BMLmovi:Subject_61,BMLmovi/BMLmovi/Subject_61_F_MoSh/Subject_61_F_3_stageii.npz,train,2533,497,487
BMLmovi,BMLmovi:Subject_61,BMLmovi/BMLmovi/Subject_61_F_MoSh/Subject_61_F_4_stageii.npz,train,545,100,90
BMLmovi,BMLmovi:Subject_61,BMLmovi/BMLmovi/Subject_61_F_MoSh/Subject_61_F_5_stageii.npz,train,537,98,88
BMLmovi,BMLmovi:Subject_61,BMLmovi/BMLmovi/Subject_61_F_MoSh/Subject_61_F_6_stageii.npz,train,497,90,80
BMLmovi,BMLmovi:Subject_61,BMLmovi/BMLmovi/Subject_61_F_MoSh/Subject_61_F_7_stageii.npz,train,1245,240,230
BMLmovi,BMLmovi:Subject_61,BMLmovi/BMLmovi/Subject_61_F_MoSh/Subject_61_F_8_stageii.npz,train,413,73,63
BMLmovi,BMLmovi:Subject_61,BMLmovi/BMLmovi/Subject_61_F_MoSh/Subject_61_F_9_stageii.npz,train,921,175,165
BMLmovi,BMLmovi:Subject_62,BMLmovi/BMLmovi/Subject_62_F_MoSh/Subject_62_F_10_stageii.npz,train,693,129,119
BMLmovi,BMLmovi:Subject_62,BMLmovi/BMLmovi/Subject_62_F_MoSh/Subject_62_F_11_stageii.npz,train,609,112,102
BMLmovi,BMLmovi:Subject_62,BMLmovi/BMLmovi/Subject_62_F_MoSh/Subject_62_F_12_stageii.npz,train,389,68,58
BMLmovi,BMLmovi:Subject_62,BMLmovi/BMLmovi/Subject_62_F_MoSh/Subject_62_F_13_stageii.npz,train,365,64,54
BMLmovi,BMLmovi:Subject_62,BMLmovi/BMLmovi/Subject_62_F_MoSh/Subject_62_F_14_stageii.npz,train,469,84,74
BMLmovi,BMLmovi:Subject_62,BMLmovi/BMLmovi/Subject_62_F_MoSh/Subject_62_F_15_stageii.npz,train,397,70,60
BMLmovi,BMLmovi:Subject_62,BMLmovi/BMLmovi/Subject_62_F_MoSh/Subject_62_F_16_stageii.npz,train,1105,212,202
BMLmovi,BMLmovi:Subject_62,BMLmovi/BMLmovi/Subject_62_F_MoSh/Subject_62_F_17_stageii.npz,train,825,156,146
BMLmovi,BMLmovi:Subject_62,BMLmovi/BMLmovi/Subject_62_F_MoSh/Subject_62_F_18_stageii.npz,train,545,100,90
BMLmovi,BMLmovi:Subject_62,BMLmovi/BMLmovi/Subject_62_F_MoSh/Subject_62_F_19_stageii.npz,train,989,188,178
BMLmovi,BMLmovi:Subject_62,BMLmovi/BMLmovi/Subject_62_F_MoSh/Subject_62_F_1_stageii.npz,train,541,99,89
BMLmovi,BMLmovi:Subject_62,BMLmovi/BMLmovi/Subject_62_F_MoSh/Subject_62_F_20_stageii.npz,train,1189,228,218
BMLmovi,BMLmovi:Subject_62,BMLmovi/BMLmovi/Subject_62_F_MoSh/Subject_62_F_21_stageii.npz,train,429,76,66
BMLmovi,BMLmovi:Subject_62,BMLmovi/BMLmovi/Subject_62_F_MoSh/Subject_62_F_2_stageii.npz,train,481,87,77
BMLmovi,BMLmovi:Subject_62,BMLmovi/BMLmovi/Subject_62_F_MoSh/Subject_62_F_3_stageii.npz,train,577,106,96
BMLmovi,BMLmovi:Subject_62,BMLmovi/BMLmovi/Subject_62_F_MoSh/Subject_62_F_4_stageii.npz,train,485,88,78
BMLmovi,BMLmovi:Subject_62,BMLmovi/BMLmovi/Subject_62_F_MoSh/Subject_62_F_5_stageii.npz,train,1009,192,182
BMLmovi,BMLmovi:Subject_62,BMLmovi/BMLmovi/Subject_62_F_MoSh/Subject_62_F_6_stageii.npz,train,1353,261,251
BMLmovi,BMLmovi:Subject_62,BMLmovi/BMLmovi/Subject_62_F_MoSh/Subject_62_F_7_stageii.npz,train,473,85,75
BMLmovi,BMLmovi:Subject_62,BMLmovi/BMLmovi/Subject_62_F_MoSh/Subject_62_F_8_stageii.npz,train,473,85,75
BMLmovi,BMLmovi:Subject_62,BMLmovi/BMLmovi/Subject_62_F_MoSh/Subject_62_F_9_stageii.npz,train,445,80,70
BMLmovi,BMLmovi:Subject_63,BMLmovi/BMLmovi/Subject_63_F_MoSh/Subject_63_F_10_stageii.npz,train,1153,221,211
BMLmovi,BMLmovi:Subject_63,BMLmovi/BMLmovi/Subject_63_F_MoSh/Subject_63_F_11_stageii.npz,train,1289,248,238
BMLmovi,BMLmovi:Subject_63,BMLmovi/BMLmovi/Subject_63_F_MoSh/Subject_63_F_12_stageii.npz,train,373,65,55
BMLmovi,BMLmovi:Subject_63,BMLmovi/BMLmovi/Subject_63_F_MoSh/Subject_63_F_13_stageii.npz,train,417,74,64
BMLmovi,BMLmovi:Subject_63,BMLmovi/BMLmovi/Subject_63_F_MoSh/Subject_63_F_14_stageii.npz,train,469,84,74
BMLmovi,BMLmovi:Subject_63,BMLmovi/BMLmovi/Subject_63_F_MoSh/Subject_63_F_15_stageii.npz,train,397,70,60
BMLmovi,BMLmovi:Subject_63,BMLmovi/BMLmovi/Subject_63_F_MoSh/Subject_63_F_16_stageii.npz,train,397,70,60
BMLmovi,BMLmovi:Subject_63,BMLmovi/BMLmovi/Subject_63_F_MoSh/Subject_63_F_17_stageii.npz,train,365,64,54
BMLmovi,BMLmovi:Subject_63,BMLmovi/BMLmovi/Subject_63_F_MoSh/Subject_63_F_18_stageii.npz,train,441,79,69
BMLmovi,BMLmovi:Subject_63,BMLmovi/BMLmovi/Subject_63_F_MoSh/Subject_63_F_19_stageii.npz,train,1025,196,186
BMLmovi,BMLmovi:Subject_63,BMLmovi/BMLmovi/Subject_63_F_MoSh/Subject_63_F_1_stageii.npz,train,705,132,122
BMLmovi,BMLmovi:Subject_63,BMLmovi/BMLmovi/Subject_63_F_MoSh/Subject_63_F_20_stageii.npz,train,409,72,62
BMLmovi,BMLmovi:Subject_63,BMLmovi/BMLmovi/Subject_63_F_MoSh/Subject_63_F_21_stageii.npz,train,1141,219,209
BMLmovi,BMLmovi:Subject_63,BMLmovi/BMLmovi/Subject_63_F_MoSh/Subject_63_F_2_stageii.npz,train,473,85,75
BMLmovi,BMLmovi:Subject_63,BMLmovi/BMLmovi/Subject_63_F_MoSh/Subject_63_F_3_stageii.npz,train,437,78,68
BMLmovi,BMLmovi:Subject_63,BMLmovi/BMLmovi/Subject_63_F_MoSh/Subject_63_F_4_stageii.npz,train,989,188,178
BMLmovi,BMLmovi:Subject_63,BMLmovi/BMLmovi/Subject_63_F_MoSh/Subject_63_F_5_stageii.npz,train,1185,228,218
BMLmovi,BMLmovi:Subject_63,BMLmovi/BMLmovi/Subject_63_F_MoSh/Subject_63_F_6_stageii.npz,train,549,100,90
BMLmovi,BMLmovi:Subject_63,BMLmovi/BMLmovi/Subject_63_F_MoSh/Subject_63_F_7_stageii.npz,train,669,124,114
BMLmovi,BMLmovi:Subject_63,BMLmovi/BMLmovi/Subject_63_F_MoSh/Subject_63_F_8_stageii.npz,train,541,99,89
BMLmovi,BMLmovi:Subject_63,BMLmovi/BMLmovi/Subject_63_F_MoSh/Subject_63_F_9_stageii.npz,train,477,86,76
BMLmovi,BMLmovi:Subject_64,BMLmovi/BMLmovi/Subject_64_F_MoSh/Subject_64_F_10_stageii.npz,train,1305,252,242
BMLmovi,BMLmovi:Subject_64,BMLmovi/BMLmovi/Subject_64_F_MoSh/Subject_64_F_11_stageii.npz,train,577,106,96
BMLmovi,BMLmovi:Subject_64,BMLmovi/BMLmovi/Subject_64_F_MoSh/Subject_64_F_12_stageii.npz,train,525,96,86
BMLmovi,BMLmovi:Subject_64,BMLmovi/BMLmovi/Subject_64_F_MoSh/Subject_64_F_13_stageii.npz,train,465,84,74
BMLmovi,BMLmovi:Subject_64,BMLmovi/BMLmovi/Subject_64_F_MoSh/Subject_64_F_14_stageii.npz,train,473,85,75
BMLmovi,BMLmovi:Subject_64,BMLmovi/BMLmovi/Subject_64_F_MoSh/Subject_64_F_15_stageii.npz,train,753,141,131
BMLmovi,BMLmovi:Subject_64,BMLmovi/BMLmovi/Subject_64_F_MoSh/Subject_64_F_16_stageii.npz,train,1085,208,198
BMLmovi,BMLmovi:Subject_64,BMLmovi/BMLmovi/Subject_64_F_MoSh/Subject_64_F_17_stageii.npz,train,1261,243,233
BMLmovi,BMLmovi:Subject_64,BMLmovi/BMLmovi/Subject_64_F_MoSh/Subject_64_F_18_stageii.npz,train,633,117,107
BMLmovi,BMLmovi:Subject_64,BMLmovi/BMLmovi/Subject_64_F_MoSh/Subject_64_F_19_stageii.npz,train,481,87,77
BMLmovi,BMLmovi:Subject_64,BMLmovi/BMLmovi/Subject_64_F_MoSh/Subject_64_F_1_stageii.npz,train,477,86,76
BMLmovi,BMLmovi:Subject_64,BMLmovi/BMLmovi/Subject_64_F_MoSh/Subject_64_F_20_stageii.npz,train,525,96,86
BMLmovi,BMLmovi:Subject_64,BMLmovi/BMLmovi/Subject_64_F_MoSh/Subject_64_F_21_stageii.npz,train,889,168,158
BMLmovi,BMLmovi:Subject_64,BMLmovi/BMLmovi/Subject_64_F_MoSh/Subject_64_F_2_stageii.npz,train,465,84,74
BMLmovi,BMLmovi:Subject_64,BMLmovi/BMLmovi/Subject_64_F_MoSh/Subject_64_F_3_stageii.npz,train,465,84,74
BMLmovi,BMLmovi:Subject_64,BMLmovi/BMLmovi/Subject_64_F_MoSh/Subject_64_F_4_stageii.npz,train,629,116,106
BMLmovi,BMLmovi:Subject_64,BMLmovi/BMLmovi/Subject_64_F_MoSh/Subject_64_F_5_stageii.npz,train,817,154,144
BMLmovi,BMLmovi:Subject_64,BMLmovi/BMLmovi/Subject_64_F_MoSh/Subject_64_F_6_stageii.npz,train,569,104,94
BMLmovi,BMLmovi:Subject_64,BMLmovi/BMLmovi/Subject_64_F_MoSh/Subject_64_F_7_stageii.npz,train,453,81,71
BMLmovi,BMLmovi:Subject_64,BMLmovi/BMLmovi/Subject_64_F_MoSh/Subject_64_F_8_stageii.npz,train,457,82,72
BMLmovi,BMLmovi:Subject_64,BMLmovi/BMLmovi/Subject_64_F_MoSh/Subject_64_F_9_stageii.npz,train,1197,230,220
BMLmovi,BMLmovi:Subject_65,BMLmovi/BMLmovi/Subject_65_F_MoSh/Subject_65_F_10_stageii.npz,train,761,143,133
BMLmovi,BMLmovi:Subject_65,BMLmovi/BMLmovi/Subject_65_F_MoSh/Subject_65_F_11_stageii.npz,train,509,92,82
BMLmovi,BMLmovi:Subject_65,BMLmovi/BMLmovi/Subject_65_F_MoSh/Subject_65_F_12_stageii.npz,train,509,92,82
BMLmovi,BMLmovi:Subject_65,BMLmovi/BMLmovi/Subject_65_F_MoSh/Subject_65_F_13_stageii.npz,train,657,122,112
BMLmovi,BMLmovi:Subject_65,BMLmovi/BMLmovi/Subject_65_F_MoSh/Subject_65_F_14_stageii.npz,train,1081,207,197
BMLmovi,BMLmovi:Subject_65,BMLmovi/BMLmovi/Subject_65_F_MoSh/Subject_65_F_15_stageii.npz,train,537,98,88
BMLmovi,BMLmovi:Subject_65,BMLmovi/BMLmovi/Subject_65_F_MoSh/Subject_65_F_16_stageii.npz,train,501,91,81
BMLmovi,BMLmovi:Subject_65,BMLmovi/BMLmovi/Subject_65_F_MoSh/Subject_65_F_17_stageii.npz,train,857,162,152
BMLmovi,BMLmovi:Subject_65,BMLmovi/BMLmovi/Subject_65_F_MoSh/Subject_65_F_18_stageii.npz,train,1093,209,199
BMLmovi,BMLmovi:Subject_65,BMLmovi/BMLmovi/Subject_65_F_MoSh/Subject_65_F_19_stageii.npz,train,357,62,52
BMLmovi,BMLmovi:Subject_65,BMLmovi/BMLmovi/Subject_65_F_MoSh/Subject_65_F_1_stageii.npz,train,337,58,48
BMLmovi,BMLmovi:Subject_65,BMLmovi/BMLmovi/Subject_65_F_MoSh/Subject_65_F_20_stageii.npz,train,453,81,71
BMLmovi,BMLmovi:Subject_65,BMLmovi/BMLmovi/Subject_65_F_MoSh/Subject_65_F_21_stageii.npz,train,1289,248,238
BMLmovi,BMLmovi:Subject_65,BMLmovi/BMLmovi/Subject_65_F_MoSh/Subject_65_F_2_stageii.npz,train,1925,376,366
BMLmovi,BMLmovi:Subject_65,BMLmovi/BMLmovi/Subject_65_F_MoSh/Subject_65_F_3_stageii.npz,train,433,77,67
BMLmovi,BMLmovi:Subject_65,BMLmovi/BMLmovi/Subject_65_F_MoSh/Subject_65_F_4_stageii.npz,train,1329,256,246
BMLmovi,BMLmovi:Subject_65,BMLmovi/BMLmovi/Subject_65_F_MoSh/Subject_65_F_5_stageii.npz,train,433,77,67
BMLmovi,BMLmovi:Subject_65,BMLmovi/BMLmovi/Subject_65_F_MoSh/Subject_65_F_6_stageii.npz,train,497,90,80
BMLmovi,BMLmovi:Subject_65,BMLmovi/BMLmovi/Subject_65_F_MoSh/Subject_65_F_7_stageii.npz,train,365,64,54
BMLmovi,BMLmovi:Subject_65,BMLmovi/BMLmovi/Subject_65_F_MoSh/Subject_65_F_8_stageii.npz,train,373,65,55
BMLmovi,BMLmovi:Subject_65,BMLmovi/BMLmovi/Subject_65_F_MoSh/Subject_65_F_9_stageii.npz,train,549,100,90
BMLmovi,BMLmovi:Subject_66,BMLmovi/BMLmovi/Subject_66_F_MoSh/Subject_66_F_10_stageii.npz,train,1225,236,226
BMLmovi,BMLmovi:Subject_66,BMLmovi/BMLmovi/Subject_66_F_MoSh/Subject_66_F_11_stageii.npz,train,1745,340,330
BMLmovi,BMLmovi:Subject_66,BMLmovi/BMLmovi/Subject_66_F_MoSh/Subject_66_F_12_stageii.npz,train,497,90,80
BMLmovi,BMLmovi:Subject_66,BMLmovi/BMLmovi/Subject_66_F_MoSh/Subject_66_F_13_stageii.npz,train,953,181,171
BMLmovi,BMLmovi:Subject_66,BMLmovi/BMLmovi/Subject_66_F_MoSh/Subject_66_F_14_stageii.npz,train,1217,234,224
BMLmovi,BMLmovi:Subject_66,BMLmovi/BMLmovi/Subject_66_F_MoSh/Subject_66_F_15_stageii.npz,train,849,160,150
BMLmovi,BMLmovi:Subject_66,BMLmovi/BMLmovi/Subject_66_F_MoSh/Subject_66_F_16_stageii.npz,train,1357,262,252
BMLmovi,BMLmovi:Subject_66,BMLmovi/BMLmovi/Subject_66_F_MoSh/Subject_66_F_17_stageii.npz,train,549,100,90
BMLmovi,BMLmovi:Subject_66,BMLmovi/BMLmovi/Subject_66_F_MoSh/Subject_66_F_18_stageii.npz,train,461,83,73
BMLmovi,BMLmovi:Subject_66,BMLmovi/BMLmovi/Subject_66_F_MoSh/Subject_66_F_19_stageii.npz,train,525,96,86
BMLmovi,BMLmovi:Subject_66,BMLmovi/BMLmovi/Subject_66_F_MoSh/Subject_66_F_1_stageii.npz,train,537,98,88
BMLmovi,BMLmovi:Subject_66,BMLmovi/BMLmovi/Subject_66_F_MoSh/Subject_66_F_20_stageii.npz,train,721,135,125
BMLmovi,BMLmovi:Subject_66,BMLmovi/BMLmovi/Subject_66_F_MoSh/Subject_66_F_21_stageii.npz,train,625,116,106
BMLmovi,BMLmovi:Subject_66,BMLmovi/BMLmovi/Subject_66_F_MoSh/Subject_66_F_2_stageii.npz,train,529,96,86
BMLmovi,BMLmovi:Subject_66,BMLmovi/BMLmovi/Subject_66_F_MoSh/Subject_66_F_3_stageii.npz,train,525,96,86
BMLmovi,BMLmovi:Subject_66,BMLmovi/BMLmovi/Subject_66_F_MoSh/Subject_66_F_4_stageii.npz,train,513,93,83
BMLmovi,BMLmovi:Subject_66,BMLmovi/BMLmovi/Subject_66_F_MoSh/Subject_66_F_5_stageii.npz,train,521,95,85
BMLmovi,BMLmovi:Subject_66,BMLmovi/BMLmovi/Subject_66_F_MoSh/Subject_66_F_6_stageii.npz,train,933,177,167
BMLmovi,BMLmovi:Subject_66,BMLmovi/BMLmovi/Subject_66_F_MoSh/Subject_66_F_7_stageii.npz,train,689,128,118
BMLmovi,BMLmovi:Subject_66,BMLmovi/BMLmovi/Subject_66_F_MoSh/Subject_66_F_8_stageii.npz,train,709,132,122
BMLmovi,BMLmovi:Subject_66,BMLmovi/BMLmovi/Subject_66_F_MoSh/Subject_66_F_9_stageii.npz,train,669,124,114
BMLmovi,BMLmovi:Subject_67,BMLmovi/BMLmovi/Subject_67_F_MoSh/Subject_67_F_10_stageii.npz,train,917,174,164
BMLmovi,BMLmovi:Subject_67,BMLmovi/BMLmovi/Subject_67_F_MoSh/Subject_67_F_11_stageii.npz,train,553,101,91
BMLmovi,BMLmovi:Subject_67,BMLmovi/BMLmovi/Subject_67_F_MoSh/Subject_67_F_12_stageii.npz,train,637,118,108
BMLmovi,BMLmovi:Subject_67,BMLmovi/BMLmovi/Subject_67_F_MoSh/Subject_67_F_13_stageii.npz,train,481,87,77
BMLmovi,BMLmovi:Subject_67,BMLmovi/BMLmovi/Subject_67_F_MoSh/Subject_67_F_14_stageii.npz,train,937,178,168
BMLmovi,BMLmovi:Subject_67,BMLmovi/BMLmovi/Subject_67_F_MoSh/Subject_67_F_15_stageii.npz,train,581,107,97
BMLmovi,BMLmovi:Subject_67,BMLmovi/BMLmovi/Subject_67_F_MoSh/Subject_67_F_16_stageii.npz,train,489,88,78
BMLmovi,BMLmovi:Subject_67,BMLmovi/BMLmovi/Subject_67_F_MoSh/Subject_67_F_17_stageii.npz,train,517,94,84
BMLmovi,BMLmovi:Subject_67,BMLmovi/BMLmovi/Subject_67_F_MoSh/Subject_67_F_18_stageii.npz,train,1545,300,290
BMLmovi,BMLmovi:Subject_67,BMLmovi/BMLmovi/Subject_67_F_MoSh/Subject_67_F_19_stageii.npz,train,865,164,154
BMLmovi,BMLmovi:Subject_67,BMLmovi/BMLmovi/Subject_67_F_MoSh/Subject_67_F_1_stageii.npz,train,557,102,92
BMLmovi,BMLmovi:Subject_67,BMLmovi/BMLmovi/Subject_67_F_MoSh/Subject_67_F_20_stageii.npz,train,661,123,113
BMLmovi,BMLmovi:Subject_67,BMLmovi/BMLmovi/Subject_67_F_MoSh/Subject_67_F_21_stageii.npz,train,1349,260,250
BMLmovi,BMLmovi:Subject_67,BMLmovi/BMLmovi/Subject_67_F_MoSh/Subject_67_F_2_stageii.npz,train,721,135,125
BMLmovi,BMLmovi:Subject_67,BMLmovi/BMLmovi/Subject_67_F_MoSh/Subject_67_F_3_stageii.npz,train,1329,256,246
BMLmovi,BMLmovi:Subject_67,BMLmovi/BMLmovi/Subject_67_F_MoSh/Subject_67_F_4_stageii.npz,train,569,104,94
BMLmovi,BMLmovi:Subject_67,BMLmovi/BMLmovi/Subject_67_F_MoSh/Subject_67_F_5_stageii.npz,train,477,86,76
BMLmovi,BMLmovi:Subject_67,BMLmovi/BMLmovi/Subject_67_F_MoSh/Subject_67_F_6_stageii.npz,train,361,63,53
BMLmovi,BMLmovi:Subject_67,BMLmovi/BMLmovi/Subject_67_F_MoSh/Subject_67_F_7_stageii.npz,train,417,74,64
BMLmovi,BMLmovi:Subject_67,BMLmovi/BMLmovi/Subject_67_F_MoSh/Subject_67_F_8_stageii.npz,train,469,84,74
BMLmovi,BMLmovi:Subject_67,BMLmovi/BMLmovi/Subject_67_F_MoSh/Subject_67_F_9_stageii.npz,train,489,88,78
BMLmovi,BMLmovi:Subject_68,BMLmovi/BMLmovi/Subject_68_F_MoSh/Subject_68_F_10_stageii.npz,test,341,59,49
BMLmovi,BMLmovi:Subject_68,BMLmovi/BMLmovi/Subject_68_F_MoSh/Subject_68_F_11_stageii.npz,test,421,75,65
BMLmovi,BMLmovi:Subject_68,BMLmovi/BMLmovi/Subject_68_F_MoSh/Subject_68_F_12_stageii.npz,test,509,92,82
BMLmovi,BMLmovi:Subject_68,BMLmovi/BMLmovi/Subject_68_F_MoSh/Subject_68_F_13_stageii.npz,test,337,58,48
BMLmovi,BMLmovi:Subject_68,BMLmovi/BMLmovi/Subject_68_F_MoSh/Subject_68_F_14_stageii.npz,test,329,56,46
BMLmovi,BMLmovi:Subject_68,BMLmovi/BMLmovi/Subject_68_F_MoSh/Subject_68_F_15_stageii.npz,test,465,84,74
BMLmovi,BMLmovi:Subject_68,BMLmovi/BMLmovi/Subject_68_F_MoSh/Subject_68_F_16_stageii.npz,test,1057,202,192
BMLmovi,BMLmovi:Subject_68,BMLmovi/BMLmovi/Subject_68_F_MoSh/Subject_68_F_17_stageii.npz,test,893,169,159
BMLmovi,BMLmovi:Subject_68,BMLmovi/BMLmovi/Subject_68_F_MoSh/Subject_68_F_18_stageii.npz,test,785,148,138
BMLmovi,BMLmovi:Subject_68,BMLmovi/BMLmovi/Subject_68_F_MoSh/Subject_68_F_19_stageii.npz,test,441,79,69
BMLmovi,BMLmovi:Subject_68,BMLmovi/BMLmovi/Subject_68_F_MoSh/Subject_68_F_1_stageii.npz,test,421,75,65
BMLmovi,BMLmovi:Subject_68,BMLmovi/BMLmovi/Subject_68_F_MoSh/Subject_68_F_20_stageii.npz,test,453,81,71
BMLmovi,BMLmovi:Subject_68,BMLmovi/BMLmovi/Subject_68_F_MoSh/Subject_68_F_21_stageii.npz,test,949,180,170
BMLmovi,BMLmovi:Subject_68,BMLmovi/BMLmovi/Subject_68_F_MoSh/Subject_68_F_2_stageii.npz,test,461,83,73
BMLmovi,BMLmovi:Subject_68,BMLmovi/BMLmovi/Subject_68_F_MoSh/Subject_68_F_3_stageii.npz,test,1129,216,206
BMLmovi,BMLmovi:Subject_68,BMLmovi/BMLmovi/Subject_68_F_MoSh/Subject_68_F_4_stageii.npz,test,481,87,77
BMLmovi,BMLmovi:Subject_68,BMLmovi/BMLmovi/Subject_68_F_MoSh/Subject_68_F_5_stageii.npz,test,1249,240,230
BMLmovi,BMLmovi:Subject_68,BMLmovi/BMLmovi/Subject_68_F_MoSh/Subject_68_F_6_stageii.npz,test,549,100,90
BMLmovi,BMLmovi:Subject_68,BMLmovi/BMLmovi/Subject_68_F_MoSh/Subject_68_F_7_stageii.npz,test,421,75,65
BMLmovi,BMLmovi:Subject_68,BMLmovi/BMLmovi/Subject_68_F_MoSh/Subject_68_F_8_stageii.npz,test,481,87,77
BMLmovi,BMLmovi:Subject_68,BMLmovi/BMLmovi/Subject_68_F_MoSh/Subject_68_F_9_stageii.npz,test,449,80,70
BMLmovi,BMLmovi:Subject_69,BMLmovi/BMLmovi/Subject_69_F_MoSh/Subject_69_F_10_stageii.npz,train,437,78,68
BMLmovi,BMLmovi:Subject_69,BMLmovi/BMLmovi/Subject_69_F_MoSh/Subject_69_F_11_stageii.npz,train,621,115,105
BMLmovi,BMLmovi:Subject_69,BMLmovi/BMLmovi/Subject_69_F_MoSh/Subject_69_F_12_stageii.npz,train,445,80,70
BMLmovi,BMLmovi:Subject_69,BMLmovi/BMLmovi/Subject_69_F_MoSh/Subject_69_F_13_stageii.npz,train,493,89,79
BMLmovi,BMLmovi:Subject_69,BMLmovi/BMLmovi/Subject_69_F_MoSh/Subject_69_F_14_stageii.npz,train,1097,210,200
BMLmovi,BMLmovi:Subject_69,BMLmovi/BMLmovi/Subject_69_F_MoSh/Subject_69_F_15_stageii.npz,train,385,68,58
BMLmovi,BMLmovi:Subject_69,BMLmovi/BMLmovi/Subject_69_F_MoSh/Subject_69_F_16_stageii.npz,train,609,112,102
BMLmovi,BMLmovi:Subject_69,BMLmovi/BMLmovi/Subject_69_F_MoSh/Subject_69_F_17_stageii.npz,train,589,108,98
BMLmovi,BMLmovi:Subject_69,BMLmovi/BMLmovi/Subject_69_F_MoSh/Subject_69_F_18_stageii.npz,train,973,185,175
BMLmovi,BMLmovi:Subject_69,BMLmovi/BMLmovi/Subject_69_F_MoSh/Subject_69_F_19_stageii.npz,train,593,109,99
BMLmovi,BMLmovi:Subject_69,BMLmovi/BMLmovi/Subject_69_F_MoSh/Subject_69_F_1_stageii.npz,train,1733,337,327
BMLmovi,BMLmovi:Subject_69,BMLmovi/BMLmovi/Subject_69_F_MoSh/Subject_69_F_20_stageii.npz,train,1609,312,302
BMLmovi,BMLmovi:Subject_69,BMLmovi/BMLmovi/Subject_69_F_MoSh/Subject_69_F_21_stageii.npz,train,781,147,137
BMLmovi,BMLmovi:Subject_69,BMLmovi/BMLmovi/Subject_69_F_MoSh/Subject_69_F_2_stageii.npz,train,425,76,66
BMLmovi,BMLmovi:Subject_69,BMLmovi/BMLmovi/Subject_69_F_MoSh/Subject_69_F_3_stageii.npz,train,385,68,58
BMLmovi,BMLmovi:Subject_69,BMLmovi/BMLmovi/Subject_69_F_MoSh/Subject_69_F_4_stageii.npz,train,417,74,64
BMLmovi,BMLmovi:Subject_69,BMLmovi/BMLmovi/Subject_69_F_MoSh/Subject_69_F_5_stageii.npz,train,501,91,81
BMLmovi,BMLmovi:Subject_69,BMLmovi/BMLmovi/Subject_69_F_MoSh/Subject_69_F_6_stageii.npz,train,1253,241,231
BMLmovi,BMLmovi:Subject_69,BMLmovi/BMLmovi/Subject_69_F_MoSh/Subject_69_F_7_stageii.npz,train,541,99,89
BMLmovi,BMLmovi:Subject_69,BMLmovi/BMLmovi/Subject_69_F_MoSh/Subject_69_F_8_stageii.npz,train,1053,201,191
BMLmovi,BMLmovi:Subject_69,BMLmovi/BMLmovi/Subject_69_F_MoSh/Subject_69_F_9_stageii.npz,train,665,124,114
BMLmovi,BMLmovi:Subject_06,BMLmovi/BMLmovi/Subject_6_F_MoSh/Subject_6_F_10_stageii.npz,val,241,39,29
BMLmovi,BMLmovi:Subject_06,BMLmovi/BMLmovi/Subject_6_F_MoSh/Subject_6_F_11_stageii.npz,val,541,99,89
BMLmovi,BMLmovi:Subject_06,BMLmovi/BMLmovi/Subject_6_F_MoSh/Subject_6_F_12_stageii.npz,val,269,44,34
BMLmovi,BMLmovi:Subject_06,BMLmovi/BMLmovi/Subject_6_F_MoSh/Subject_6_F_13_stageii.npz,val,357,62,52
BMLmovi,BMLmovi:Subject_06,BMLmovi/BMLmovi/Subject_6_F_MoSh/Subject_6_F_14_stageii.npz,val,417,74,64
BMLmovi,BMLmovi:Subject_06,BMLmovi/BMLmovi/Subject_6_F_MoSh/Subject_6_F_15_stageii.npz,val,513,93,83
BMLmovi,BMLmovi:Subject_06,BMLmovi/BMLmovi/Subject_6_F_MoSh/Subject_6_F_16_stageii.npz,val,257,42,32
BMLmovi,BMLmovi:Subject_06,BMLmovi/BMLmovi/Subject_6_F_MoSh/Subject_6_F_17_stageii.npz,val,793,149,139
BMLmovi,BMLmovi:Subject_06,BMLmovi/BMLmovi/Subject_6_F_MoSh/Subject_6_F_18_stageii.npz,val,361,63,53
BMLmovi,BMLmovi:Subject_06,BMLmovi/BMLmovi/Subject_6_F_MoSh/Subject_6_F_19_stageii.npz,val,829,156,146
BMLmovi,BMLmovi:Subject_06,BMLmovi/BMLmovi/Subject_6_F_MoSh/Subject_6_F_1_stageii.npz,val,529,96,86
BMLmovi,BMLmovi:Subject_06,BMLmovi/BMLmovi/Subject_6_F_MoSh/Subject_6_F_20_stageii.npz,val,561,103,93
BMLmovi,BMLmovi:Subject_06,BMLmovi/BMLmovi/Subject_6_F_MoSh/Subject_6_F_21_stageii.npz,val,989,188,178
BMLmovi,BMLmovi:Subject_06,BMLmovi/BMLmovi/Subject_6_F_MoSh/Subject_6_F_2_stageii.npz,val,285,48,38
BMLmovi,BMLmovi:Subject_06,BMLmovi/BMLmovi/Subject_6_F_MoSh/Subject_6_F_3_stageii.npz,val,1529,296,286
BMLmovi,BMLmovi:Subject_06,BMLmovi/BMLmovi/Subject_6_F_MoSh/Subject_6_F_4_stageii.npz,val,465,84,74
BMLmovi,BMLmovi:Subject_06,BMLmovi/BMLmovi/Subject_6_F_MoSh/Subject_6_F_5_stageii.npz,val,421,75,65
BMLmovi,BMLmovi:Subject_06,BMLmovi/BMLmovi/Subject_6_F_MoSh/Subject_6_F_6_stageii.npz,val,325,56,46
BMLmovi,BMLmovi:Subject_06,BMLmovi/BMLmovi/Subject_6_F_MoSh/Subject_6_F_7_stageii.npz,val,533,97,87
BMLmovi,BMLmovi:Subject_06,BMLmovi/BMLmovi/Subject_6_F_MoSh/Subject_6_F_8_stageii.npz,val,325,56,46
BMLmovi,BMLmovi:Subject_06,BMLmovi/BMLmovi/Subject_6_F_MoSh/Subject_6_F_9_stageii.npz,val,233,37,27
BMLmovi,BMLmovi:Subject_70,BMLmovi/BMLmovi/Subject_70_F_MoSh/Subject_70_F_10_stageii.npz,test,425,76,66
BMLmovi,BMLmovi:Subject_70,BMLmovi/BMLmovi/Subject_70_F_MoSh/Subject_70_F_11_stageii.npz,test,345,60,50
BMLmovi,BMLmovi:Subject_70,BMLmovi/BMLmovi/Subject_70_F_MoSh/Subject_70_F_12_stageii.npz,test,533,97,87
BMLmovi,BMLmovi:Subject_70,BMLmovi/BMLmovi/Subject_70_F_MoSh/Subject_70_F_13_stageii.npz,test,421,75,65
BMLmovi,BMLmovi:Subject_70,BMLmovi/BMLmovi/Subject_70_F_MoSh/Subject_70_F_14_stageii.npz,test,417,74,64
BMLmovi,BMLmovi:Subject_70,BMLmovi/BMLmovi/Subject_70_F_MoSh/Subject_70_F_15_stageii.npz,test,633,117,107
BMLmovi,BMLmovi:Subject_70,BMLmovi/BMLmovi/Subject_70_F_MoSh/Subject_70_F_16_stageii.npz,test,469,84,74
BMLmovi,BMLmovi:Subject_70,BMLmovi/BMLmovi/Subject_70_F_MoSh/Subject_70_F_17_stageii.npz,test,369,64,54
BMLmovi,BMLmovi:Subject_70,BMLmovi/BMLmovi/Subject_70_F_MoSh/Subject_70_F_18_stageii.npz,test,445,80,70
BMLmovi,BMLmovi:Subject_70,BMLmovi/BMLmovi/Subject_70_F_MoSh/Subject_70_F_19_stageii.npz,test,305,52,42
BMLmovi,BMLmovi:Subject_70,BMLmovi/BMLmovi/Subject_70_F_MoSh/Subject_70_F_1_stageii.npz,test,821,155,145
BMLmovi,BMLmovi:Subject_70,BMLmovi/BMLmovi/Subject_70_F_MoSh/Subject_70_F_20_stageii.npz,test,1373,265,255
BMLmovi,BMLmovi:Subject_70,BMLmovi/BMLmovi/Subject_70_F_MoSh/Subject_70_F_21_stageii.npz,test,853,161,151
BMLmovi,BMLmovi:Subject_70,BMLmovi/BMLmovi/Subject_70_F_MoSh/Subject_70_F_2_stageii.npz,test,509,92,82
BMLmovi,BMLmovi:Subject_70,BMLmovi/BMLmovi/Subject_70_F_MoSh/Subject_70_F_3_stageii.npz,test,449,80,70
BMLmovi,BMLmovi:Subject_70,BMLmovi/BMLmovi/Subject_70_F_MoSh/Subject_70_F_4_stageii.npz,test,1041,199,189
BMLmovi,BMLmovi:Subject_70,BMLmovi/BMLmovi/Subject_70_F_MoSh/Subject_70_F_5_stageii.npz,test,337,58,48
BMLmovi,BMLmovi:Subject_70,BMLmovi/BMLmovi/Subject_70_F_MoSh/Subject_70_F_6_stageii.npz,test,417,74,64
BMLmovi,BMLmovi:Subject_70,BMLmovi/BMLmovi/Subject_70_F_MoSh/Subject_70_F_7_stageii.npz,test,985,188,178
BMLmovi,BMLmovi:Subject_70,BMLmovi/BMLmovi/Subject_70_F_MoSh/Subject_70_F_8_stageii.npz,test,913,173,163
BMLmovi,BMLmovi:Subject_70,BMLmovi/BMLmovi/Subject_70_F_MoSh/Subject_70_F_9_stageii.npz,test,365,64,54
BMLmovi,BMLmovi:Subject_71,BMLmovi/BMLmovi/Subject_71_F_MoSh/Subject_71_F_10_stageii.npz,test,765,144,134
BMLmovi,BMLmovi:Subject_71,BMLmovi/BMLmovi/Subject_71_F_MoSh/Subject_71_F_11_stageii.npz,test,497,90,80
BMLmovi,BMLmovi:Subject_71,BMLmovi/BMLmovi/Subject_71_F_MoSh/Subject_71_F_12_stageii.npz,test,481,87,77
BMLmovi,BMLmovi:Subject_71,BMLmovi/BMLmovi/Subject_71_F_MoSh/Subject_71_F_13_stageii.npz,test,429,76,66
BMLmovi,BMLmovi:Subject_71,BMLmovi/BMLmovi/Subject_71_F_MoSh/Subject_71_F_14_stageii.npz,test,577,106,96
BMLmovi,BMLmovi:Subject_71,BMLmovi/BMLmovi/Subject_71_F_MoSh/Subject_71_F_15_stageii.npz,test,385,68,58
BMLmovi,BMLmovi:Subject_71,BMLmovi/BMLmovi/Subject_71_F_MoSh/Subject_71_F_16_stageii.npz,test,941,179,169
BMLmovi,BMLmovi:Subject_71,BMLmovi/BMLmovi/Subject_71_F_MoSh/Subject_71_F_17_stageii.npz,test,1069,204,194
BMLmovi,BMLmovi:Subject_71,BMLmovi/BMLmovi/Subject_71_F_MoSh/Subject_71_F_18_stageii.npz,test,893,169,159
BMLmovi,BMLmovi:Subject_71,BMLmovi/BMLmovi/Subject_71_F_MoSh/Subject_71_F_19_stageii.npz,test,1161,223,213
BMLmovi,BMLmovi:Subject_71,BMLmovi/BMLmovi/Subject_71_F_MoSh/Subject_71_F_1_stageii.npz,test,413,73,63
BMLmovi,BMLmovi:Subject_71,BMLmovi/BMLmovi/Subject_71_F_MoSh/Subject_71_F_20_stageii.npz,test,653,121,111
BMLmovi,BMLmovi:Subject_71,BMLmovi/BMLmovi/Subject_71_F_MoSh/Subject_71_F_21_stageii.npz,test,505,92,82
BMLmovi,BMLmovi:Subject_71,BMLmovi/BMLmovi/Subject_71_F_MoSh/Subject_71_F_2_stageii.npz,test,937,178,168
BMLmovi,BMLmovi:Subject_71,BMLmovi/BMLmovi/Subject_71_F_MoSh/Subject_71_F_3_stageii.npz,test,549,100,90
BMLmovi,BMLmovi:Subject_71,BMLmovi/BMLmovi/Subject_71_F_MoSh/Subject_71_F_4_stageii.npz,test,377,66,56
BMLmovi,BMLmovi:Subject_71,BMLmovi/BMLmovi/Subject_71_F_MoSh/Subject_71_F_5_stageii.npz,test,609,112,102
BMLmovi,BMLmovi:Subject_71,BMLmovi/BMLmovi/Subject_71_F_MoSh/Subject_71_F_6_stageii.npz,test,945,180,170
BMLmovi,BMLmovi:Subject_71,BMLmovi/BMLmovi/Subject_71_F_MoSh/Subject_71_F_7_stageii.npz,test,441,79,69
BMLmovi,BMLmovi:Subject_71,BMLmovi/BMLmovi/Subject_71_F_MoSh/Subject_71_F_8_stageii.npz,test,489,88,78
BMLmovi,BMLmovi:Subject_71,BMLmovi/BMLmovi/Subject_71_F_MoSh/Subject_71_F_9_stageii.npz,test,377,66,56
BMLmovi,BMLmovi:Subject_72,BMLmovi/BMLmovi/Subject_72_F_MoSh/Subject_72_F_10_stageii.npz,train,521,95,85
BMLmovi,BMLmovi:Subject_72,BMLmovi/BMLmovi/Subject_72_F_MoSh/Subject_72_F_11_stageii.npz,train,553,101,91
BMLmovi,BMLmovi:Subject_72,BMLmovi/BMLmovi/Subject_72_F_MoSh/Subject_72_F_12_stageii.npz,train,565,104,94
BMLmovi,BMLmovi:Subject_72,BMLmovi/BMLmovi/Subject_72_F_MoSh/Subject_72_F_13_stageii.npz,train,449,80,70
BMLmovi,BMLmovi:Subject_72,BMLmovi/BMLmovi/Subject_72_F_MoSh/Subject_72_F_14_stageii.npz,train,477,86,76
BMLmovi,BMLmovi:Subject_72,BMLmovi/BMLmovi/Subject_72_F_MoSh/Subject_72_F_15_stageii.npz,train,489,88,78
BMLmovi,BMLmovi:Subject_72,BMLmovi/BMLmovi/Subject_72_F_MoSh/Subject_72_F_16_stageii.npz,train,1017,194,184
BMLmovi,BMLmovi:Subject_72,BMLmovi/BMLmovi/Subject_72_F_MoSh/Subject_72_F_17_stageii.npz,train,413,73,63
BMLmovi,BMLmovi:Subject_72,BMLmovi/BMLmovi/Subject_72_F_MoSh/Subject_72_F_18_stageii.npz,train,601,111,101
BMLmovi,BMLmovi:Subject_72,BMLmovi/BMLmovi/Subject_72_F_MoSh/Subject_72_F_19_stageii.npz,train,361,63,53
BMLmovi,BMLmovi:Subject_72,BMLmovi/BMLmovi/Subject_72_F_MoSh/Subject_72_F_1_stageii.npz,train,1129,216,206
BMLmovi,BMLmovi:Subject_72,BMLmovi/BMLmovi/Subject_72_F_MoSh/Subject_72_F_20_stageii.npz,train,1081,207,197
BMLmovi,BMLmovi:Subject_72,BMLmovi/BMLmovi/Subject_72_F_MoSh/Subject_72_F_21_stageii.npz,train,1461,283,273
BMLmovi,BMLmovi:Subject_72,BMLmovi/BMLmovi/Subject_72_F_MoSh/Subject_72_F_2_stageii.npz,train,573,105,95
BMLmovi,BMLmovi:Subject_72,BMLmovi/BMLmovi/Subject_72_F_MoSh/Subject_72_F_3_stageii.npz,train,925,176,166
BMLmovi,BMLmovi:Subject_72,BMLmovi/BMLmovi/Subject_72_F_MoSh/Subject_72_F_4_stageii.npz,train,617,114,104
BMLmovi,BMLmovi:Subject_72,BMLmovi/BMLmovi/Subject_72_F_MoSh/Subject_72_F_5_stageii.npz,train,765,144,134
BMLmovi,BMLmovi:Subject_72,BMLmovi/BMLmovi/Subject_72_F_MoSh/Subject_72_F_6_stageii.npz,train,569,104,94
BMLmovi,BMLmovi:Subject_72,BMLmovi/BMLmovi/Subject_72_F_MoSh/Subject_72_F_7_stageii.npz,train,341,59,49
BMLmovi,BMLmovi:Subject_72,BMLmovi/BMLmovi/Subject_72_F_MoSh/Subject_72_F_8_stageii.npz,train,869,164,154
BMLmovi,BMLmovi:Subject_72,BMLmovi/BMLmovi/Subject_72_F_MoSh/Subject_72_F_9_stageii.npz,train,409,72,62
BMLmovi,BMLmovi:Subject_73,BMLmovi/BMLmovi/Subject_73_F_MoSh/Subject_73_F_10_stageii.npz,train,789,148,138
BMLmovi,BMLmovi:Subject_73,BMLmovi/BMLmovi/Subject_73_F_MoSh/Subject_73_F_11_stageii.npz,train,581,107,97
BMLmovi,BMLmovi:Subject_73,BMLmovi/BMLmovi/Subject_73_F_MoSh/Subject_73_F_12_stageii.npz,train,705,132,122
BMLmovi,BMLmovi:Subject_73,BMLmovi/BMLmovi/Subject_73_F_MoSh/Subject_73_F_13_stageii.npz,train,437,78,68
BMLmovi,BMLmovi:Subject_73,BMLmovi/BMLmovi/Subject_73_F_MoSh/Subject_73_F_14_stageii.npz,train,553,101,91
BMLmovi,BMLmovi:Subject_73,BMLmovi/BMLmovi/Subject_73_F_MoSh/Subject_73_F_15_stageii.npz,train,485,88,78
BMLmovi,BMLmovi:Subject_73,BMLmovi/BMLmovi/Subject_73_F_MoSh/Subject_73_F_16_stageii.npz,train,605,112,102
BMLmovi,BMLmovi:Subject_73,BMLmovi/BMLmovi/Subject_73_F_MoSh/Subject_73_F_17_stageii.npz,train,585,108,98
BMLmovi,BMLmovi:Subject_73,BMLmovi/BMLmovi/Subject_73_F_MoSh/Subject_73_F_18_stageii.npz,train,1141,219,209
BMLmovi,BMLmovi:Subject_73,BMLmovi/BMLmovi/Subject_73_F_MoSh/Subject_73_F_19_stageii.npz,train,381,67,57
BMLmovi,BMLmovi:Subject_73,BMLmovi/BMLmovi/Subject_73_F_MoSh/Subject_73_F_1_stageii.npz,train,453,81,71
BMLmovi,BMLmovi:Subject_73,BMLmovi/BMLmovi/Subject_73_F_MoSh/Subject_73_F_20_stageii.npz,train,933,177,167
BMLmovi,BMLmovi:Subject_73,BMLmovi/BMLmovi/Subject_73_F_MoSh/Subject_73_F_21_stageii.npz,train,1161,223,213
BMLmovi,BMLmovi:Subject_73,BMLmovi/BMLmovi/Subject_73_F_MoSh/Subject_73_F_2_stageii.npz,train,469,84,74
BMLmovi,BMLmovi:Subject_73,BMLmovi/BMLmovi/Subject_73_F_MoSh/Subject_73_F_3_stageii.npz,train,1197,230,220
BMLmovi,BMLmovi:Subject_73,BMLmovi/BMLmovi/Subject_73_F_MoSh/Subject_73_F_4_stageii.npz,train,521,95,85
BMLmovi,BMLmovi:Subject_73,BMLmovi/BMLmovi/Subject_73_F_MoSh/Subject_73_F_5_stageii.npz,train,1213,233,223
BMLmovi,BMLmovi:Subject_73,BMLmovi/BMLmovi/Subject_73_F_MoSh/Subject_73_F_6_stageii.npz,train,729,136,126
BMLmovi,BMLmovi:Subject_73,BMLmovi/BMLmovi/Subject_73_F_MoSh/Subject_73_F_7_stageii.npz,train,1913,373,363
BMLmovi,BMLmovi:Subject_73,BMLmovi/BMLmovi/Subject_73_F_MoSh/Subject_73_F_8_stageii.npz,train,617,114,104
BMLmovi,BMLmovi:Subject_73,BMLmovi/BMLmovi/Subject_73_F_MoSh/Subject_73_F_9_stageii.npz,train,601,111,101
BMLmovi,BMLmovi:Subject_74,BMLmovi/BMLmovi/Subject_74_F_MoSh/Subject_74_F_10_stageii.npz,val,1189,228,218
BMLmovi,BMLmovi:Subject_74,BMLmovi/BMLmovi/Subject_74_F_MoSh/Subject_74_F_11_stageii.npz,val,549,100,90
BMLmovi,BMLmovi:Subject_74,BMLmovi/BMLmovi/Subject_74_F_MoSh/Subject_74_F_12_stageii.npz,val,473,85,75
BMLmovi,BMLmovi:Subject_74,BMLmovi/BMLmovi/Subject_74_F_MoSh/Subject_74_F_13_stageii.npz,val,1225,236,226
BMLmovi,BMLmovi:Subject_74,BMLmovi/BMLmovi/Subject_74_F_MoSh/Subject_74_F_14_stageii.npz,val,381,67,57
BMLmovi,BMLmovi:Subject_74,BMLmovi/BMLmovi/Subject_74_F_MoSh/Subject_74_F_15_stageii.npz,val,381,67,57
BMLmovi,BMLmovi:Subject_74,BMLmovi/BMLmovi/Subject_74_F_MoSh/Subject_74_F_16_stageii.npz,val,489,88,78
BMLmovi,BMLmovi:Subject_74,BMLmovi/BMLmovi/Subject_74_F_MoSh/Subject_74_F_17_stageii.npz,val,597,110,100
BMLmovi,BMLmovi:Subject_74,BMLmovi/BMLmovi/Subject_74_F_MoSh/Subject_74_F_18_stageii.npz,val,1045,200,190
BMLmovi,BMLmovi:Subject_74,BMLmovi/BMLmovi/Subject_74_F_MoSh/Subject_74_F_19_stageii.npz,val,569,104,94
BMLmovi,BMLmovi:Subject_74,BMLmovi/BMLmovi/Subject_74_F_MoSh/Subject_74_F_1_stageii.npz,val,429,76,66
BMLmovi,BMLmovi:Subject_74,BMLmovi/BMLmovi/Subject_74_F_MoSh/Subject_74_F_20_stageii.npz,val,989,188,178
BMLmovi,BMLmovi:Subject_74,BMLmovi/BMLmovi/Subject_74_F_MoSh/Subject_74_F_21_stageii.npz,val,493,89,79
BMLmovi,BMLmovi:Subject_74,BMLmovi/BMLmovi/Subject_74_F_MoSh/Subject_74_F_2_stageii.npz,val,413,73,63
BMLmovi,BMLmovi:Subject_74,BMLmovi/BMLmovi/Subject_74_F_MoSh/Subject_74_F_3_stageii.npz,val,573,105,95
BMLmovi,BMLmovi:Subject_74,BMLmovi/BMLmovi/Subject_74_F_MoSh/Subject_74_F_4_stageii.npz,val,457,82,72
BMLmovi,BMLmovi:Subject_74,BMLmovi/BMLmovi/Subject_74_F_MoSh/Subject_74_F_5_stageii.npz,val,717,134,124
BMLmovi,BMLmovi:Subject_74,BMLmovi/BMLmovi/Subject_74_F_MoSh/Subject_74_F_6_stageii.npz,val,473,85,75
BMLmovi,BMLmovi:Subject_74,BMLmovi/BMLmovi/Subject_74_F_MoSh/Subject_74_F_7_stageii.npz,val,849,160,150
BMLmovi,BMLmovi:Subject_74,BMLmovi/BMLmovi/Subject_74_F_MoSh/Subject_74_F_8_stageii.npz,val,733,137,127
BMLmovi,BMLmovi:Subject_74,BMLmovi/BMLmovi/Subject_74_F_MoSh/Subject_74_F_9_stageii.npz,val,501,91,81
BMLmovi,BMLmovi:Subject_75,BMLmovi/BMLmovi/Subject_75_F_MoSh/Subject_75_F_10_stageii.npz,train,405,72,62
BMLmovi,BMLmovi:Subject_75,BMLmovi/BMLmovi/Subject_75_F_MoSh/Subject_75_F_11_stageii.npz,train,421,75,65
BMLmovi,BMLmovi:Subject_75,BMLmovi/BMLmovi/Subject_75_F_MoSh/Subject_75_F_12_stageii.npz,train,2085,408,398
BMLmovi,BMLmovi:Subject_75,BMLmovi/BMLmovi/Subject_75_F_MoSh/Subject_75_F_13_stageii.npz,train,665,124,114
BMLmovi,BMLmovi:Subject_75,BMLmovi/BMLmovi/Subject_75_F_MoSh/Subject_75_F_14_stageii.npz,train,637,118,108
BMLmovi,BMLmovi:Subject_75,BMLmovi/BMLmovi/Subject_75_F_MoSh/Subject_75_F_15_stageii.npz,train,645,120,110
BMLmovi,BMLmovi:Subject_75,BMLmovi/BMLmovi/Subject_75_F_MoSh/Subject_75_F_16_stageii.npz,train,621,115,105
BMLmovi,BMLmovi:Subject_75,BMLmovi/BMLmovi/Subject_75_F_MoSh/Subject_75_F_17_stageii.npz,train,721,135,125
BMLmovi,BMLmovi:Subject_75,BMLmovi/BMLmovi/Subject_75_F_MoSh/Subject_75_F_18_stageii.npz,train,521,95,85
BMLmovi,BMLmovi:Subject_75,BMLmovi/BMLmovi/Subject_75_F_MoSh/Subject_75_F_19_stageii.npz,train,577,106,96
BMLmovi,BMLmovi:Subject_75,BMLmovi/BMLmovi/Subject_75_F_MoSh/Subject_75_F_1_stageii.npz,train,901,171,161
BMLmovi,BMLmovi:Subject_75,BMLmovi/BMLmovi/Subject_75_F_MoSh/Subject_75_F_20_stageii.npz,train,657,122,112
BMLmovi,BMLmovi:Subject_75,BMLmovi/BMLmovi/Subject_75_F_MoSh/Subject_75_F_21_stageii.npz,train,565,104,94
BMLmovi,BMLmovi:Subject_75,BMLmovi/BMLmovi/Subject_75_F_MoSh/Subject_75_F_2_stageii.npz,train,845,160,150
BMLmovi,BMLmovi:Subject_75,BMLmovi/BMLmovi/Subject_75_F_MoSh/Subject_75_F_3_stageii.npz,train,1069,204,194
BMLmovi,BMLmovi:Subject_75,BMLmovi/BMLmovi/Subject_75_F_MoSh/Subject_75_F_4_stageii.npz,train,1117,214,204
BMLmovi,BMLmovi:Subject_75,BMLmovi/BMLmovi/Subject_75_F_MoSh/Subject_75_F_5_stageii.npz,train,921,175,165
BMLmovi,BMLmovi:Subject_75,BMLmovi/BMLmovi/Subject_75_F_MoSh/Subject_75_F_6_stageii.npz,train,517,94,84
BMLmovi,BMLmovi:Subject_75,BMLmovi/BMLmovi/Subject_75_F_MoSh/Subject_75_F_7_stageii.npz,train,1213,233,223
BMLmovi,BMLmovi:Subject_75,BMLmovi/BMLmovi/Subject_75_F_MoSh/Subject_75_F_8_stageii.npz,train,801,151,141
BMLmovi,BMLmovi:Subject_75,BMLmovi/BMLmovi/Subject_75_F_MoSh/Subject_75_F_9_stageii.npz,train,697,130,120
BMLmovi,BMLmovi:Subject_76,BMLmovi/BMLmovi/Subject_76_F_MoSh/Subject_76_F_10_stageii.npz,train,1065,204,194
BMLmovi,BMLmovi:Subject_76,BMLmovi/BMLmovi/Subject_76_F_MoSh/Subject_76_F_11_stageii.npz,train,477,86,76
BMLmovi,BMLmovi:Subject_76,BMLmovi/BMLmovi/Subject_76_F_MoSh/Subject_76_F_12_stageii.npz,train,929,176,166
BMLmovi,BMLmovi:Subject_76,BMLmovi/BMLmovi/Subject_76_F_MoSh/Subject_76_F_13_stageii.npz,train,541,99,89
BMLmovi,BMLmovi:Subject_76,BMLmovi/BMLmovi/Subject_76_F_MoSh/Subject_76_F_14_stageii.npz,train,1197,230,220
BMLmovi,BMLmovi:Subject_76,BMLmovi/BMLmovi/Subject_76_F_MoSh/Subject_76_F_15_stageii.npz,train,417,74,64
BMLmovi,BMLmovi:Subject_76,BMLmovi/BMLmovi/Subject_76_F_MoSh/Subject_76_F_16_stageii.npz,train,409,72,62
BMLmovi,BMLmovi:Subject_76,BMLmovi/BMLmovi/Subject_76_F_MoSh/Subject_76_F_17_stageii.npz,train,441,79,69
BMLmovi,BMLmovi:Subject_76,BMLmovi/BMLmovi/Subject_76_F_MoSh/Subject_76_F_18_stageii.npz,train,557,102,92
BMLmovi,BMLmovi:Subject_76,BMLmovi/BMLmovi/Subject_76_F_MoSh/Subject_76_F_19_stageii.npz,train,565,104,94
BMLmovi,BMLmovi:Subject_76,BMLmovi/BMLmovi/Subject_76_F_MoSh/Subject_76_F_1_stageii.npz,train,529,96,86
BMLmovi,BMLmovi:Subject_76,BMLmovi/BMLmovi/Subject_76_F_MoSh/Subject_76_F_20_stageii.npz,train,853,161,151
BMLmovi,BMLmovi:Subject_76,BMLmovi/BMLmovi/Subject_76_F_MoSh/Subject_76_F_21_stageii.npz,train,649,120,110
BMLmovi,BMLmovi:Subject_76,BMLmovi/BMLmovi/Subject_76_F_MoSh/Subject_76_F_2_stageii.npz,train,1841,359,349
BMLmovi,BMLmovi:Subject_76,BMLmovi/BMLmovi/Subject_76_F_MoSh/Subject_76_F_3_stageii.npz,train,613,113,103
BMLmovi,BMLmovi:Subject_76,BMLmovi/BMLmovi/Subject_76_F_MoSh/Subject_76_F_4_stageii.npz,train,1605,312,302
BMLmovi,BMLmovi:Subject_76,BMLmovi/BMLmovi/Subject_76_F_MoSh/Subject_76_F_5_stageii.npz,train,509,92,82
BMLmovi,BMLmovi:Subject_76,BMLmovi/BMLmovi/Subject_76_F_MoSh/Subject_76_F_6_stageii.npz,train,561,103,93
BMLmovi,BMLmovi:Subject_76,BMLmovi/BMLmovi/Subject_76_F_MoSh/Subject_76_F_7_stageii.npz,train,489,88,78
BMLmovi,BMLmovi:Subject_76,BMLmovi/BMLmovi/Subject_76_F_MoSh/Subject_76_F_8_stageii.npz,train,761,143,133
BMLmovi,BMLmovi:Subject_76,BMLmovi/BMLmovi/Subject_76_F_MoSh/Subject_76_F_9_stageii.npz,train,501,91,81
BMLmovi,BMLmovi:Subject_77,BMLmovi/BMLmovi/Subject_77_F_MoSh/Subject_77_F_10_stageii.npz,train,573,105,95
BMLmovi,BMLmovi:Subject_77,BMLmovi/BMLmovi/Subject_77_F_MoSh/Subject_77_F_11_stageii.npz,train,1137,218,208
BMLmovi,BMLmovi:Subject_77,BMLmovi/BMLmovi/Subject_77_F_MoSh/Subject_77_F_12_stageii.npz,train,665,124,114
BMLmovi,BMLmovi:Subject_77,BMLmovi/BMLmovi/Subject_77_F_MoSh/Subject_77_F_13_stageii.npz,train,1413,273,263
BMLmovi,BMLmovi:Subject_77,BMLmovi/BMLmovi/Subject_77_F_MoSh/Subject_77_F_14_stageii.npz,train,393,69,59
BMLmovi,BMLmovi:Subject_77,BMLmovi/BMLmovi/Subject_77_F_MoSh/Subject_77_F_15_stageii.npz,train,1105,212,202
BMLmovi,BMLmovi:Subject_77,BMLmovi/BMLmovi/Subject_77_F_MoSh/Subject_77_F_16_stageii.npz,train,929,176,166
BMLmovi,BMLmovi:Subject_77,BMLmovi/BMLmovi/Subject_77_F_MoSh/Subject_77_F_17_stageii.npz,train,541,99,89
BMLmovi,BMLmovi:Subject_77,BMLmovi/BMLmovi/Subject_77_F_MoSh/Subject_77_F_18_stageii.npz,train,997,190,180
BMLmovi,BMLmovi:Subject_77,BMLmovi/BMLmovi/Subject_77_F_MoSh/Subject_77_F_19_stageii.npz,train,497,90,80
BMLmovi,BMLmovi:Subject_77,BMLmovi/BMLmovi/Subject_77_F_MoSh/Subject_77_F_1_stageii.npz,train,909,172,162
BMLmovi,BMLmovi:Subject_77,BMLmovi/BMLmovi/Subject_77_F_MoSh/Subject_77_F_20_stageii.npz,train,645,120,110
BMLmovi,BMLmovi:Subject_77,BMLmovi/BMLmovi/Subject_77_F_MoSh/Subject_77_F_21_stageii.npz,train,1393,269,259
BMLmovi,BMLmovi:Subject_77,BMLmovi/BMLmovi/Subject_77_F_MoSh/Subject_77_F_2_stageii.npz,train,557,102,92
BMLmovi,BMLmovi:Subject_77,BMLmovi/BMLmovi/Subject_77_F_MoSh/Subject_77_F_3_stageii.npz,train,381,67,57
BMLmovi,BMLmovi:Subject_77,BMLmovi/BMLmovi/Subject_77_F_MoSh/Subject_77_F_4_stageii.npz,train,473,85,75
BMLmovi,BMLmovi:Subject_77,BMLmovi/BMLmovi/Subject_77_F_MoSh/Subject_77_F_5_stageii.npz,train,509,92,82
BMLmovi,BMLmovi:Subject_77,BMLmovi/BMLmovi/Subject_77_F_MoSh/Subject_77_F_6_stageii.npz,train,689,128,118
BMLmovi,BMLmovi:Subject_77,BMLmovi/BMLmovi/Subject_77_F_MoSh/Subject_77_F_7_stageii.npz,train,541,99,89
BMLmovi,BMLmovi:Subject_77,BMLmovi/BMLmovi/Subject_77_F_MoSh/Subject_77_F_8_stageii.npz,train,445,80,70
BMLmovi,BMLmovi:Subject_77,BMLmovi/BMLmovi/Subject_77_F_MoSh/Subject_77_F_9_stageii.npz,train,1345,260,250
BMLmovi,BMLmovi:Subject_78,BMLmovi/BMLmovi/Subject_78_F_MoSh/Subject_78_F_10_stageii.npz,test,449,80,70
BMLmovi,BMLmovi:Subject_78,BMLmovi/BMLmovi/Subject_78_F_MoSh/Subject_78_F_11_stageii.npz,test,549,100,90
BMLmovi,BMLmovi:Subject_78,BMLmovi/BMLmovi/Subject_78_F_MoSh/Subject_78_F_12_stageii.npz,test,769,144,134
BMLmovi,BMLmovi:Subject_78,BMLmovi/BMLmovi/Subject_78_F_MoSh/Subject_78_F_13_stageii.npz,test,369,64,54
BMLmovi,BMLmovi:Subject_78,BMLmovi/BMLmovi/Subject_78_F_MoSh/Subject_78_F_14_stageii.npz,test,769,144,134
BMLmovi,BMLmovi:Subject_78,BMLmovi/BMLmovi/Subject_78_F_MoSh/Subject_78_F_15_stageii.npz,test,589,108,98
BMLmovi,BMLmovi:Subject_78,BMLmovi/BMLmovi/Subject_78_F_MoSh/Subject_78_F_16_stageii.npz,test,289,48,38
BMLmovi,BMLmovi:Subject_78,BMLmovi/BMLmovi/Subject_78_F_MoSh/Subject_78_F_17_stageii.npz,test,385,68,58
BMLmovi,BMLmovi:Subject_78,BMLmovi/BMLmovi/Subject_78_F_MoSh/Subject_78_F_18_stageii.npz,test,297,50,40
BMLmovi,BMLmovi:Subject_78,BMLmovi/BMLmovi/Subject_78_F_MoSh/Subject_78_F_19_stageii.npz,test,449,80,70
BMLmovi,BMLmovi:Subject_78,BMLmovi/BMLmovi/Subject_78_F_MoSh/Subject_78_F_1_stageii.npz,test,1441,279,269
BMLmovi,BMLmovi:Subject_78,BMLmovi/BMLmovi/Subject_78_F_MoSh/Subject_78_F_20_stageii.npz,test,341,59,49
BMLmovi,BMLmovi:Subject_78,BMLmovi/BMLmovi/Subject_78_F_MoSh/Subject_78_F_21_stageii.npz,test,1349,260,250
BMLmovi,BMLmovi:Subject_78,BMLmovi/BMLmovi/Subject_78_F_MoSh/Subject_78_F_2_stageii.npz,test,569,104,94
BMLmovi,BMLmovi:Subject_78,BMLmovi/BMLmovi/Subject_78_F_MoSh/Subject_78_F_3_stageii.npz,test,965,184,174
BMLmovi,BMLmovi:Subject_78,BMLmovi/BMLmovi/Subject_78_F_MoSh/Subject_78_F_4_stageii.npz,test,521,95,85
BMLmovi,BMLmovi:Subject_78,BMLmovi/BMLmovi/Subject_78_F_MoSh/Subject_78_F_5_stageii.npz,test,733,137,127
BMLmovi,BMLmovi:Subject_78,BMLmovi/BMLmovi/Subject_78_F_MoSh/Subject_78_F_6_stageii.npz,test,445,80,70
BMLmovi,BMLmovi:Subject_78,BMLmovi/BMLmovi/Subject_78_F_MoSh/Subject_78_F_7_stageii.npz,test,1069,204,194
BMLmovi,BMLmovi:Subject_78,BMLmovi/BMLmovi/Subject_78_F_MoSh/Subject_78_F_8_stageii.npz,test,409,72,62
BMLmovi,BMLmovi:Subject_78,BMLmovi/BMLmovi/Subject_78_F_MoSh/Subject_78_F_9_stageii.npz,test,465,84,74
BMLmovi,BMLmovi:Subject_79,BMLmovi/BMLmovi/Subject_79_F_MoSh/Subject_79_F_10_stageii.npz,train,477,86,76
BMLmovi,BMLmovi:Subject_79,BMLmovi/BMLmovi/Subject_79_F_MoSh/Subject_79_F_11_stageii.npz,train,573,105,95
BMLmovi,BMLmovi:Subject_79,BMLmovi/BMLmovi/Subject_79_F_MoSh/Subject_79_F_12_stageii.npz,train,849,160,150
BMLmovi,BMLmovi:Subject_79,BMLmovi/BMLmovi/Subject_79_F_MoSh/Subject_79_F_13_stageii.npz,train,665,124,114
BMLmovi,BMLmovi:Subject_79,BMLmovi/BMLmovi/Subject_79_F_MoSh/Subject_79_F_14_stageii.npz,train,469,84,74
BMLmovi,BMLmovi:Subject_79,BMLmovi/BMLmovi/Subject_79_F_MoSh/Subject_79_F_15_stageii.npz,train,513,93,83
BMLmovi,BMLmovi:Subject_79,BMLmovi/BMLmovi/Subject_79_F_MoSh/Subject_79_F_16_stageii.npz,train,637,118,108
BMLmovi,BMLmovi:Subject_79,BMLmovi/BMLmovi/Subject_79_F_MoSh/Subject_79_F_17_stageii.npz,train,1093,209,199
BMLmovi,BMLmovi:Subject_79,BMLmovi/BMLmovi/Subject_79_F_MoSh/Subject_79_F_18_stageii.npz,train,525,96,86
BMLmovi,BMLmovi:Subject_79,BMLmovi/BMLmovi/Subject_79_F_MoSh/Subject_79_F_19_stageii.npz,train,465,84,74
BMLmovi,BMLmovi:Subject_79,BMLmovi/BMLmovi/Subject_79_F_MoSh/Subject_79_F_1_stageii.npz,train,337,58,48
BMLmovi,BMLmovi:Subject_79,BMLmovi/BMLmovi/Subject_79_F_MoSh/Subject_79_F_20_stageii.npz,train,1029,196,186
BMLmovi,BMLmovi:Subject_79,BMLmovi/BMLmovi/Subject_79_F_MoSh/Subject_79_F_21_stageii.npz,train,1245,240,230
BMLmovi,BMLmovi:Subject_79,BMLmovi/BMLmovi/Subject_79_F_MoSh/Subject_79_F_2_stageii.npz,train,497,90,80
BMLmovi,BMLmovi:Subject_79,BMLmovi/BMLmovi/Subject_79_F_MoSh/Subject_79_F_3_stageii.npz,train,473,85,75
BMLmovi,BMLmovi:Subject_79,BMLmovi/BMLmovi/Subject_79_F_MoSh/Subject_79_F_4_stageii.npz,train,793,149,139
BMLmovi,BMLmovi:Subject_79,BMLmovi/BMLmovi/Subject_79_F_MoSh/Subject_79_F_5_stageii.npz,train,809,152,142
BMLmovi,BMLmovi:Subject_79,BMLmovi/BMLmovi/Subject_79_F_MoSh/Subject_79_F_6_stageii.npz,train,601,111,101
BMLmovi,BMLmovi:Subject_79,BMLmovi/BMLmovi/Subject_79_F_MoSh/Subject_79_F_7_stageii.npz,train,469,84,74
BMLmovi,BMLmovi:Subject_79,BMLmovi/BMLmovi/Subject_79_F_MoSh/Subject_79_F_8_stageii.npz,train,609,112,102
BMLmovi,BMLmovi:Subject_79,BMLmovi/BMLmovi/Subject_79_F_MoSh/Subject_79_F_9_stageii.npz,train,493,89,79
BMLmovi,BMLmovi:Subject_07,BMLmovi/BMLmovi/Subject_7_F_MoSh/Subject_7_F_10_stageii.npz,val,505,92,82
BMLmovi,BMLmovi:Subject_07,BMLmovi/BMLmovi/Subject_7_F_MoSh/Subject_7_F_11_stageii.npz,val,289,48,38
BMLmovi,BMLmovi:Subject_07,BMLmovi/BMLmovi/Subject_7_F_MoSh/Subject_7_F_12_stageii.npz,val,445,80,70
BMLmovi,BMLmovi:Subject_07,BMLmovi/BMLmovi/Subject_7_F_MoSh/Subject_7_F_13_stageii.npz,val,893,169,159
BMLmovi,BMLmovi:Subject_07,BMLmovi/BMLmovi/Subject_7_F_MoSh/Subject_7_F_14_stageii.npz,val,381,67,57
BMLmovi,BMLmovi:Subject_07,BMLmovi/BMLmovi/Subject_7_F_MoSh/Subject_7_F_15_stageii.npz,val,341,59,49
BMLmovi,BMLmovi:Subject_07,BMLmovi/BMLmovi/Subject_7_F_MoSh/Subject_7_F_16_stageii.npz,val,513,93,83
BMLmovi,BMLmovi:Subject_07,BMLmovi/BMLmovi/Subject_7_F_MoSh/Subject_7_F_17_stageii.npz,val,349,60,50
BMLmovi,BMLmovi:Subject_07,BMLmovi/BMLmovi/Subject_7_F_MoSh/Subject_7_F_18_stageii.npz,val,325,56,46
BMLmovi,BMLmovi:Subject_07,BMLmovi/BMLmovi/Subject_7_F_MoSh/Subject_7_F_19_stageii.npz,val,365,64,54
BMLmovi,BMLmovi:Subject_07,BMLmovi/BMLmovi/Subject_7_F_MoSh/Subject_7_F_1_stageii.npz,val,489,88,78
BMLmovi,BMLmovi:Subject_07,BMLmovi/BMLmovi/Subject_7_F_MoSh/Subject_7_F_20_stageii.npz,val,453,81,71
BMLmovi,BMLmovi:Subject_07,BMLmovi/BMLmovi/Subject_7_F_MoSh/Subject_7_F_21_stageii.npz,val,485,88,78
BMLmovi,BMLmovi:Subject_07,BMLmovi/BMLmovi/Subject_7_F_MoSh/Subject_7_F_2_stageii.npz,val,349,60,50
BMLmovi,BMLmovi:Subject_07,BMLmovi/BMLmovi/Subject_7_F_MoSh/Subject_7_F_3_stageii.npz,val,621,115,105
BMLmovi,BMLmovi:Subject_07,BMLmovi/BMLmovi/Subject_7_F_MoSh/Subject_7_F_4_stageii.npz,val,273,45,35
BMLmovi,BMLmovi:Subject_07,BMLmovi/BMLmovi/Subject_7_F_MoSh/Subject_7_F_5_stageii.npz,val,317,54,44
BMLmovi,BMLmovi:Subject_07,BMLmovi/BMLmovi/Subject_7_F_MoSh/Subject_7_F_6_stageii.npz,val,253,41,31
BMLmovi,BMLmovi:Subject_07,BMLmovi/BMLmovi/Subject_7_F_MoSh/Subject_7_F_7_stageii.npz,val,361,63,53
BMLmovi,BMLmovi:Subject_07,BMLmovi/BMLmovi/Subject_7_F_MoSh/Subject_7_F_8_stageii.npz,val,345,60,50
BMLmovi,BMLmovi:Subject_07,BMLmovi/BMLmovi/Subject_7_F_MoSh/Subject_7_F_9_stageii.npz,val,233,37,27
BMLmovi,BMLmovi:Subject_80,BMLmovi/BMLmovi/Subject_80_F_MoSh/Subject_80_F_10_stageii.npz,train,377,66,56
BMLmovi,BMLmovi:Subject_80,BMLmovi/BMLmovi/Subject_80_F_MoSh/Subject_80_F_11_stageii.npz,train,1089,208,198
BMLmovi,BMLmovi:Subject_80,BMLmovi/BMLmovi/Subject_80_F_MoSh/Subject_80_F_12_stageii.npz,train,505,92,82
BMLmovi,BMLmovi:Subject_80,BMLmovi/BMLmovi/Subject_80_F_MoSh/Subject_80_F_13_stageii.npz,train,573,105,95
BMLmovi,BMLmovi:Subject_80,BMLmovi/BMLmovi/Subject_80_F_MoSh/Subject_80_F_14_stageii.npz,train,333,57,47
BMLmovi,BMLmovi:Subject_80,BMLmovi/BMLmovi/Subject_80_F_MoSh/Subject_80_F_15_stageii.npz,train,445,80,70
BMLmovi,BMLmovi:Subject_80,BMLmovi/BMLmovi/Subject_80_F_MoSh/Subject_80_F_16_stageii.npz,train,457,82,72
BMLmovi,BMLmovi:Subject_80,BMLmovi/BMLmovi/Subject_80_F_MoSh/Subject_80_F_17_stageii.npz,train,469,84,74
BMLmovi,BMLmovi:Subject_80,BMLmovi/BMLmovi/Subject_80_F_MoSh/Subject_80_F_18_stageii.npz,train,961,183,173
BMLmovi,BMLmovi:Subject_80,BMLmovi/BMLmovi/Subject_80_F_MoSh/Subject_80_F_19_stageii.npz,train,397,70,60
BMLmovi,BMLmovi:Subject_80,BMLmovi/BMLmovi/Subject_80_F_MoSh/Subject_80_F_1_stageii.npz,train,1393,269,259
BMLmovi,BMLmovi:Subject_80,BMLmovi/BMLmovi/Subject_80_F_MoSh/Subject_80_F_20_stageii.npz,train,1277,246,236
BMLmovi,BMLmovi:Subject_80,BMLmovi/BMLmovi/Subject_80_F_MoSh/Subject_80_F_21_stageii.npz,train,857,162,152
BMLmovi,BMLmovi:Subject_80,BMLmovi/BMLmovi/Subject_80_F_MoSh/Subject_80_F_2_stageii.npz,train,1949,380,370
BMLmovi,BMLmovi:Subject_80,BMLmovi/BMLmovi/Subject_80_F_MoSh/Subject_80_F_3_stageii.npz,train,425,76,66
BMLmovi,BMLmovi:Subject_80,BMLmovi/BMLmovi/Subject_80_F_MoSh/Subject_80_F_4_stageii.npz,train,917,174,164
BMLmovi,BMLmovi:Subject_80,BMLmovi/BMLmovi/Subject_80_F_MoSh/Subject_80_F_5_stageii.npz,train,429,76,66
BMLmovi,BMLmovi:Subject_80,BMLmovi/BMLmovi/Subject_80_F_MoSh/Subject_80_F_6_stageii.npz,train,445,80,70
BMLmovi,BMLmovi:Subject_80,BMLmovi/BMLmovi/Subject_80_F_MoSh/Subject_80_F_7_stageii.npz,train,805,152,142
BMLmovi,BMLmovi:Subject_80,BMLmovi/BMLmovi/Subject_80_F_MoSh/Subject_80_F_8_stageii.npz,train,653,121,111
BMLmovi,BMLmovi:Subject_80,BMLmovi/BMLmovi/Subject_80_F_MoSh/Subject_80_F_9_stageii.npz,train,457,82,72
BMLmovi,BMLmovi:Subject_81,BMLmovi/BMLmovi/Subject_81_F_MoSh/Subject_81_F_10_stageii.npz,train,781,147,137
BMLmovi,BMLmovi:Subject_81,BMLmovi/BMLmovi/Subject_81_F_MoSh/Subject_81_F_11_stageii.npz,train,1565,304,294
BMLmovi,BMLmovi:Subject_81,BMLmovi/BMLmovi/Subject_81_F_MoSh/Subject_81_F_12_stageii.npz,train,933,177,167
BMLmovi,BMLmovi:Subject_81,BMLmovi/BMLmovi/Subject_81_F_MoSh/Subject_81_F_13_stageii.npz,train,1749,340,330
BMLmovi,BMLmovi:Subject_81,BMLmovi/BMLmovi/Subject_81_F_MoSh/Subject_81_F_14_stageii.npz,train,437,78,68
BMLmovi,BMLmovi:Subject_81,BMLmovi/BMLmovi/Subject_81_F_MoSh/Subject_81_F_15_stageii.npz,train,465,84,74
BMLmovi,BMLmovi:Subject_81,BMLmovi/BMLmovi/Subject_81_F_MoSh/Subject_81_F_16_stageii.npz,train,437,78,68
BMLmovi,BMLmovi:Subject_81,BMLmovi/BMLmovi/Subject_81_F_MoSh/Subject_81_F_17_stageii.npz,train,381,67,57
BMLmovi,BMLmovi:Subject_81,BMLmovi/BMLmovi/Subject_81_F_MoSh/Subject_81_F_18_stageii.npz,train,521,95,85
BMLmovi,BMLmovi:Subject_81,BMLmovi/BMLmovi/Subject_81_F_MoSh/Subject_81_F_19_stageii.npz,train,1137,218,208
BMLmovi,BMLmovi:Subject_81,BMLmovi/BMLmovi/Subject_81_F_MoSh/Subject_81_F_1_stageii.npz,train,433,77,67
BMLmovi,BMLmovi:Subject_81,BMLmovi/BMLmovi/Subject_81_F_MoSh/Subject_81_F_20_stageii.npz,train,773,145,135
BMLmovi,BMLmovi:Subject_81,BMLmovi/BMLmovi/Subject_81_F_MoSh/Subject_81_F_21_stageii.npz,train,561,103,93
BMLmovi,BMLmovi:Subject_81,BMLmovi/BMLmovi/Subject_81_F_MoSh/Subject_81_F_2_stageii.npz,train,321,55,45
BMLmovi,BMLmovi:Subject_81,BMLmovi/BMLmovi/Subject_81_F_MoSh/Subject_81_F_3_stageii.npz,train,801,151,141
BMLmovi,BMLmovi:Subject_81,BMLmovi/BMLmovi/Subject_81_F_MoSh/Subject_81_F_4_stageii.npz,train,489,88,78
BMLmovi,BMLmovi:Subject_81,BMLmovi/BMLmovi/Subject_81_F_MoSh/Subject_81_F_5_stageii.npz,train,477,86,76
BMLmovi,BMLmovi:Subject_81,BMLmovi/BMLmovi/Subject_81_F_MoSh/Subject_81_F_6_stageii.npz,train,945,180,170
BMLmovi,BMLmovi:Subject_81,BMLmovi/BMLmovi/Subject_81_F_MoSh/Subject_81_F_7_stageii.npz,train,457,82,72
BMLmovi,BMLmovi:Subject_81,BMLmovi/BMLmovi/Subject_81_F_MoSh/Subject_81_F_8_stageii.npz,train,441,79,69
BMLmovi,BMLmovi:Subject_81,BMLmovi/BMLmovi/Subject_81_F_MoSh/Subject_81_F_9_stageii.npz,train,373,65,55
BMLmovi,BMLmovi:Subject_82,BMLmovi/BMLmovi/Subject_82_F_MoSh/Subject_82_F_10_stageii.npz,train,713,133,123
BMLmovi,BMLmovi:Subject_82,BMLmovi/BMLmovi/Subject_82_F_MoSh/Subject_82_F_11_stageii.npz,train,453,81,71
BMLmovi,BMLmovi:Subject_82,BMLmovi/BMLmovi/Subject_82_F_MoSh/Subject_82_F_12_stageii.npz,train,1277,246,236
BMLmovi,BMLmovi:Subject_82,BMLmovi/BMLmovi/Subject_82_F_MoSh/Subject_82_F_13_stageii.npz,train,461,83,73
BMLmovi,BMLmovi:Subject_82,BMLmovi/BMLmovi/Subject_82_F_MoSh/Subject_82_F_14_stageii.npz,train,501,91,81
BMLmovi,BMLmovi:Subject_82,BMLmovi/BMLmovi/Subject_82_F_MoSh/Subject_82_F_15_stageii.npz,train,405,72,62
BMLmovi,BMLmovi:Subject_82,BMLmovi/BMLmovi/Subject_82_F_MoSh/Subject_82_F_16_stageii.npz,train,1089,208,198
BMLmovi,BMLmovi:Subject_82,BMLmovi/BMLmovi/Subject_82_F_MoSh/Subject_82_F_17_stageii.npz,train,1029,196,186
BMLmovi,BMLmovi:Subject_82,BMLmovi/BMLmovi/Subject_82_F_MoSh/Subject_82_F_18_stageii.npz,train,1293,249,239
BMLmovi,BMLmovi:Subject_82,BMLmovi/BMLmovi/Subject_82_F_MoSh/Subject_82_F_19_stageii.npz,train,417,74,64
BMLmovi,BMLmovi:Subject_82,BMLmovi/BMLmovi/Subject_82_F_MoSh/Subject_82_F_1_stageii.npz,train,557,102,92
BMLmovi,BMLmovi:Subject_82,BMLmovi/BMLmovi/Subject_82_F_MoSh/Subject_82_F_20_stageii.npz,train,445,80,70
BMLmovi,BMLmovi:Subject_82,BMLmovi/BMLmovi/Subject_82_F_MoSh/Subject_82_F_21_stageii.npz,train,509,92,82
BMLmovi,BMLmovi:Subject_82,BMLmovi/BMLmovi/Subject_82_F_MoSh/Subject_82_F_2_stageii.npz,train,549,100,90
BMLmovi,BMLmovi:Subject_82,BMLmovi/BMLmovi/Subject_82_F_MoSh/Subject_82_F_3_stageii.npz,train,481,87,77
BMLmovi,BMLmovi:Subject_82,BMLmovi/BMLmovi/Subject_82_F_MoSh/Subject_82_F_4_stageii.npz,train,1473,285,275
BMLmovi,BMLmovi:Subject_82,BMLmovi/BMLmovi/Subject_82_F_MoSh/Subject_82_F_5_stageii.npz,train,513,93,83
BMLmovi,BMLmovi:Subject_82,BMLmovi/BMLmovi/Subject_82_F_MoSh/Subject_82_F_6_stageii.npz,train,525,96,86
BMLmovi,BMLmovi:Subject_82,BMLmovi/BMLmovi/Subject_82_F_MoSh/Subject_82_F_7_stageii.npz,train,837,158,148
BMLmovi,BMLmovi:Subject_82,BMLmovi/BMLmovi/Subject_82_F_MoSh/Subject_82_F_8_stageii.npz,train,677,126,116
BMLmovi,BMLmovi:Subject_82,BMLmovi/BMLmovi/Subject_82_F_MoSh/Subject_82_F_9_stageii.npz,train,489,88,78
BMLmovi,BMLmovi:Subject_83,BMLmovi/BMLmovi/Subject_83_F_MoSh/Subject_83_F_10_stageii.npz,val,877,166,156
BMLmovi,BMLmovi:Subject_83,BMLmovi/BMLmovi/Subject_83_F_MoSh/Subject_83_F_11_stageii.npz,val,745,140,130
BMLmovi,BMLmovi:Subject_83,BMLmovi/BMLmovi/Subject_83_F_MoSh/Subject_83_F_12_stageii.npz,val,593,109,99
BMLmovi,BMLmovi:Subject_83,BMLmovi/BMLmovi/Subject_83_F_MoSh/Subject_83_F_13_stageii.npz,val,433,77,67
BMLmovi,BMLmovi:Subject_83,BMLmovi/BMLmovi/Subject_83_F_MoSh/Subject_83_F_14_stageii.npz,val,657,122,112
BMLmovi,BMLmovi:Subject_83,BMLmovi/BMLmovi/Subject_83_F_MoSh/Subject_83_F_15_stageii.npz,val,393,69,59
BMLmovi,BMLmovi:Subject_83,BMLmovi/BMLmovi/Subject_83_F_MoSh/Subject_83_F_16_stageii.npz,val,393,69,59
BMLmovi,BMLmovi:Subject_83,BMLmovi/BMLmovi/Subject_83_F_MoSh/Subject_83_F_17_stageii.npz,val,353,61,51
BMLmovi,BMLmovi:Subject_83,BMLmovi/BMLmovi/Subject_83_F_MoSh/Subject_83_F_18_stageii.npz,val,361,63,53
BMLmovi,BMLmovi:Subject_83,BMLmovi/BMLmovi/Subject_83_F_MoSh/Subject_83_F_19_stageii.npz,val,645,120,110
BMLmovi,BMLmovi:Subject_83,BMLmovi/BMLmovi/Subject_83_F_MoSh/Subject_83_F_1_stageii.npz,val,369,64,54
BMLmovi,BMLmovi:Subject_83,BMLmovi/BMLmovi/Subject_83_F_MoSh/Subject_83_F_20_stageii.npz,val,1105,212,202
BMLmovi,BMLmovi:Subject_83,BMLmovi/BMLmovi/Subject_83_F_MoSh/Subject_83_F_21_stageii.npz,val,457,82,72
BMLmovi,BMLmovi:Subject_83,BMLmovi/BMLmovi/Subject_83_F_MoSh/Subject_83_F_2_stageii.npz,val,1277,246,236
BMLmovi,BMLmovi:Subject_83,BMLmovi/BMLmovi/Subject_83_F_MoSh/Subject_83_F_3_stageii.npz,val,525,96,86
BMLmovi,BMLmovi:Subject_83,BMLmovi/BMLmovi/Subject_83_F_MoSh/Subject_83_F_4_stageii.npz,val,613,113,103
BMLmovi,BMLmovi:Subject_83,BMLmovi/BMLmovi/Subject_83_F_MoSh/Subject_83_F_5_stageii.npz,val,373,65,55
BMLmovi,BMLmovi:Subject_83,BMLmovi/BMLmovi/Subject_83_F_MoSh/Subject_83_F_6_stageii.npz,val,813,153,143
BMLmovi,BMLmovi:Subject_83,BMLmovi/BMLmovi/Subject_83_F_MoSh/Subject_83_F_7_stageii.npz,val,329,56,46
BMLmovi,BMLmovi:Subject_83,BMLmovi/BMLmovi/Subject_83_F_MoSh/Subject_83_F_8_stageii.npz,val,441,79,69
BMLmovi,BMLmovi:Subject_83,BMLmovi/BMLmovi/Subject_83_F_MoSh/Subject_83_F_9_stageii.npz,val,781,147,137
BMLmovi,BMLmovi:Subject_84,BMLmovi/BMLmovi/Subject_84_F_MoSh/Subject_84_F_10_stageii.npz,train,489,88,78
BMLmovi,BMLmovi:Subject_84,BMLmovi/BMLmovi/Subject_84_F_MoSh/Subject_84_F_11_stageii.npz,train,485,88,78
BMLmovi,BMLmovi:Subject_84,BMLmovi/BMLmovi/Subject_84_F_MoSh/Subject_84_F_12_stageii.npz,train,561,103,93
BMLmovi,BMLmovi:Subject_84,BMLmovi/BMLmovi/Subject_84_F_MoSh/Subject_84_F_13_stageii.npz,train,957,182,172
BMLmovi,BMLmovi:Subject_84,BMLmovi/BMLmovi/Subject_84_F_MoSh/Subject_84_F_14_stageii.npz,train,641,119,109
BMLmovi,BMLmovi:Subject_84,BMLmovi/BMLmovi/Subject_84_F_MoSh/Subject_84_F_15_stageii.npz,train,457,82,72
BMLmovi,BMLmovi:Subject_84,BMLmovi/BMLmovi/Subject_84_F_MoSh/Subject_84_F_16_stageii.npz,train,973,185,175
BMLmovi,BMLmovi:Subject_84,BMLmovi/BMLmovi/Subject_84_F_MoSh/Subject_84_F_17_stageii.npz,train,609,112,102
BMLmovi,BMLmovi:Subject_84,BMLmovi/BMLmovi/Subject_84_F_MoSh/Subject_84_F_18_stageii.npz,train,1425,276,266
BMLmovi,BMLmovi:Subject_84,BMLmovi/BMLmovi/Subject_84_F_MoSh/Subject_84_F_19_stageii.npz,train,405,72,62
BMLmovi,BMLmovi:Subject_84,BMLmovi/BMLmovi/Subject_84_F_MoSh/Subject_84_F_1_stageii.npz,train,953,181,171
BMLmovi,BMLmovi:Subject_84,BMLmovi/BMLmovi/Subject_84_F_MoSh/Subject_84_F_20_stageii.npz,train,601,111,101
BMLmovi,BMLmovi:Subject_84,BMLmovi/BMLmovi/Subject_84_F_MoSh/Subject_84_F_21_stageii.npz,train,929,176,166
BMLmovi,BMLmovi:Subject_84,BMLmovi/BMLmovi/Subject_84_F_MoSh/Subject_84_F_2_stageii.npz,train,469,84,74
BMLmovi,BMLmovi:Subject_84,BMLmovi/BMLmovi/Subject_84_F_MoSh/Subject_84_F_3_stageii.npz,train,633,117,107
BMLmovi,BMLmovi:Subject_84,BMLmovi/BMLmovi/Subject_84_F_MoSh/Subject_84_F_4_stageii.npz,train,517,94,84
BMLmovi,BMLmovi:Subject_84,BMLmovi/BMLmovi/Subject_84_F_MoSh/Subject_84_F_5_stageii.npz,train,1053,201,191
BMLmovi,BMLmovi:Subject_84,BMLmovi/BMLmovi/Subject_84_F_MoSh/Subject_84_F_6_stageii.npz,train,601,111,101
BMLmovi,BMLmovi:Subject_84,BMLmovi/BMLmovi/Subject_84_F_MoSh/Subject_84_F_7_stageii.npz,train,309,52,42
BMLmovi,BMLmovi:Subject_84,BMLmovi/BMLmovi/Subject_84_F_MoSh/Subject_84_F_8_stageii.npz,train,977,186,176
BMLmovi,BMLmovi:Subject_84,BMLmovi/BMLmovi/Subject_84_F_MoSh/Subject_84_F_9_stageii.npz,train,409,72,62
BMLmovi,BMLmovi:Subject_85,BMLmovi/BMLmovi/Subject_85_F_MoSh/Subject_85_F_10_stageii.npz,train,525,96,86
BMLmovi,BMLmovi:Subject_85,BMLmovi/BMLmovi/Subject_85_F_MoSh/Subject_85_F_11_stageii.npz,train,529,96,86
BMLmovi,BMLmovi:Subject_85,BMLmovi/BMLmovi/Subject_85_F_MoSh/Subject_85_F_12_stageii.npz,train,797,150,140
BMLmovi,BMLmovi:Subject_85,BMLmovi/BMLmovi/Subject_85_F_MoSh/Subject_85_F_13_stageii.npz,train,1277,246,236
BMLmovi,BMLmovi:Subject_85,BMLmovi/BMLmovi/Subject_85_F_MoSh/Subject_85_F_14_stageii.npz,train,1329,256,246
BMLmovi,BMLmovi:Subject_85,BMLmovi/BMLmovi/Subject_85_F_MoSh/Subject_85_F_15_stageii.npz,train,429,76,66
BMLmovi,BMLmovi:Subject_85,BMLmovi/BMLmovi/Subject_85_F_MoSh/Subject_85_F_16_stageii.npz,train,665,124,114
BMLmovi,BMLmovi:Subject_85,BMLmovi/BMLmovi/Subject_85_F_MoSh/Subject_85_F_17_stageii.npz,train,1865,364,354
BMLmovi,BMLmovi:Subject_85,BMLmovi/BMLmovi/Subject_85_F_MoSh/Subject_85_F_18_stageii.npz,train,733,137,127
BMLmovi,BMLmovi:Subject_85,BMLmovi/BMLmovi/Subject_85_F_MoSh/Subject_85_F_19_stageii.npz,train,845,160,150
BMLmovi,BMLmovi:Subject_85,BMLmovi/BMLmovi/Subject_85_F_MoSh/Subject_85_F_1_stageii.npz,train,545,100,90
BMLmovi,BMLmovi:Subject_85,BMLmovi/BMLmovi/Subject_85_F_MoSh/Subject_85_F_20_stageii.npz,train,361,63,53
BMLmovi,BMLmovi:Subject_85,BMLmovi/BMLmovi/Subject_85_F_MoSh/Subject_85_F_21_stageii.npz,train,957,182,172
BMLmovi,BMLmovi:Subject_85,BMLmovi/BMLmovi/Subject_85_F_MoSh/Subject_85_F_2_stageii.npz,train,1257,242,232
BMLmovi,BMLmovi:Subject_85,BMLmovi/BMLmovi/Subject_85_F_MoSh/Subject_85_F_3_stageii.npz,train,433,77,67
BMLmovi,BMLmovi:Subject_85,BMLmovi/BMLmovi/Subject_85_F_MoSh/Subject_85_F_4_stageii.npz,train,833,157,147
BMLmovi,BMLmovi:Subject_85,BMLmovi/BMLmovi/Subject_85_F_MoSh/Subject_85_F_5_stageii.npz,train,409,72,62
BMLmovi,BMLmovi:Subject_85,BMLmovi/BMLmovi/Subject_85_F_MoSh/Subject_85_F_6_stageii.npz,train,637,118,108
BMLmovi,BMLmovi:Subject_85,BMLmovi/BMLmovi/Subject_85_F_MoSh/Subject_85_F_7_stageii.npz,train,437,78,68
BMLmovi,BMLmovi:Subject_85,BMLmovi/BMLmovi/Subject_85_F_MoSh/Subject_85_F_8_stageii.npz,train,465,84,74
BMLmovi,BMLmovi:Subject_85,BMLmovi/BMLmovi/Subject_85_F_MoSh/Subject_85_F_9_stageii.npz,train,489,88,78
BMLmovi,BMLmovi:Subject_86,BMLmovi/BMLmovi/Subject_86_F_MoSh/Subject_86_F_10_stageii.npz,train,509,92,82
BMLmovi,BMLmovi:Subject_86,BMLmovi/BMLmovi/Subject_86_F_MoSh/Subject_86_F_11_stageii.npz,train,1169,224,214
BMLmovi,BMLmovi:Subject_86,BMLmovi/BMLmovi/Subject_86_F_MoSh/Subject_86_F_12_stageii.npz,train,1017,194,184
BMLmovi,BMLmovi:Subject_86,BMLmovi/BMLmovi/Subject_86_F_MoSh/Subject_86_F_13_stageii.npz,train,433,77,67
BMLmovi,BMLmovi:Subject_86,BMLmovi/BMLmovi/Subject_86_F_MoSh/Subject_86_F_14_stageii.npz,train,829,156,146
BMLmovi,BMLmovi:Subject_86,BMLmovi/BMLmovi/Subject_86_F_MoSh/Subject_86_F_15_stageii.npz,train,461,83,73
BMLmovi,BMLmovi:Subject_86,BMLmovi/BMLmovi/Subject_86_F_MoSh/Subject_86_F_16_stageii.npz,train,521,95,85
BMLmovi,BMLmovi:Subject_86,BMLmovi/BMLmovi/Subject_86_F_MoSh/Subject_86_F_17_stageii.npz,train,477,86,76
BMLmovi,BMLmovi:Subject_86,BMLmovi/BMLmovi/Subject_86_F_MoSh/Subject_86_F_18_stageii.npz,train,473,85,75
BMLmovi,BMLmovi:Subject_86,BMLmovi/BMLmovi/Subject_86_F_MoSh/Subject_86_F_19_stageii.npz,train,805,152,142
BMLmovi,BMLmovi:Subject_86,BMLmovi/BMLmovi/Subject_86_F_MoSh/Subject_86_F_1_stageii.npz,train,361,63,53
BMLmovi,BMLmovi:Subject_86,BMLmovi/BMLmovi/Subject_86_F_MoSh/Subject_86_F_20_stageii.npz,train,817,154,144
BMLmovi,BMLmovi:Subject_86,BMLmovi/BMLmovi/Subject_86_F_MoSh/Subject_86_F_21_stageii.npz,train,433,77,67
BMLmovi,BMLmovi:Subject_86,BMLmovi/BMLmovi/Subject_86_F_MoSh/Subject_86_F_2_stageii.npz,train,485,88,78
BMLmovi,BMLmovi:Subject_86,BMLmovi/BMLmovi/Subject_86_F_MoSh/Subject_86_F_3_stageii.npz,train,1241,239,229
BMLmovi,BMLmovi:Subject_86,BMLmovi/BMLmovi/Subject_86_F_MoSh/Subject_86_F_4_stageii.npz,train,433,77,67
BMLmovi,BMLmovi:Subject_86,BMLmovi/BMLmovi/Subject_86_F_MoSh/Subject_86_F_5_stageii.npz,train,661,123,113
BMLmovi,BMLmovi:Subject_86,BMLmovi/BMLmovi/Subject_86_F_MoSh/Subject_86_F_6_stageii.npz,train,925,176,166
BMLmovi,BMLmovi:Subject_86,BMLmovi/BMLmovi/Subject_86_F_MoSh/Subject_86_F_7_stageii.npz,train,449,80,70
BMLmovi,BMLmovi:Subject_86,BMLmovi/BMLmovi/Subject_86_F_MoSh/Subject_86_F_8_stageii.npz,train,473,85,75
BMLmovi,BMLmovi:Subject_86,BMLmovi/BMLmovi/Subject_86_F_MoSh/Subject_86_F_9_stageii.npz,train,377,66,56
BMLmovi,BMLmovi:Subject_87,BMLmovi/BMLmovi/Subject_87_F_MoSh/Subject_87_F_10_stageii.npz,train,1013,193,183
BMLmovi,BMLmovi:Subject_87,BMLmovi/BMLmovi/Subject_87_F_MoSh/Subject_87_F_11_stageii.npz,train,509,92,82
BMLmovi,BMLmovi:Subject_87,BMLmovi/BMLmovi/Subject_87_F_MoSh/Subject_87_F_12_stageii.npz,train,469,84,74
BMLmovi,BMLmovi:Subject_87,BMLmovi/BMLmovi/Subject_87_F_MoSh/Subject_87_F_13_stageii.npz,train,437,78,68
BMLmovi,BMLmovi:Subject_87,BMLmovi/BMLmovi/Subject_87_F_MoSh/Subject_87_F_14_stageii.npz,train,877,166,156
BMLmovi,BMLmovi:Subject_87,BMLmovi/BMLmovi/Subject_87_F_MoSh/Subject_87_F_15_stageii.npz,train,769,144,134
BMLmovi,BMLmovi:Subject_87,BMLmovi/BMLmovi/Subject_87_F_MoSh/Subject_87_F_16_stageii.npz,train,465,84,74
BMLmovi,BMLmovi:Subject_87,BMLmovi/BMLmovi/Subject_87_F_MoSh/Subject_87_F_17_stageii.npz,train,933,177,167
BMLmovi,BMLmovi:Subject_87,BMLmovi/BMLmovi/Subject_87_F_MoSh/Subject_87_F_18_stageii.npz,train,457,82,72
BMLmovi,BMLmovi:Subject_87,BMLmovi/BMLmovi/Subject_87_F_MoSh/Subject_87_F_19_stageii.npz,train,413,73,63
BMLmovi,BMLmovi:Subject_87,BMLmovi/BMLmovi/Subject_87_F_MoSh/Subject_87_F_1_stageii.npz,train,533,97,87
BMLmovi,BMLmovi:Subject_87,BMLmovi/BMLmovi/Subject_87_F_MoSh/Subject_87_F_20_stageii.npz,train,1129,216,206
BMLmovi,BMLmovi:Subject_87,BMLmovi/BMLmovi/Subject_87_F_MoSh/Subject_87_F_21_stageii.npz,train,661,123,113
BMLmovi,BMLmovi:Subject_87,BMLmovi/BMLmovi/Subject_87_F_MoSh/Subject_87_F_2_stageii.npz,train,1093,209,199
BMLmovi,BMLmovi:Subject_87,BMLmovi/BMLmovi/Subject_87_F_MoSh/Subject_87_F_3_stageii.npz,train,889,168,158
BMLmovi,BMLmovi:Subject_87,BMLmovi/BMLmovi/Subject_87_F_MoSh/Subject_87_F_4_stageii.npz,train,417,74,64
BMLmovi,BMLmovi:Subject_87,BMLmovi/BMLmovi/Subject_87_F_MoSh/Subject_87_F_5_stageii.npz,train,433,77,67
BMLmovi,BMLmovi:Subject_87,BMLmovi/BMLmovi/Subject_87_F_MoSh/Subject_87_F_6_stageii.npz,train,377,66,56
BMLmovi,BMLmovi:Subject_87,BMLmovi/BMLmovi/Subject_87_F_MoSh/Subject_87_F_7_stageii.npz,train,465,84,74
BMLmovi,BMLmovi:Subject_87,BMLmovi/BMLmovi/Subject_87_F_MoSh/Subject_87_F_8_stageii.npz,train,385,68,58
BMLmovi,BMLmovi:Subject_87,BMLmovi/BMLmovi/Subject_87_F_MoSh/Subject_87_F_9_stageii.npz,train,353,61,51
BMLmovi,BMLmovi:Subject_88,BMLmovi/BMLmovi/Subject_88_F_MoSh/Subject_88_F_10_stageii.npz,val,665,124,114
BMLmovi,BMLmovi:Subject_88,BMLmovi/BMLmovi/Subject_88_F_MoSh/Subject_88_F_11_stageii.npz,val,813,153,143
BMLmovi,BMLmovi:Subject_88,BMLmovi/BMLmovi/Subject_88_F_MoSh/Subject_88_F_12_stageii.npz,val,461,83,73
BMLmovi,BMLmovi:Subject_88,BMLmovi/BMLmovi/Subject_88_F_MoSh/Subject_88_F_13_stageii.npz,val,761,143,133
BMLmovi,BMLmovi:Subject_88,BMLmovi/BMLmovi/Subject_88_F_MoSh/Subject_88_F_14_stageii.npz,val,421,75,65
BMLmovi,BMLmovi:Subject_88,BMLmovi/BMLmovi/Subject_88_F_MoSh/Subject_88_F_15_stageii.npz,val,317,54,44
BMLmovi,BMLmovi:Subject_88,BMLmovi/BMLmovi/Subject_88_F_MoSh/Subject_88_F_16_stageii.npz,val,545,100,90
BMLmovi,BMLmovi:Subject_88,BMLmovi/BMLmovi/Subject_88_F_MoSh/Subject_88_F_17_stageii.npz,val,417,74,64
BMLmovi,BMLmovi:Subject_88,BMLmovi/BMLmovi/Subject_88_F_MoSh/Subject_88_F_18_stageii.npz,val,489,88,78
BMLmovi,BMLmovi:Subject_88,BMLmovi/BMLmovi/Subject_88_F_MoSh/Subject_88_F_19_stageii.npz,val,1033,197,187
BMLmovi,BMLmovi:Subject_88,BMLmovi/BMLmovi/Subject_88_F_MoSh/Subject_88_F_1_stageii.npz,val,629,116,106
BMLmovi,BMLmovi:Subject_88,BMLmovi/BMLmovi/Subject_88_F_MoSh/Subject_88_F_20_stageii.npz,val,533,97,87
BMLmovi,BMLmovi:Subject_88,BMLmovi/BMLmovi/Subject_88_F_MoSh/Subject_88_F_21_stageii.npz,val,505,92,82
BMLmovi,BMLmovi:Subject_88,BMLmovi/BMLmovi/Subject_88_F_MoSh/Subject_88_F_2_stageii.npz,val,717,134,124
BMLmovi,BMLmovi:Subject_88,BMLmovi/BMLmovi/Subject_88_F_MoSh/Subject_88_F_3_stageii.npz,val,1349,260,250
BMLmovi,BMLmovi:Subject_88,BMLmovi/BMLmovi/Subject_88_F_MoSh/Subject_88_F_4_stageii.npz,val,697,130,120
BMLmovi,BMLmovi:Subject_88,BMLmovi/BMLmovi/Subject_88_F_MoSh/Subject_88_F_5_stageii.npz,val,421,75,65
BMLmovi,BMLmovi:Subject_88,BMLmovi/BMLmovi/Subject_88_F_MoSh/Subject_88_F_6_stageii.npz,val,509,92,82
BMLmovi,BMLmovi:Subject_88,BMLmovi/BMLmovi/Subject_88_F_MoSh/Subject_88_F_7_stageii.npz,val,381,67,57
BMLmovi,BMLmovi:Subject_88,BMLmovi/BMLmovi/Subject_88_F_MoSh/Subject_88_F_8_stageii.npz,val,525,96,86
BMLmovi,BMLmovi:Subject_88,BMLmovi/BMLmovi/Subject_88_F_MoSh/Subject_88_F_9_stageii.npz,val,457,82,72
BMLmovi,BMLmovi:Subject_89,BMLmovi/BMLmovi/Subject_89_F_MoSh/Subject_89_F_10_stageii.npz,train,413,73,63
BMLmovi,BMLmovi:Subject_89,BMLmovi/BMLmovi/Subject_89_F_MoSh/Subject_89_F_11_stageii.npz,train,393,69,59
BMLmovi,BMLmovi:Subject_89,BMLmovi/BMLmovi/Subject_89_F_MoSh/Subject_89_F_12_stageii.npz,train,1109,212,202
BMLmovi,BMLmovi:Subject_89,BMLmovi/BMLmovi/Subject_89_F_MoSh/Subject_89_F_13_stageii.npz,train,489,88,78
BMLmovi,BMLmovi:Subject_89,BMLmovi/BMLmovi/Subject_89_F_MoSh/Subject_89_F_14_stageii.npz,train,321,55,45
BMLmovi,BMLmovi:Subject_89,BMLmovi/BMLmovi/Subject_89_F_MoSh/Subject_89_F_15_stageii.npz,train,1237,238,228
BMLmovi,BMLmovi:Subject_89,BMLmovi/BMLmovi/Subject_89_F_MoSh/Subject_89_F_16_stageii.npz,train,981,187,177
BMLmovi,BMLmovi:Subject_89,BMLmovi/BMLmovi/Subject_89_F_MoSh/Subject_89_F_17_stageii.npz,train,385,68,58
BMLmovi,BMLmovi:Subject_89,BMLmovi/BMLmovi/Subject_89_F_MoSh/Subject_89_F_18_stageii.npz,train,485,88,78
BMLmovi,BMLmovi:Subject_89,BMLmovi/BMLmovi/Subject_89_F_MoSh/Subject_89_F_19_stageii.npz,train,505,92,82
BMLmovi,BMLmovi:Subject_89,BMLmovi/BMLmovi/Subject_89_F_MoSh/Subject_89_F_1_stageii.npz,train,2465,484,474
BMLmovi,BMLmovi:Subject_89,BMLmovi/BMLmovi/Subject_89_F_MoSh/Subject_89_F_20_stageii.npz,train,405,72,62
BMLmovi,BMLmovi:Subject_89,BMLmovi/BMLmovi/Subject_89_F_MoSh/Subject_89_F_21_stageii.npz,train,1465,284,274
BMLmovi,BMLmovi:Subject_89,BMLmovi/BMLmovi/Subject_89_F_MoSh/Subject_89_F_2_stageii.npz,train,741,139,129
BMLmovi,BMLmovi:Subject_89,BMLmovi/BMLmovi/Subject_89_F_MoSh/Subject_89_F_3_stageii.npz,train,929,176,166
BMLmovi,BMLmovi:Subject_89,BMLmovi/BMLmovi/Subject_89_F_MoSh/Subject_89_F_4_stageii.npz,train,465,84,74
BMLmovi,BMLmovi:Subject_89,BMLmovi/BMLmovi/Subject_89_F_MoSh/Subject_89_F_5_stageii.npz,train,517,94,84
BMLmovi,BMLmovi:Subject_89,BMLmovi/BMLmovi/Subject_89_F_MoSh/Subject_89_F_6_stageii.npz,train,785,148,138
BMLmovi,BMLmovi:Subject_89,BMLmovi/BMLmovi/Subject_89_F_MoSh/Subject_89_F_7_stageii.npz,train,465,84,74
BMLmovi,BMLmovi:Subject_89,BMLmovi/BMLmovi/Subject_89_F_MoSh/Subject_89_F_8_stageii.npz,train,1153,221,211
BMLmovi,BMLmovi:Subject_89,BMLmovi/BMLmovi/Subject_89_F_MoSh/Subject_89_F_9_stageii.npz,train,313,53,43
BMLmovi,BMLmovi:Subject_08,BMLmovi/BMLmovi/Subject_8_F_MoSh/Subject_8_F_10_stageii.npz,train,909,172,162
BMLmovi,BMLmovi:Subject_08,BMLmovi/BMLmovi/Subject_8_F_MoSh/Subject_8_F_11_stageii.npz,train,421,75,65
BMLmovi,BMLmovi:Subject_08,BMLmovi/BMLmovi/Subject_8_F_MoSh/Subject_8_F_12_stageii.npz,train,941,179,169
BMLmovi,BMLmovi:Subject_08,BMLmovi/BMLmovi/Subject_8_F_MoSh/Subject_8_F_13_stageii.npz,train,281,47,37
BMLmovi,BMLmovi:Subject_08,BMLmovi/BMLmovi/Subject_8_F_MoSh/Subject_8_F_14_stageii.npz,train,341,59,49
BMLmovi,BMLmovi:Subject_08,BMLmovi/BMLmovi/Subject_8_F_MoSh/Subject_8_F_15_stageii.npz,train,473,85,75
BMLmovi,BMLmovi:Subject_08,BMLmovi/BMLmovi/Subject_8_F_MoSh/Subject_8_F_16_stageii.npz,train,425,76,66
BMLmovi,BMLmovi:Subject_08,BMLmovi/BMLmovi/Subject_8_F_MoSh/Subject_8_F_17_stageii.npz,train,429,76,66
BMLmovi,BMLmovi:Subject_08,BMLmovi/BMLmovi/Subject_8_F_MoSh/Subject_8_F_18_stageii.npz,train,309,52,42
BMLmovi,BMLmovi:Subject_08,BMLmovi/BMLmovi/Subject_8_F_MoSh/Subject_8_F_19_stageii.npz,train,573,105,95
BMLmovi,BMLmovi:Subject_08,BMLmovi/BMLmovi/Subject_8_F_MoSh/Subject_8_F_1_stageii.npz,train,497,90,80
BMLmovi,BMLmovi:Subject_08,BMLmovi/BMLmovi/Subject_8_F_MoSh/Subject_8_F_20_stageii.npz,train,305,52,42
BMLmovi,BMLmovi:Subject_08,BMLmovi/BMLmovi/Subject_8_F_MoSh/Subject_8_F_2_stageii.npz,train,405,72,62
BMLmovi,BMLmovi:Subject_08,BMLmovi/BMLmovi/Subject_8_F_MoSh/Subject_8_F_3_stageii.npz,train,273,45,35
BMLmovi,BMLmovi:Subject_08,BMLmovi/BMLmovi/Subject_8_F_MoSh/Subject_8_F_4_stageii.npz,train,469,84,74
BMLmovi,BMLmovi:Subject_08,BMLmovi/BMLmovi/Subject_8_F_MoSh/Subject_8_F_5_stageii.npz,train,341,59,49
BMLmovi,BMLmovi:Subject_08,BMLmovi/BMLmovi/Subject_8_F_MoSh/Subject_8_F_6_stageii.npz,train,1429,276,266
BMLmovi,BMLmovi:Subject_08,BMLmovi/BMLmovi/Subject_8_F_MoSh/Subject_8_F_7_stageii.npz,train,525,96,86
BMLmovi,BMLmovi:Subject_08,BMLmovi/BMLmovi/Subject_8_F_MoSh/Subject_8_F_8_stageii.npz,train,529,96,86
BMLmovi,BMLmovi:Subject_08,BMLmovi/BMLmovi/Subject_8_F_MoSh/Subject_8_F_9_stageii.npz,train,525,96,86
BMLmovi,BMLmovi:Subject_90,BMLmovi/BMLmovi/Subject_90_F_MoSh/Subject_90_F_10_stageii.npz,train,625,116,106
BMLmovi,BMLmovi:Subject_90,BMLmovi/BMLmovi/Subject_90_F_MoSh/Subject_90_F_11_stageii.npz,train,433,77,67
BMLmovi,BMLmovi:Subject_90,BMLmovi/BMLmovi/Subject_90_F_MoSh/Subject_90_F_12_stageii.npz,train,321,55,45
BMLmovi,BMLmovi:Subject_90,BMLmovi/BMLmovi/Subject_90_F_MoSh/Subject_90_F_13_stageii.npz,train,609,112,102
BMLmovi,BMLmovi:Subject_90,BMLmovi/BMLmovi/Subject_90_F_MoSh/Subject_90_F_14_stageii.npz,train,1225,236,226
BMLmovi,BMLmovi:Subject_90,BMLmovi/BMLmovi/Subject_90_F_MoSh/Subject_90_F_15_stageii.npz,train,949,180,170
BMLmovi,BMLmovi:Subject_90,BMLmovi/BMLmovi/Subject_90_F_MoSh/Subject_90_F_16_stageii.npz,train,669,124,114
BMLmovi,BMLmovi:Subject_90,BMLmovi/BMLmovi/Subject_90_F_MoSh/Subject_90_F_17_stageii.npz,train,1009,192,182
BMLmovi,BMLmovi:Subject_90,BMLmovi/BMLmovi/Subject_90_F_MoSh/Subject_90_F_18_stageii.npz,train,401,71,61
BMLmovi,BMLmovi:Subject_90,BMLmovi/BMLmovi/Subject_90_F_MoSh/Subject_90_F_19_stageii.npz,train,825,156,146
BMLmovi,BMLmovi:Subject_90,BMLmovi/BMLmovi/Subject_90_F_MoSh/Subject_90_F_1_stageii.npz,train,1797,350,340
BMLmovi,BMLmovi:Subject_90,BMLmovi/BMLmovi/Subject_90_F_MoSh/Subject_90_F_20_stageii.npz,train,721,135,125
BMLmovi,BMLmovi:Subject_90,BMLmovi/BMLmovi/Subject_90_F_MoSh/Subject_90_F_21_stageii.npz,train,593,109,99
BMLmovi,BMLmovi:Subject_90,BMLmovi/BMLmovi/Subject_90_F_MoSh/Subject_90_F_2_stageii.npz,train,413,73,63
BMLmovi,BMLmovi:Subject_90,BMLmovi/BMLmovi/Subject_90_F_MoSh/Subject_90_F_3_stageii.npz,train,669,124,114
BMLmovi,BMLmovi:Subject_90,BMLmovi/BMLmovi/Subject_90_F_MoSh/Subject_90_F_4_stageii.npz,train,657,122,112
BMLmovi,BMLmovi:Subject_90,BMLmovi/BMLmovi/Subject_90_F_MoSh/Subject_90_F_5_stageii.npz,train,537,98,88
BMLmovi,BMLmovi:Subject_90,BMLmovi/BMLmovi/Subject_90_F_MoSh/Subject_90_F_6_stageii.npz,train,985,188,178
BMLmovi,BMLmovi:Subject_90,BMLmovi/BMLmovi/Subject_90_F_MoSh/Subject_90_F_7_stageii.npz,train,921,175,165
BMLmovi,BMLmovi:Subject_90,BMLmovi/BMLmovi/Subject_90_F_MoSh/Subject_90_F_8_stageii.npz,train,681,127,117
BMLmovi,BMLmovi:Subject_90,BMLmovi/BMLmovi/Subject_90_F_MoSh/Subject_90_F_9_stageii.npz,train,609,112,102
BMLmovi,BMLmovi:Subject_09,BMLmovi/BMLmovi/Subject_9_F_MoSh/Subject_9_F_10_stageii.npz,train,373,65,55
BMLmovi,BMLmovi:Subject_09,BMLmovi/BMLmovi/Subject_9_F_MoSh/Subject_9_F_11_stageii.npz,train,1613,313,303
BMLmovi,BMLmovi:Subject_09,BMLmovi/BMLmovi/Subject_9_F_MoSh/Subject_9_F_12_stageii.npz,train,521,95,85
BMLmovi,BMLmovi:Subject_09,BMLmovi/BMLmovi/Subject_9_F_MoSh/Subject_9_F_13_stageii.npz,train,657,122,112
BMLmovi,BMLmovi:Subject_09,BMLmovi/BMLmovi/Subject_9_F_MoSh/Subject_9_F_14_stageii.npz,train,641,119,109
BMLmovi,BMLmovi:Subject_09,BMLmovi/BMLmovi/Subject_9_F_MoSh/Subject_9_F_15_stageii.npz,train,309,52,42
BMLmovi,BMLmovi:Subject_09,BMLmovi/BMLmovi/Subject_9_F_MoSh/Subject_9_F_16_stageii.npz,train,393,69,59
BMLmovi,BMLmovi:Subject_09,BMLmovi/BMLmovi/Subject_9_F_MoSh/Subject_9_F_17_stageii.npz,train,397,70,60
BMLmovi,BMLmovi:Subject_09,BMLmovi/BMLmovi/Subject_9_F_MoSh/Subject_9_F_18_stageii.npz,train,341,59,49
BMLmovi,BMLmovi:Subject_09,BMLmovi/BMLmovi/Subject_9_F_MoSh/Subject_9_F_19_stageii.npz,train,1941,379,369
BMLmovi,BMLmovi:Subject_09,BMLmovi/BMLmovi/Subject_9_F_MoSh/Subject_9_F_1_stageii.npz,train,1061,203,193
BMLmovi,BMLmovi:Subject_09,BMLmovi/BMLmovi/Subject_9_F_MoSh/Subject_9_F_20_stageii.npz,train,1401,271,261
BMLmovi,BMLmovi:Subject_09,BMLmovi/BMLmovi/Subject_9_F_MoSh/Subject_9_F_21_stageii.npz,train,557,102,92
BMLmovi,BMLmovi:Subject_09,BMLmovi/BMLmovi/Subject_9_F_MoSh/Subject_9_F_2_stageii.npz,train,361,63,53
BMLmovi,BMLmovi:Subject_09,BMLmovi/BMLmovi/Subject_9_F_MoSh/Subject_9_F_3_stageii.npz,train,549,100,90
BMLmovi,BMLmovi:Subject_09,BMLmovi/BMLmovi/Subject_9_F_MoSh/Subject_9_F_4_stageii.npz,train,881,167,157
BMLmovi,BMLmovi:Subject_09,BMLmovi/BMLmovi/Subject_9_F_MoSh/Subject_9_F_5_stageii.npz,train,1609,312,302
BMLmovi,BMLmovi:Subject_09,BMLmovi/BMLmovi/Subject_9_F_MoSh/Subject_9_F_6_stageii.npz,train,349,60,50
BMLmovi,BMLmovi:Subject_09,BMLmovi/BMLmovi/Subject_9_F_MoSh/Subject_9_F_7_stageii.npz,train,409,72,62
BMLmovi,BMLmovi:Subject_09,BMLmovi/BMLmovi/Subject_9_F_MoSh/Subject_9_F_8_stageii.npz,train,209,32,22
BMLmovi,BMLmovi:Subject_09,BMLmovi/BMLmovi/Subject_9_F_MoSh/Subject_9_F_9_stageii.npz,train,497,90,80
